{"type" : "FeatureCollection", "features" : [{"type" : "Feature", "geometry" : {"type":"MultiPolygon","coordinates":[[[[-75.558458792,6.31238006],[-75.559330158,6.311103263],[-75.560264406,6.309228239],[-75.560632715,6.307585356],[-75.560812379,6.305004947],[-75.561180688,6.304094212],[-75.557371831,6.303656701],[-75.55691369,6.304871016],[-75.55759641,6.306371048],[-75.557587427,6.307924647],[-75.557838955,6.309781818],[-75.557326915,6.310826474],[-75.556644196,6.311594339],[-75.556581314,6.311978271],[-75.556716061,6.312085415],[-75.557919803,6.312058629],[-75.558458792,6.31238006]]]]}, "properties" : {"id" : 1, "nombre" : "TOSCANA", "comuna" : null, "municipio" : "MEDELLIN"}}, {"type" : "Feature", "geometry" : {"type":"MultiPolygon","coordinates":[[[[-75.564270892,6.308772875],[-75.564073263,6.312138987],[-75.566831091,6.31304078],[-75.567441945,6.312763992],[-75.567522794,6.312585419],[-75.569031963,6.312290774],[-75.570559099,6.311192549],[-75.571655044,6.310924689],[-75.571879623,6.309996107],[-75.57067588,6.309719317],[-75.569005014,6.309049665],[-75.566929906,6.308960378],[-75.565133275,6.307888933],[-75.564270892,6.308772875]]]]}, "properties" : {"id" : 2, "nombre" : "FLORENCIA", "comuna" : null, "municipio" : "MEDELLIN"}}, {"type" : "Feature", "geometry" : {"type":"MultiPolygon","coordinates":[[[[-75.563570206,6.302629889],[-75.562626975,6.303397766],[-75.563103082,6.304049568],[-75.563004268,6.305335312],[-75.563839701,6.306317475],[-75.564216993,6.307040703],[-75.564270892,6.308772875],[-75.566651428,6.306379976],[-75.566938889,6.305871037],[-75.567316181,6.302629889],[-75.567621608,6.301236992],[-75.56637295,6.301844152],[-75.56571718,6.301942369],[-75.564908696,6.301888797],[-75.56423496,6.301549501],[-75.563570206,6.302629889]]]]}, "properties" : {"id" : 3, "nombre" : "BOYACA", "comuna" : null, "municipio" : "MEDELLIN"}}, {"type" : "Feature", "geometry" : {"type":"MultiPolygon","coordinates":[[[[-75.567621608,6.301236992],[-75.567316181,6.302629889],[-75.566938889,6.305871037],[-75.566651428,6.306379976],[-75.565133275,6.307888933],[-75.566929906,6.308960378],[-75.569005014,6.309049665],[-75.57067588,6.309719317],[-75.571879623,6.309996107],[-75.572149117,6.309040736],[-75.572247932,6.307522855],[-75.572050303,6.305246024],[-75.569472138,6.305094235],[-75.569256542,6.304120998],[-75.569211626,6.302719177],[-75.570352487,6.300504827],[-75.569930279,6.300344107],[-75.567621608,6.301236992]]]]}, "properties" : {"id" : 4, "nombre" : "TEJELO", "comuna" : null, "municipio" : "MEDELLIN"}}, {"type" : "Feature", "geometry" : {"type":"MultiPolygon","coordinates":[[[[-75.571655044,6.310924689],[-75.572364713,6.311228264],[-75.573218113,6.311353265],[-75.574673383,6.310871117],[-75.575427968,6.310978261],[-75.576083738,6.311263978],[-75.576955104,6.30818358],[-75.577386296,6.305460314],[-75.578554105,6.30439779],[-75.579048179,6.303576342],[-75.579111061,6.302442383],[-75.578913431,6.30186201],[-75.578248678,6.302942397],[-75.577107818,6.303201332],[-75.576335267,6.30403171],[-75.575751362,6.304433506],[-75.575212373,6.304478149],[-75.574906945,6.303995995],[-75.574089478,6.304835301],[-75.572706073,6.305478172],[-75.572203016,6.306192473],[-75.572149117,6.309040736],[-75.571655044,6.310924689]]]]}, "properties" : {"id" : 5, "nombre" : "SANTANDER", "comuna" : null, "municipio" : "MEDELLIN"}}, {"type" : "Feature", "geometry" : {"type":"MultiPolygon","coordinates":[[[[-75.576083738,6.311263978],[-75.576227469,6.311326479],[-75.576937138,6.31131755],[-75.577754605,6.310942546],[-75.57831156,6.310942546],[-75.581770074,6.309272883],[-75.583045682,6.309344312],[-75.582461777,6.307880004],[-75.582758221,6.307353209],[-75.582237198,6.305549602],[-75.582425844,6.30403171],[-75.58130295,6.303424552],[-75.580278871,6.302504885],[-75.579111061,6.302442383],[-75.579048179,6.303576342],[-75.5788236,6.304049568],[-75.577637824,6.305112093],[-75.577332397,6.305594246],[-75.576955104,6.30818358],[-75.576083738,6.311263978]]]]}, "properties" : {"id" : 6, "nombre" : "DOCE DE OCTUBRE #1", "comuna" : null, "municipio" : "MEDELLIN"}}, {"type" : "Feature", "geometry" : {"type":"MultiPolygon","coordinates":[[[[-75.582237198,6.305549602],[-75.582758221,6.307353209],[-75.582461777,6.307880004],[-75.583045682,6.309344312],[-75.585848425,6.309603244],[-75.585551981,6.308746089],[-75.584644683,6.307469282],[-75.584788413,6.30635319],[-75.584339256,6.304978161],[-75.582425844,6.30403171],[-75.582237198,6.305549602]]]]}, "properties" : {"id" : 7, "nombre" : "PROGRESO #2", "comuna" : null, "municipio" : "MEDELLIN"}}, {"type" : "Feature", "geometry" : {"type":"MultiPolygon","coordinates":[[[[-75.584330273,6.304772799],[-75.584788413,6.30635319],[-75.584644683,6.307469282],[-75.585551981,6.308746089],[-75.585848425,6.309603244],[-75.587366578,6.310058607],[-75.587546241,6.309978249],[-75.587267764,6.308835376],[-75.587213865,6.307174634],[-75.586504196,6.306504979],[-75.586333516,6.305540673],[-75.58563283,6.304263859],[-75.585534015,6.303710274],[-75.584572818,6.303129902],[-75.584330273,6.304772799]]]]}, "properties" : {"id" : 8, "nombre" : "EL TRIUNFO", "comuna" : null, "municipio" : "MEDELLIN"}}, {"type" : "Feature", "geometry" : {"type":"MultiPolygon","coordinates":[[[[-75.582866019,6.302112017],[-75.582542625,6.303263834],[-75.582632457,6.303674559],[-75.582425844,6.30403171],[-75.584339256,6.304978161],[-75.584626717,6.302817394],[-75.584905194,6.302460241],[-75.584087728,6.301728078],[-75.583261277,6.30140664],[-75.582866019,6.302112017]]]]}, "properties" : {"id" : 9, "nombre" : "MIRADOR DEL DOCE", "comuna" : null, "municipio" : "MEDELLIN"}}, {"type" : "Feature", "geometry" : {"type":"MultiPolygon","coordinates":[[[[-75.574906945,6.303995995],[-75.57500576,6.304263859],[-75.575212373,6.304478149],[-75.575751362,6.304433506],[-75.576335267,6.30403171],[-75.577107818,6.303201332],[-75.578248678,6.302942397],[-75.578913431,6.30186201],[-75.579111061,6.302442383],[-75.580278871,6.302504885],[-75.58130295,6.303424552],[-75.582425844,6.30403171],[-75.58261449,6.30351384],[-75.582021602,6.301620932],[-75.582605507,6.298102961],[-75.582919918,6.297210071],[-75.581437697,6.297727947],[-75.58098854,6.297719018],[-75.580494466,6.297567227],[-75.579641067,6.296915417],[-75.579425471,6.296951133],[-75.579173943,6.297745805],[-75.578392409,6.297915454],[-75.577988167,6.298183321],[-75.576694593,6.300897696],[-75.574906945,6.303995995]]]]}, "properties" : {"id" : 10, "nombre" : "DOCE DE OCTUBRE #2", "comuna" : null, "municipio" : "MEDELLIN"}}, {"type" : "Feature", "geometry" : {"type":"MultiPolygon","coordinates":[[[[-75.586064021,6.297736876],[-75.58460875,6.30001374],[-75.584087728,6.301728078],[-75.584905194,6.302460241],[-75.584572818,6.303129902],[-75.585534015,6.303710274],[-75.585839442,6.302960254],[-75.587842685,6.301120917],[-75.588920664,6.299486937],[-75.58993576,6.29835297],[-75.592118666,6.296549331],[-75.591184418,6.29589752],[-75.589504569,6.295415358],[-75.588642186,6.294897479],[-75.586064021,6.297736876]]]]}, "properties" : {"id" : 11, "nombre" : "PICACHITO", "comuna" : null, "municipio" : "MEDELLIN"}}, {"type" : "Feature", "geometry" : {"type":"MultiPolygon","coordinates":[[[[-75.582021602,6.301620932],[-75.582542625,6.303263834],[-75.582866019,6.302112017],[-75.583261277,6.30140664],[-75.584087728,6.301728078],[-75.584474003,6.300299463],[-75.585498083,6.298540476],[-75.586719791,6.296960061],[-75.588642186,6.294897479],[-75.587384545,6.293558135],[-75.586207752,6.293022397],[-75.585668762,6.292584877],[-75.585614864,6.291986635],[-75.58480638,6.2924688],[-75.583943997,6.295710013],[-75.583422974,6.296710052],[-75.582731271,6.297549369],[-75.582605507,6.298102961],[-75.582021602,6.301620932]]]]}, "properties" : {"id" : 12, "nombre" : "PICACHO", "comuna" : null, "municipio" : "MEDELLIN"}}, {"type" : "Feature", "geometry" : {"type":"MultiPolygon","coordinates":[[[[-75.57833851,6.297442222],[-75.579173943,6.297745805],[-75.579425471,6.296951133],[-75.579641067,6.296915417],[-75.58064718,6.297665445],[-75.581437697,6.297727947],[-75.583144496,6.297040422],[-75.584096711,6.295290353],[-75.58480638,6.2924688],[-75.580413618,6.291147308],[-75.57833851,6.297442222]]]]}, "properties" : {"id" : 13, "nombre" : "SAN MARTIN DE PORRES", "comuna" : null, "municipio" : "MEDELLIN"}}, {"type" : "Feature", "geometry" : {"type":"MultiPolygon","coordinates":[[[[-75.572930652,6.298004743],[-75.572903702,6.299120853],[-75.57267014,6.299344075],[-75.571098089,6.299683372],[-75.570819611,6.300299463],[-75.570379436,6.300460182],[-75.569993161,6.301111988],[-75.569211626,6.302719177],[-75.569148744,6.303120973],[-75.569472138,6.305094235],[-75.571915555,6.305156736],[-75.572122168,6.305487101],[-75.572203016,6.306192473],[-75.572876753,6.30534424],[-75.574089478,6.304835301],[-75.574736265,6.304299574],[-75.576694593,6.300897696],[-75.577871386,6.298344041],[-75.578392409,6.297915454],[-75.579173943,6.297745805],[-75.573478624,6.295888591],[-75.572930652,6.298004743]]]]}, "properties" : {"id" : 14, "nombre" : "PEDREGAL", "comuna" : null, "municipio" : "MEDELLIN"}}, {"type" : "Feature", "geometry" : {"type":"MultiPolygon","coordinates":[[[[-75.56423496,6.301549501],[-75.564684117,6.301826295],[-75.565447685,6.301960227],[-75.56637295,6.301844152],[-75.569121795,6.300567329],[-75.569930279,6.300344107],[-75.570352487,6.300504827],[-75.570819611,6.300299463],[-75.571098089,6.299683372],[-75.57267014,6.299344075],[-75.572903702,6.299120853],[-75.572930652,6.298004743],[-75.573379809,6.296602905],[-75.573388792,6.295861804],[-75.570612998,6.294826048],[-75.569831464,6.293709928],[-75.56887925,6.29149554],[-75.566840074,6.298165463],[-75.566301085,6.299272644],[-75.56423496,6.301549501]]]]}, "properties" : {"id" : 15, "nombre" : "GIRARDOT", "comuna" : null, "municipio" : "MEDELLIN"}}, {"type" : "Feature", "geometry" : {"type":"MultiPolygon","coordinates":[[[[-75.561369334,6.297129711],[-75.560866277,6.301040557],[-75.560893227,6.302112017],[-75.560704581,6.302397739],[-75.560111693,6.302728105],[-75.559958979,6.304013853],[-75.561180688,6.304094212],[-75.561602896,6.303754918],[-75.562923419,6.303272763],[-75.563570206,6.302629889],[-75.564702084,6.300915554],[-75.566346001,6.299201213],[-75.565690231,6.297897596],[-75.564657168,6.297576156],[-75.562222734,6.29581716],[-75.561369334,6.297129711]]]]}, "properties" : {"id" : 16, "nombre" : "PLAZA DE FERIAS", "comuna" : null, "municipio" : "MEDELLIN"}}, {"type" : "Feature", "geometry" : {"type":"MultiPolygon","coordinates":[[[[-75.559213377,6.298844058],[-75.55825218,6.301058415],[-75.557371831,6.303656701],[-75.559958979,6.304013853],[-75.560111693,6.302728105],[-75.560704581,6.302397739],[-75.560893227,6.302112017],[-75.560866277,6.301040557],[-75.561369334,6.297129711],[-75.562222734,6.29581716],[-75.561324418,6.295067129],[-75.559213377,6.298844058]]]]}, "properties" : {"id" : 17, "nombre" : "HECTOR ABAD GOMEZ", "comuna" : null, "municipio" : "MEDELLIN"}}, {"type" : "Feature", "geometry" : {"type":"MultiPolygon","coordinates":[[[[-75.562770706,6.293826004],[-75.561324418,6.295067129],[-75.56406428,6.297210071],[-75.564657168,6.297576156],[-75.565690231,6.297897596],[-75.566346001,6.299201213],[-75.566840074,6.298165463],[-75.567289232,6.296656478],[-75.564522421,6.294576037],[-75.563561223,6.293584922],[-75.56306715,6.293370627],[-75.562770706,6.293826004]]]]}, "properties" : {"id" : 18, "nombre" : "BELALCAZAR", "comuna" : null, "municipio" : "MEDELLIN"}}, {"type" : "Feature", "geometry" : {"type":"MultiPolygon","coordinates":[[[[-75.565807012,6.289031129],[-75.565609382,6.289495439],[-75.564243943,6.291138379],[-75.56306715,6.293370627],[-75.563561223,6.293584922],[-75.564522421,6.294576037],[-75.567289232,6.296656478],[-75.569741632,6.288504315],[-75.56922061,6.288334662],[-75.566256169,6.286459557],[-75.565807012,6.289031129]]]]}, "properties" : {"id" : 19, "nombre" : "TRICENTENARIO", "comuna" : null, "municipio" : "MEDELLIN"}}, {"type" : "Feature", "geometry" : {"type":"MultiPolygon","coordinates":[[[[-75.573442691,6.295120703],[-75.573343877,6.295513576],[-75.573478624,6.295888591],[-75.57833851,6.297442222],[-75.580413618,6.291147308],[-75.579560219,6.290825864],[-75.57965005,6.290138329],[-75.579254791,6.289593658],[-75.578832583,6.289299],[-75.57568848,6.288182868],[-75.573442691,6.295120703]]]]}, "properties" : {"id" : 20, "nombre" : "LA ESPERANZA", "comuna" : null, "municipio" : "MEDELLIN"}}, {"type" : "Feature", "geometry" : {"type":"MultiPolygon","coordinates":[[[[-75.56887925,6.29149554],[-75.569831464,6.293709928],[-75.570612998,6.294826048],[-75.573388792,6.295861804],[-75.573442691,6.295120703],[-75.57568848,6.288182868],[-75.570406386,6.286459557],[-75.56887925,6.29149554]]]]}, "properties" : {"id" : 21, "nombre" : "CASTILLA", "comuna" : null, "municipio" : "MEDELLIN"}}, {"type" : "Feature", "geometry" : {"type":"MultiPolygon","coordinates":[[[[-75.568385176,6.284039768],[-75.568124665,6.284361216],[-75.566938889,6.285146979],[-75.566390916,6.285977386],[-75.566256169,6.286459557],[-75.56922061,6.288334662],[-75.569741632,6.288504315],[-75.572122168,6.281334233],[-75.569103829,6.280459173],[-75.568385176,6.284039768]]]]}, "properties" : {"id" : 22, "nombre" : "OLEODUCTO", "comuna" : null, "municipio" : "MEDELLIN"}}, {"type" : "Feature", "geometry" : {"type":"MultiPolygon","coordinates":[[[[-75.570406386,6.286459557],[-75.576856289,6.288611463],[-75.57734138,6.286602422],[-75.577206632,6.286245259],[-75.57150233,6.283236145],[-75.570406386,6.286459557]]]]}, "properties" : {"id" : 23, "nombre" : "FRANCISCO ANTONIO ZEA", "comuna" : null, "municipio" : "MEDELLIN"}}, {"type" : "Feature", "geometry" : {"type":"MultiPolygon","coordinates":[[[[-75.57150233,6.283236145],[-75.577206632,6.286245259],[-75.57734138,6.286602422],[-75.576856289,6.288611463],[-75.57850919,6.28920078],[-75.579389539,6.286941727],[-75.580826843,6.284816602],[-75.578320543,6.283932618],[-75.575131524,6.281923559],[-75.573685237,6.281566392],[-75.572517427,6.281575321],[-75.572122168,6.281334233],[-75.57150233,6.283236145]]]]}, "properties" : {"id" : 24, "nombre" : "ALFONSO LÓPEZ", "comuna" : null, "municipio" : "MEDELLIN"}}, {"type" : "Feature", "geometry" : {"type":"MultiPolygon","coordinates":[[[[-75.579389539,6.286941727],[-75.57850919,6.28920078],[-75.578832583,6.289299],[-75.579578185,6.289906174],[-75.579560219,6.290825864],[-75.58480638,6.2924688],[-75.585614864,6.291986635],[-75.586243684,6.291254456],[-75.586351482,6.290513348],[-75.586908438,6.289513297],[-75.586495212,6.288807902],[-75.585282487,6.288066791],[-75.584959093,6.287620337],[-75.584312306,6.286388124],[-75.583737385,6.285798804],[-75.58312653,6.285450569],[-75.580826843,6.284816602],[-75.579389539,6.286941727]]]]}, "properties" : {"id" : 25, "nombre" : "KENNEDY", "comuna" : null, "municipio" : "MEDELLIN"}}, {"type" : "Feature", "geometry" : {"type":"MultiPolygon","coordinates":[[[[-75.588812866,6.287638195],[-75.588264894,6.288584676],[-75.586522162,6.290200832],[-75.586243684,6.291254456],[-75.585551981,6.292156286],[-75.585668762,6.292584877],[-75.586207752,6.293022397],[-75.587384545,6.293558135],[-75.58842659,6.294745687],[-75.589100327,6.295192134],[-75.591184418,6.29589752],[-75.592118666,6.296549331],[-75.592379178,6.296076099],[-75.592945116,6.295781444],[-75.594256657,6.295611794],[-75.594678865,6.295156418],[-75.596529394,6.295102845],[-75.596080237,6.294147447],[-75.597212114,6.293593851],[-75.595783793,6.292959894],[-75.59423869,6.291834842],[-75.59107662,6.28816501],[-75.590699328,6.287575692],[-75.590771193,6.286066677],[-75.588812866,6.287638195]]]]}, "properties" : {"id" : 26, "nombre" : "AURES #2", "comuna" : null, "municipio" : "MEDELLIN"}}, {"type" : "Feature", "geometry" : {"type":"MultiPolygon","coordinates":[[[[-75.592217481,6.282753971],[-75.591184418,6.285655938],[-75.590771193,6.286066677],[-75.590699328,6.287575692],[-75.59423869,6.291834842],[-75.595783793,6.292959894],[-75.597364827,6.293656354],[-75.599008744,6.295299281],[-75.600032824,6.296683265],[-75.600841308,6.29564751],[-75.601515044,6.295317139],[-75.600571813,6.293718857],[-75.59973638,6.291093734],[-75.599278239,6.2901294],[-75.597095333,6.287647125],[-75.59674499,6.286548848],[-75.59606227,6.282593246],[-75.594364454,6.280075218],[-75.592217481,6.282753971]]]]}, "properties" : {"id" : 27, "nombre" : "AURES #1", "comuna" : null, "municipio" : "MEDELLIN"}}, {"type" : "Feature", "geometry" : {"type":"MultiPolygon","coordinates":[[[[-75.58594724,6.28223608],[-75.584554851,6.282968271],[-75.58443807,6.283441515],[-75.584752481,6.286709571],[-75.584959093,6.287620337],[-75.585282487,6.288066791],[-75.586495212,6.288807902],[-75.586908438,6.289513297],[-75.586692842,6.289995465],[-75.588264894,6.288584676],[-75.588812866,6.287638195],[-75.590771193,6.286066677],[-75.59061848,6.285263057],[-75.590169322,6.284638019],[-75.588776933,6.283780823],[-75.587851669,6.283021845],[-75.587339629,6.282075355],[-75.587088101,6.281164579],[-75.58594724,6.28223608]]]]}, "properties" : {"id" : 28, "nombre" : "EL DIAMANTE", "comuna" : null, "municipio" : "MEDELLIN"}}, {"type" : "Feature", "geometry" : {"type":"MultiPolygon","coordinates":[[[[-75.578320543,6.283932618],[-75.581608377,6.285093404],[-75.58312653,6.285450569],[-75.584132643,6.28612918],[-75.584959093,6.287620337],[-75.584518919,6.284557657],[-75.579434454,6.280557394],[-75.578320543,6.283932618]]]]}, "properties" : {"id" : 29, "nombre" : "LUIS LÓPEZ DE MESA", "comuna" : null, "municipio" : "MEDELLIN"}}, {"type" : "Feature", "geometry" : {"type":"MultiPolygon","coordinates":[[[[-75.575131524,6.281923559],[-75.578320543,6.283932618],[-75.579434454,6.280557394],[-75.5771707,6.278816199],[-75.575607631,6.277601823],[-75.574547619,6.278717977],[-75.575706446,6.279798412],[-75.575275255,6.280253802],[-75.575248305,6.281280658],[-75.575131524,6.281378879],[-75.574682367,6.281289588],[-75.572768955,6.280753836],[-75.57249946,6.28082527],[-75.572122168,6.281334233],[-75.572517427,6.281575321],[-75.573685237,6.281566392],[-75.575131524,6.281923559]]]]}, "properties" : {"id" : 30, "nombre" : "CÓRDOBA", "comuna" : null, "municipio" : "MEDELLIN"}}, {"type" : "Feature", "geometry" : {"type":"MultiPolygon","coordinates":[[[[-75.572903702,6.27970912],[-75.57284082,6.280762766],[-75.575131524,6.281378879],[-75.575248305,6.281280658],[-75.575275255,6.280253802],[-75.575706446,6.279798412],[-75.574547619,6.278717977],[-75.575580682,6.277619682],[-75.574700333,6.277057139],[-75.573784051,6.276699969],[-75.572903702,6.27970912]]]]}, "properties" : {"id" : 31, "nombre" : "CEMENTERIO UNIVERSAL", "comuna" : null, "municipio" : "MEDELLIN"}}, {"type" : "Feature", "geometry" : {"type":"MultiPolygon","coordinates":[[[[-75.569103829,6.280459173],[-75.572122168,6.281334233],[-75.57249946,6.28082527],[-75.57284082,6.280762766],[-75.572903702,6.27970912],[-75.573784051,6.276699969],[-75.57284082,6.276173143],[-75.571493347,6.276414233],[-75.570082992,6.275878477],[-75.569103829,6.280459173]]]]}, "properties" : {"id" : 32, "nombre" : "TERMINAL DE TRANSPORTE", "comuna" : null, "municipio" : "MEDELLIN"}}, {"type" : "Feature", "geometry" : {"type":"MultiPolygon","coordinates":[[[[-75.573784051,6.276699969],[-75.57415236,6.275074841],[-75.576398149,6.270002982],[-75.577062902,6.268172458],[-75.577089851,6.267761705],[-75.576470014,6.266413362],[-75.575365086,6.265216816],[-75.575014743,6.265127522],[-75.574808131,6.265493629],[-75.574403889,6.265699007],[-75.572993534,6.265279323],[-75.572382679,6.265270393],[-75.570082992,6.275878477],[-75.571493347,6.276414233],[-75.57284082,6.276173143],[-75.573784051,6.276699969]]]]}, "properties" : {"id" : 33, "nombre" : "CARIBE", "comuna" : null, "municipio" : "MEDELLIN"}}, {"type" : "Feature", "geometry" : {"type":"MultiPolygon","coordinates":[[[[-75.573972697,6.275655245],[-75.580198022,6.273333628],[-75.580180056,6.272922879],[-75.579802764,6.272413907],[-75.576847306,6.269913689],[-75.576694593,6.269672595],[-75.576703576,6.269136832],[-75.573972697,6.275655245]]]]}, "properties" : {"id" : 34, "nombre" : "EVERFIT", "comuna" : null, "municipio" : "MEDELLIN"}}, {"type" : "Feature", "geometry" : {"type":"MultiPolygon","coordinates":[[[[-75.573972697,6.275655245],[-75.573784051,6.276699969],[-75.575104575,6.277271441],[-75.5771707,6.278816199],[-75.578751735,6.277494672],[-75.5788236,6.277298229],[-75.578590038,6.276869625],[-75.578949364,6.276262435],[-75.579245808,6.274815892],[-75.580144123,6.27356579],[-75.580198022,6.273333628],[-75.573972697,6.275655245]]]]}, "properties" : {"id" : 35, "nombre" : "EL PROGRESO", "comuna" : null, "municipio" : "MEDELLIN"}}, {"type" : "Feature", "geometry" : {"type":"MultiPolygon","coordinates":[[[[-75.578590038,6.276869625],[-75.5788236,6.277298229],[-75.578751735,6.277494672],[-75.5771707,6.278816199],[-75.584518919,6.284557657],[-75.58443807,6.283441515],[-75.584554851,6.282968271],[-75.586162836,6.282057496],[-75.58563283,6.281611038],[-75.585012992,6.281405667],[-75.583683486,6.279360881],[-75.581042439,6.276682111],[-75.579021229,6.275940982],[-75.578590038,6.276869625]]]]}, "properties" : {"id" : 36, "nombre" : "ALTAMIRA", "comuna" : null, "municipio" : "MEDELLIN"}}, {"type" : "Feature", "geometry" : {"type":"MultiPolygon","coordinates":[[[[-75.57933564,6.274610518],[-75.579021229,6.275940982],[-75.581042439,6.276682111],[-75.583683486,6.279360881],[-75.585012992,6.281405667],[-75.58563283,6.281611038],[-75.586162836,6.282057496],[-75.587088101,6.281164579],[-75.587043185,6.280432386],[-75.586576061,6.279860917],[-75.586369448,6.278700119],[-75.585731645,6.278200082],[-75.584402138,6.278012568],[-75.583701452,6.277360734],[-75.582497709,6.275235569],[-75.582246181,6.273735447],[-75.580144123,6.27356579],[-75.57933564,6.274610518]]]]}, "properties" : {"id" : 37, "nombre" : "BOSQUES DE SAN PABLO", "comuna" : null, "municipio" : "MEDELLIN"}}, {"type" : "Feature", "geometry" : {"type":"MultiPolygon","coordinates":[[[[-75.587088101,6.281164579],[-75.587492342,6.28245038],[-75.588031332,6.283218287],[-75.590340002,6.284825531],[-75.590735261,6.285566647],[-75.590771193,6.286066677],[-75.591184418,6.285655938],[-75.592064767,6.283111137],[-75.590744244,6.281486029],[-75.588929647,6.280593111],[-75.587743871,6.279468032],[-75.587088101,6.281164579]]]]}, "properties" : {"id" : 38, "nombre" : "BELLO HORIZONTE", "comuna" : null, "municipio" : "MEDELLIN"}}, {"type" : "Feature", "geometry" : {"type":"MultiPolygon","coordinates":[[[[-75.589010495,6.278271516],[-75.58811218,6.278735836],[-75.587743871,6.279468032],[-75.588929647,6.280593111],[-75.590744244,6.281486029],[-75.592064767,6.283111137],[-75.594364454,6.280075218],[-75.593555971,6.278950137],[-75.59224443,6.278842987],[-75.591894087,6.278396525],[-75.590528648,6.278200082],[-75.589639316,6.277557177],[-75.589010495,6.278271516]]]]}, "properties" : {"id" : 39, "nombre" : "VILLA FLORA", "comuna" : null, "municipio" : "MEDELLIN"}}, {"type" : "Feature", "geometry" : {"type":"MultiPolygon","coordinates":[[[[-75.584141626,6.277842913],[-75.584402138,6.278012568],[-75.585731645,6.278200082],[-75.586369448,6.278700119],[-75.586576061,6.279860917],[-75.587043185,6.280432386],[-75.587088101,6.281164579],[-75.588004382,6.278887633],[-75.589288973,6.278021498],[-75.590366951,6.276146355],[-75.589244057,6.276387445],[-75.586881488,6.276423162],[-75.585713678,6.276065991],[-75.585551981,6.275940982],[-75.585812493,6.274378357],[-75.585192655,6.273181829],[-75.583665519,6.273628295],[-75.582246181,6.273735447],[-75.582497709,6.275235569],[-75.582866019,6.276039203],[-75.584141626,6.277842913]]]]}, "properties" : {"id" : 40, "nombre" : "LA PILARICA", "comuna" : null, "municipio" : "MEDELLIN"}}, {"type" : "Feature", "geometry" : {"type":"MultiPolygon","coordinates":[[[[-75.600571813,6.293718857],[-75.601515044,6.295317139],[-75.60187437,6.295040342],[-75.602368444,6.294254595],[-75.603904563,6.294201021],[-75.604443552,6.293700999],[-75.605252036,6.293924223],[-75.605916789,6.294826048],[-75.606015604,6.293942081],[-75.606365947,6.293093829],[-75.606330014,6.292513445],[-75.605270002,6.290906225],[-75.603994394,6.289727594],[-75.603140995,6.288575747],[-75.602602006,6.287629266],[-75.601604876,6.285245199],[-75.601119785,6.28533449],[-75.600616729,6.284798743],[-75.600212487,6.284611232],[-75.5995657,6.284861247],[-75.597463642,6.284548728],[-75.596906687,6.284602303],[-75.596475495,6.284825531],[-75.59674499,6.286548848],[-75.597095333,6.287647125],[-75.599278239,6.2901294],[-75.59973638,6.291093734],[-75.600571813,6.293718857]]]]}, "properties" : {"id" : 41, "nombre" : "MONTECLARO", "comuna" : null, "municipio" : "MEDELLIN"}}, {"type" : "Feature", "geometry" : {"type":"MultiPolygon","coordinates":[[[[-75.606015604,6.293942081],[-75.605925772,6.294834976],[-75.606276115,6.294772474],[-75.606958835,6.294013513],[-75.607659521,6.293790289],[-75.608378173,6.293683141],[-75.609150724,6.294093873],[-75.609402252,6.294004584],[-75.609716663,6.293049184],[-75.610075989,6.292567019],[-75.61065091,6.292817031],[-75.611836687,6.292415226],[-75.611935501,6.291281243],[-75.612636187,6.290209761],[-75.614271121,6.290200832],[-75.614513666,6.290057968],[-75.614531633,6.289807955],[-75.614280104,6.289477581],[-75.61432502,6.289227568],[-75.615232318,6.288504315],[-75.616040802,6.288245372],[-75.616777421,6.288236443],[-75.616849286,6.288084649],[-75.612339743,6.284754098],[-75.611854653,6.284111201],[-75.611225832,6.282664679],[-75.610902439,6.282798617],[-75.610399382,6.2823343],[-75.609384286,6.281816409],[-75.608782415,6.281869984],[-75.607165447,6.281566392],[-75.605063389,6.281932488],[-75.605126271,6.282646821],[-75.60420999,6.2829772],[-75.604201007,6.283173641],[-75.604820844,6.283771894],[-75.604946608,6.284468366],[-75.604784912,6.284745169],[-75.603509304,6.284343358],[-75.602377427,6.284182634],[-75.602089966,6.284379074],[-75.601604876,6.285245199],[-75.602602006,6.287629266],[-75.603140995,6.288575747],[-75.603994394,6.289727594],[-75.605270002,6.290906225],[-75.606330014,6.292513445],[-75.606365947,6.293093829],[-75.606015604,6.293942081]]]]}, "properties" : {"id" : 42, "nombre" : "PAJARITO", "comuna" : null, "municipio" : "MEDELLIN"}}, {"type" : "Feature", "geometry" : {"type":"MultiPolygon","coordinates":[[[[-75.60136233,6.284879105],[-75.601604876,6.285245199],[-75.602089966,6.284379074],[-75.602377427,6.284182634],[-75.603509304,6.284343358],[-75.604784912,6.284745169],[-75.604946608,6.284468366],[-75.604820844,6.283771894],[-75.604201007,6.283173641],[-75.60420999,6.2829772],[-75.605126271,6.282646821],[-75.605063389,6.281932488],[-75.607165447,6.281566392],[-75.608782415,6.281869984],[-75.609384286,6.281816409],[-75.610399382,6.2823343],[-75.610902439,6.282798617],[-75.611225832,6.282664679],[-75.610264635,6.280503819],[-75.609321404,6.279360881],[-75.608953095,6.279619828],[-75.60802783,6.279575182],[-75.607102565,6.279887704],[-75.606644424,6.279628757],[-75.606168317,6.278976925],[-75.605898823,6.278878703],[-75.604659148,6.278450101],[-75.602979298,6.278673331],[-75.601712673,6.278021498],[-75.601425213,6.278280445],[-75.600472998,6.279843058],[-75.600014858,6.279950209],[-75.599718413,6.279691262],[-75.599484852,6.279155509],[-75.599583666,6.278494747],[-75.598335008,6.277414309],[-75.596942619,6.279441244],[-75.597652288,6.281637825],[-75.598352974,6.282950412],[-75.599125525,6.283637956],[-75.60136233,6.284879105]]]]}, "properties" : {"id" : 43, "nombre" : "EL CUCARACHO", "comuna" : null, "municipio" : "MEDELLIN"}}, {"type" : "Feature", "geometry" : {"type":"MultiPolygon","coordinates":[[[[-75.600616729,6.284798743],[-75.601119785,6.28533449],[-75.601506061,6.285325561],[-75.601604876,6.285245199],[-75.60136233,6.284879105],[-75.599125525,6.283637956],[-75.598352974,6.282950412],[-75.597652288,6.281637825],[-75.596286849,6.277744691],[-75.593906314,6.275315932],[-75.593484105,6.274574801],[-75.593430206,6.274012255],[-75.592010868,6.275128417],[-75.590366951,6.276146355],[-75.589639316,6.277557177],[-75.590528648,6.278200082],[-75.591894087,6.278396525],[-75.59224443,6.278842987],[-75.593555971,6.278950137],[-75.595927523,6.282289655],[-75.596170068,6.282905767],[-75.596475495,6.284825531],[-75.596906687,6.284602303],[-75.597463642,6.284548728],[-75.5995657,6.284861247],[-75.600212487,6.284611232],[-75.600616729,6.284798743]]]]}, "properties" : {"id" : 44, "nombre" : "PALENQUE", "comuna" : null, "municipio" : "MEDELLIN"}}, {"type" : "Feature", "geometry" : {"type":"MultiPolygon","coordinates":[[[[-75.599583666,6.278494747],[-75.599439936,6.278950137],[-75.599601632,6.279441244],[-75.599844178,6.279869846],[-75.600194521,6.279968067],[-75.600670628,6.279584111],[-75.601550977,6.278101861],[-75.602170814,6.277682187],[-75.602979298,6.277441097],[-75.603060146,6.277262512],[-75.602907433,6.277092856],[-75.601946235,6.276941059],[-75.601739623,6.276789262],[-75.601640808,6.276414233],[-75.602835568,6.275771325],[-75.603015231,6.275503447],[-75.599942992,6.274673023],[-75.596565327,6.272860374],[-75.595586163,6.272860374],[-75.594382421,6.271833501],[-75.593493089,6.273396133],[-75.593484105,6.274574801],[-75.593906314,6.275315932],[-75.596286849,6.277744691],[-75.596942619,6.279441244],[-75.598335008,6.277414309],[-75.599583666,6.278494747]]]]}, "properties" : {"id" : 45, "nombre" : "ROBLEDO", "comuna" : null, "municipio" : "MEDELLIN"}}, {"type" : "Feature", "geometry" : {"type":"MultiPolygon","coordinates":[[[[-75.585812493,6.274378357],[-75.585551981,6.275940982],[-75.586881488,6.276423162],[-75.589244057,6.276387445],[-75.590366951,6.276146355],[-75.592010868,6.275128417],[-75.593430206,6.274012255],[-75.593493089,6.273396133],[-75.590950856,6.272351402],[-75.589549484,6.272922879],[-75.588228961,6.273199688],[-75.58697132,6.272860374],[-75.585650796,6.273021102],[-75.585192655,6.273181829],[-75.585812493,6.274378357]]]]}, "properties" : {"id" : 46, "nombre" : "UNIVERSIDAD NACIONAL FACULTAD DE MINAS", "comuna" : null, "municipio" : "MEDELLIN"}}, {"type" : "Feature", "geometry" : {"type":"MultiPolygon","coordinates":[[[[-75.588228961,6.273199688],[-75.589549484,6.272922879],[-75.590950856,6.272351402],[-75.589486602,6.271672772],[-75.588264894,6.270797696],[-75.587761837,6.270217287],[-75.587366578,6.271029859],[-75.586881488,6.271262022],[-75.585399268,6.271449539],[-75.584617734,6.271887077],[-75.585192655,6.273181829],[-75.58697132,6.272860374],[-75.588228961,6.273199688]]]]}, "properties" : {"id" : 47, "nombre" : "LICEO U. DE A.", "comuna" : null, "municipio" : "MEDELLIN"}}, {"type" : "Feature", "geometry" : {"type":"MultiPolygon","coordinates":[[[[-75.577449178,6.254215612],[-75.579946494,6.255635423],[-75.583854166,6.257340978],[-75.586207752,6.25857326],[-75.588031332,6.255197872],[-75.587851669,6.253813778],[-75.587339629,6.253715552],[-75.586108937,6.253126194],[-75.58412366,6.253331576],[-75.582192282,6.253170843],[-75.579191909,6.250938423],[-75.577449178,6.254215612]]]]}, "properties" : {"id" : 69, "nombre" : "SURAMERICANA", "comuna" : null, "municipio" : "MEDELLIN"}}, {"type" : "Feature", "geometry" : {"type":"MultiPolygon","coordinates":[[[[-75.580027342,6.272672858],[-75.580233955,6.273190759],[-75.580144123,6.27356579],[-75.582246181,6.273735447],[-75.583665519,6.273628295],[-75.585192655,6.273181829],[-75.584240441,6.271208446],[-75.584195525,6.270770908],[-75.58477943,6.27031551],[-75.585408251,6.270386945],[-75.585668762,6.270253005],[-75.585731645,6.269806536],[-75.584959093,6.269395785],[-75.584042812,6.269592231],[-75.583917048,6.269502937],[-75.58415061,6.269127903],[-75.584105694,6.268484987],[-75.584896211,6.268252822],[-75.584402138,6.267324163],[-75.585057908,6.266636598],[-75.585021975,6.266181197],[-75.584366205,6.265279323],[-75.58432129,6.264975721],[-75.586261651,6.263555935],[-75.585525032,6.262814787],[-75.584959093,6.261796824],[-75.583692469,6.260716352],[-75.581249051,6.259332272],[-75.580224972,6.259091174],[-75.579721915,6.262332594],[-75.579227842,6.263421993],[-75.577772571,6.265582924],[-75.576694593,6.269235056],[-75.576694593,6.269672595],[-75.576847306,6.269913689],[-75.580027342,6.272672858]]]]}, "properties" : {"id" : 48, "nombre" : "CERRO EL VOLADOR", "comuna" : null, "municipio" : "MEDELLIN"}}, {"type" : "Feature", "geometry" : {"type":"MultiPolygon","coordinates":[[[[-75.575365086,6.265216816],[-75.576470014,6.266413362],[-75.577080868,6.267886717],[-75.577772571,6.265582924],[-75.579227842,6.263421993],[-75.579721915,6.262332594],[-75.580224972,6.259091174],[-75.577125784,6.259091174],[-75.574269141,6.260028777],[-75.573658287,6.261261053],[-75.572382679,6.265270393],[-75.572993534,6.265279323],[-75.574403889,6.265699007],[-75.574808131,6.265493629],[-75.575014743,6.265127522],[-75.575365086,6.265216816]]]]}, "properties" : {"id" : 49, "nombre" : "UNIVERSIDAD NACIONAL", "comuna" : null, "municipio" : "MEDELLIN"}}, {"type" : "Feature", "geometry" : {"type":"MultiPolygon","coordinates":[[[[-75.581249051,6.259332272],[-75.582255164,6.259841257],[-75.583692469,6.260716352],[-75.584734515,6.261573586],[-75.586207752,6.25857326],[-75.583854166,6.257340978],[-75.579946494,6.255635423],[-75.577449178,6.254215612],[-75.574269141,6.260028777],[-75.577125784,6.259091174],[-75.580224972,6.259091174],[-75.581249051,6.259332272]]]]}, "properties" : {"id" : 50, "nombre" : "CARLOS E. RESTREPO", "comuna" : null, "municipio" : "MEDELLIN"}}, {"type" : "Feature", "geometry" : {"type":"MultiPolygon","coordinates":[[[[-75.59244206,6.265440053],[-75.593744617,6.262787999],[-75.593124779,6.262421889],[-75.593376308,6.261948626],[-75.593232577,6.261877189],[-75.586207752,6.25857326],[-75.584734515,6.261573586],[-75.585525032,6.262814787],[-75.586647926,6.264118492],[-75.587869635,6.262457607],[-75.59244206,6.265440053]]]]}, "properties" : {"id" : 51, "nombre" : "CUARTA BRIGADA", "comuna" : null, "municipio" : "MEDELLIN"}}, {"type" : "Feature", "geometry" : {"type":"MultiPolygon","coordinates":[[[[-75.588264894,6.270797696],[-75.589486602,6.271672772],[-75.593493089,6.273396133],[-75.594382421,6.271833501],[-75.59326851,6.270253005],[-75.591633576,6.268351046],[-75.589558468,6.26706521],[-75.587716921,6.265565065],[-75.586261651,6.263555935],[-75.58432129,6.264975721],[-75.584366205,6.265279323],[-75.585021975,6.266181197],[-75.585057908,6.266636598],[-75.584402138,6.267324163],[-75.584896211,6.268252822],[-75.584105694,6.268484987],[-75.58415061,6.269127903],[-75.583917048,6.269502937],[-75.584042812,6.269592231],[-75.584770447,6.269368996],[-75.585273504,6.269494008],[-75.585731645,6.269806536],[-75.585758594,6.270101205],[-75.585408251,6.270386945],[-75.584545868,6.270395875],[-75.584195525,6.270770908],[-75.584240441,6.271208446],[-75.584617734,6.271887077],[-75.585399268,6.271449539],[-75.586881488,6.271262022],[-75.587366578,6.271029859],[-75.587761837,6.270217287],[-75.588264894,6.270797696]]]]}, "properties" : {"id" : 52, "nombre" : "SAN GERMAN", "comuna" : null, "municipio" : "MEDELLIN"}}, {"type" : "Feature", "geometry" : {"type":"MultiPolygon","coordinates":[[[[-75.587716921,6.265565065],[-75.589558468,6.26706521],[-75.591633576,6.268351046],[-75.59326851,6.270253005],[-75.594382421,6.271833501],[-75.595325652,6.270449451],[-75.596834821,6.263672018],[-75.593376308,6.261948626],[-75.593124779,6.262421889],[-75.593744617,6.262787999],[-75.59244206,6.265440053],[-75.587869635,6.262457607],[-75.586647926,6.264118492],[-75.587025219,6.264770343],[-75.587716921,6.265565065]]]]}, "properties" : {"id" : 53, "nombre" : "LOS COLORES", "comuna" : null, "municipio" : "MEDELLIN"}}, {"type" : "Feature", "geometry" : {"type":"MultiPolygon","coordinates":[[[[-75.595190904,6.270770908],[-75.595667012,6.272119239],[-75.596762956,6.271806712],[-75.596924653,6.27170849],[-75.596987535,6.271270952],[-75.59771517,6.271253093],[-75.598038564,6.271083435],[-75.597984665,6.269770819],[-75.598146362,6.269717242],[-75.598469755,6.2700387],[-75.598595519,6.269833324],[-75.598559587,6.268958245],[-75.598730267,6.268672504],[-75.599152475,6.267931364],[-75.598406873,6.266100832],[-75.59688872,6.266315138],[-75.596295832,6.266172267],[-75.595190904,6.270770908]]]]}, "properties" : {"id" : 54, "nombre" : "FERRINI", "comuna" : null, "municipio" : "MEDELLIN"}}, {"type" : "Feature", "geometry" : {"type":"MultiPolygon","coordinates":[[[[-75.595325652,6.272744293],[-75.596565327,6.272860374],[-75.597391777,6.273199688],[-75.599942992,6.274673023],[-75.603033197,6.275512376],[-75.603419472,6.275494518],[-75.60318591,6.274119407],[-75.603482355,6.272324614],[-75.602404376,6.272529989],[-75.600760459,6.271922794],[-75.60136233,6.271387033],[-75.601317415,6.270699473],[-75.600643678,6.270824484],[-75.599790279,6.270547674],[-75.598730267,6.268672504],[-75.598559587,6.268958245],[-75.598595519,6.269833324],[-75.598469755,6.2700387],[-75.598146362,6.269717242],[-75.597984665,6.269770819],[-75.598065513,6.270761978],[-75.597930766,6.271172729],[-75.596987535,6.271270952],[-75.596924653,6.27170849],[-75.596762956,6.271806712],[-75.595667012,6.272119239],[-75.595190904,6.270770908],[-75.594382421,6.271833501],[-75.595325652,6.272744293]]]]}, "properties" : {"id" : 55, "nombre" : "EL PESEBRE", "comuna" : null, "municipio" : "MEDELLIN"}}, {"type" : "Feature", "geometry" : {"type":"MultiPolygon","coordinates":[[[[-75.606644424,6.279628757],[-75.607102565,6.279887704],[-75.60802783,6.279575182],[-75.608953095,6.279619828],[-75.609321404,6.279360881],[-75.608575802,6.278316162],[-75.608225459,6.276896413],[-75.607911049,6.276476738],[-75.606285098,6.276432091],[-75.604335754,6.275289144],[-75.603419472,6.275494518],[-75.603015231,6.275503447],[-75.602835568,6.275771325],[-75.601640808,6.276414233],[-75.601739623,6.276789262],[-75.601946235,6.276941059],[-75.602907433,6.277092856],[-75.603060146,6.277262512],[-75.602979298,6.277441097],[-75.602170814,6.277682187],[-75.601712673,6.278021498],[-75.602979298,6.278673331],[-75.604659148,6.278450101],[-75.605898823,6.278878703],[-75.606168317,6.278976925],[-75.606644424,6.279628757]]]]}, "properties" : {"id" : 56, "nombre" : "FUENTE CLARA", "comuna" : null, "municipio" : "MEDELLIN"}}, {"type" : "Feature", "geometry" : {"type":"MultiPolygon","coordinates":[[[[-75.606285098,6.276432091],[-75.607911049,6.276476738],[-75.607605622,6.276262435],[-75.607506807,6.275976699],[-75.607695453,6.272172815],[-75.603922529,6.272208533],[-75.603482355,6.272324614],[-75.60318591,6.274119407],[-75.603419472,6.275494518],[-75.604335754,6.275289144],[-75.606285098,6.276432091]]]]}, "properties" : {"id" : 57, "nombre" : "BLANQUIZAL", "comuna" : null, "municipio" : "MEDELLIN"}}, {"type" : "Feature", "geometry" : {"type":"MultiPolygon","coordinates":[[[[-75.615142487,6.286709571],[-75.616849286,6.288084649],[-75.616714539,6.287352465],[-75.616903185,6.286781004],[-75.61731641,6.286397053],[-75.618403371,6.286066677],[-75.619211855,6.286102393],[-75.620325766,6.286638139],[-75.62062221,6.287066735],[-75.620487463,6.287647125],[-75.620595261,6.287763202],[-75.621224081,6.287316749],[-75.622194262,6.287923926],[-75.622634436,6.287370323],[-75.622975796,6.287182813],[-75.623739364,6.287343536],[-75.624493949,6.287906067],[-75.624916157,6.28730782],[-75.625859388,6.287718557],[-75.626461259,6.287656054],[-75.62660499,6.287459614],[-75.626560074,6.286897082],[-75.624655646,6.282370017],[-75.624565814,6.280575253],[-75.623406988,6.279209085],[-75.622391891,6.278700119],[-75.621592391,6.278664402],[-75.621565441,6.278369738],[-75.62113425,6.27822687],[-75.619086091,6.278441171],[-75.618834563,6.278646544],[-75.618403371,6.279789483],[-75.617954214,6.279476961],[-75.617064882,6.279280518],[-75.616624707,6.279539465],[-75.616202499,6.280441315],[-75.615645543,6.279789483],[-75.614899942,6.279700191],[-75.614441801,6.280057359],[-75.613561452,6.280057359],[-75.612708052,6.280432386],[-75.612079232,6.280869916],[-75.611225832,6.282664679],[-75.611962451,6.284307641],[-75.613085345,6.285370207],[-75.615142487,6.286709571]]]]}, "properties" : {"id" : 58, "nombre" : "NAZARET", "comuna" : null, "municipio" : "MEDELLIN"}}, {"type" : "Feature", "geometry" : {"type":"MultiPolygon","coordinates":[[[[-75.610264635,6.280503819],[-75.611225832,6.282664679],[-75.612079232,6.280869916],[-75.613211109,6.28016451],[-75.614441801,6.280057359],[-75.614738245,6.279735908],[-75.615411981,6.279726979],[-75.615645543,6.279789483],[-75.616202499,6.280441315],[-75.616624707,6.279539465],[-75.617064882,6.279280518],[-75.617954214,6.279476961],[-75.618403371,6.279789483],[-75.618834563,6.278646544],[-75.619086091,6.278441171],[-75.62113425,6.27822687],[-75.621565441,6.278369738],[-75.62230206,6.275119488],[-75.62096357,6.273806881],[-75.619813726,6.272922879],[-75.619122024,6.272851444],[-75.616768438,6.273056819],[-75.61517842,6.27382474],[-75.612213979,6.274949831],[-75.610453281,6.276173143],[-75.608953095,6.27656603],[-75.607911049,6.276476738],[-75.608225459,6.276896413],[-75.608575802,6.278316162],[-75.610264635,6.280503819]]]]}, "properties" : {"id" : 59, "nombre" : "SANTA MARGARITA", "comuna" : null, "municipio" : "MEDELLIN"}}, {"type" : "Feature", "geometry" : {"type":"MultiPolygon","coordinates":[[[[-75.616094701,6.270002982],[-75.614531633,6.27074412],[-75.61366925,6.271092365],[-75.610273618,6.271994229],[-75.607695453,6.272172815],[-75.607506807,6.275976699],[-75.607605622,6.276262435],[-75.607911049,6.276476738],[-75.608953095,6.27656603],[-75.609914292,6.276351728],[-75.610453281,6.276173143],[-75.612213979,6.274949831],[-75.61517842,6.27382474],[-75.616364196,6.273181829],[-75.617163696,6.272985384],[-75.619122024,6.272851444],[-75.6203078,6.269958335],[-75.617990146,6.269726172],[-75.616094701,6.270002982]]]]}, "properties" : {"id" : 60, "nombre" : "OLAYA HERRERA", "comuna" : null, "municipio" : "MEDELLIN"}}, {"type" : "Feature", "geometry" : {"type":"MultiPolygon","coordinates":[[[[-75.618079978,6.264895356],[-75.61911304,6.266833045],[-75.620631193,6.269002892],[-75.621215098,6.270119064],[-75.624017842,6.271262022],[-75.62492514,6.271806712],[-75.625158702,6.271788854],[-75.625482096,6.270842343],[-75.625491079,6.270011912],[-75.625482096,6.269485078],[-75.625077854,6.26813674],[-75.623730381,6.265690077],[-75.622005616,6.263600582],[-75.621493576,6.263752384],[-75.620730008,6.263386275],[-75.620352716,6.263404134],[-75.620083221,6.264029197],[-75.619678979,6.264359588],[-75.619364569,6.264234575],[-75.619175923,6.263966691],[-75.619014226,6.263243403],[-75.618843546,6.263136249],[-75.618277607,6.263243403],[-75.617307427,6.263055884],[-75.618079978,6.264895356]]]]}, "properties" : {"id" : 61, "nombre" : "LA GABRIELA", "comuna" : null, "municipio" : "MEDELLIN"}}, {"type" : "Feature", "geometry" : {"type":"MultiPolygon","coordinates":[[[[-75.614531633,6.27074412],[-75.616094701,6.270002982],[-75.617990146,6.269726172],[-75.621215098,6.270119064],[-75.620631193,6.269002892],[-75.61911304,6.266833045],[-75.618079978,6.264895356],[-75.617280477,6.262975518],[-75.616022836,6.260814576],[-75.615843173,6.261037815],[-75.615277234,6.261162828],[-75.614962824,6.263654159],[-75.614450784,6.263895255],[-75.613830947,6.262502255],[-75.613318907,6.262127216],[-75.611486344,6.264573895],[-75.611953468,6.267083069],[-75.612896699,6.268601069],[-75.614531633,6.27074412]]]]}, "properties" : {"id" : 62, "nombre" : "JUAN XXIII - LA QUIEBRA", "comuna" : null, "municipio" : "MEDELLIN"}}, {"type" : "Feature", "geometry" : {"type":"MultiPolygon","coordinates":[[[[-75.606886969,6.263020166],[-75.61136058,6.271645984],[-75.61366925,6.271092365],[-75.614531633,6.27074412],[-75.612896699,6.268601069],[-75.611854653,6.266895551],[-75.611423462,6.26432387],[-75.610695826,6.263216615],[-75.609159707,6.261966485],[-75.608836314,6.262368312],[-75.608414105,6.26204685],[-75.6078302,6.262600479],[-75.607479858,6.26223437],[-75.606886969,6.263020166]]]]}, "properties" : {"id" : 63, "nombre" : "METROPOLITANO", "comuna" : null, "municipio" : "MEDELLIN"}}, {"type" : "Feature", "geometry" : {"type":"MultiPolygon","coordinates":[[[[-75.60270082,6.272547847],[-75.603922529,6.272208533],[-75.606734256,6.272226391],[-75.610273618,6.271994229],[-75.61136058,6.271645984],[-75.607399009,6.26416314],[-75.606437812,6.262073639],[-75.605341867,6.262564761],[-75.604874743,6.262609409],[-75.604811861,6.263171967],[-75.605117288,6.265877596],[-75.605800008,6.266458009],[-75.606051536,6.268011728],[-75.606707306,6.268636786],[-75.605934755,6.268931456],[-75.605844924,6.269699383],[-75.605476614,6.269904759],[-75.605090339,6.269860112],[-75.604874743,6.26961009],[-75.604739996,6.268484987],[-75.603563203,6.268493916],[-75.60289845,6.268824304],[-75.601955219,6.270154782],[-75.601317415,6.270699473],[-75.60136233,6.271387033],[-75.600760459,6.271922794],[-75.60270082,6.272547847]]]]}, "properties" : {"id" : 64, "nombre" : "SANTA ROSA DE LIMA", "comuna" : null, "municipio" : "MEDELLIN"}}, {"type" : "Feature", "geometry" : {"type":"MultiPolygon","coordinates":[[[[-75.598730267,6.268672504],[-75.599574683,6.270306581],[-75.600041807,6.270699473],[-75.601191651,6.270770908],[-75.601955219,6.270154782],[-75.60289845,6.268824304],[-75.603563203,6.268493916],[-75.604272872,6.268413551],[-75.604739996,6.268484987],[-75.604829827,6.268636786],[-75.604784912,6.269413643],[-75.605090339,6.269860112],[-75.605476614,6.269904759],[-75.605844924,6.269699383],[-75.605934755,6.268931456],[-75.606707306,6.268636786],[-75.606051536,6.268011728],[-75.605800008,6.266458009],[-75.605117288,6.265877596],[-75.604811861,6.263171967],[-75.60489271,6.262546902],[-75.602673871,6.262734422],[-75.601452162,6.263421993],[-75.601290465,6.263421993],[-75.601155718,6.263180897],[-75.600499948,6.263966691],[-75.600437066,6.264609613],[-75.600095706,6.265127522],[-75.599242306,6.265886525],[-75.598406873,6.266100832],[-75.599152475,6.267931364],[-75.598730267,6.268672504]]]]}, "properties" : {"id" : 65, "nombre" : "CALASANZ PA.", "comuna" : null, "municipio" : "MEDELLIN"}}, {"type" : "Feature", "geometry" : {"type":"MultiPolygon","coordinates":[[[[-75.596295832,6.266172267],[-75.59688872,6.266315138],[-75.598963829,6.265993678],[-75.599242306,6.265886525],[-75.600320285,6.264859638],[-75.600499948,6.263966691],[-75.601155718,6.263180897],[-75.600940122,6.260859224],[-75.600544864,6.259305484],[-75.597948732,6.258689344],[-75.596295832,6.266172267]]]]}, "properties" : {"id" : 66, "nombre" : "CALASANZ", "comuna" : null, "municipio" : "MEDELLIN"}}, {"type" : "Feature", "geometry" : {"type":"MultiPolygon","coordinates":[[[[-75.590088474,6.260260945],[-75.593376308,6.261948626],[-75.596834821,6.263672018],[-75.597948732,6.258689344],[-75.595819725,6.258242865],[-75.594948359,6.258198217],[-75.593484105,6.257215963],[-75.592891217,6.256644469],[-75.59258579,6.256037256],[-75.590088474,6.260260945]]],[[[-75.593232577,6.261877189],[-75.592298329,6.261403925],[-75.59007949,6.260305593],[-75.593232577,6.261877189]]]]}, "properties" : {"id" : 67, "nombre" : "ESTADIO", "comuna" : null, "municipio" : "MEDELLIN"}}, {"type" : "Feature", "geometry" : {"type":"MultiPolygon","coordinates":[[[[-75.586207752,6.25857326],[-75.590088474,6.260260945],[-75.59258579,6.256037256],[-75.592891217,6.256644469],[-75.593843432,6.257492781],[-75.594948359,6.258198217],[-75.595864641,6.258251795],[-75.595038191,6.257465992],[-75.59358292,6.255188942],[-75.592657655,6.254483501],[-75.59193002,6.25426026],[-75.590151356,6.253331576],[-75.588911681,6.253152983],[-75.5879415,6.253286928],[-75.587860652,6.254179893],[-75.588031332,6.255197872],[-75.586207752,6.25857326]]]]}, "properties" : {"id" : 68, "nombre" : "UNIDAD DEPORTIVA  ATANASIO GIRARDOT", "comuna" : null, "municipio" : "MEDELLIN"}}, {"type" : "Feature", "geometry" : {"type":"MultiPolygon","coordinates":[[[[-75.552035838,6.24048164],[-75.558458792,6.243660667],[-75.560228474,6.242258683],[-75.559464906,6.24116924],[-75.558018618,6.239838689],[-75.55543147,6.238651012],[-75.553733654,6.237168645],[-75.552035838,6.24048164]]]]}, "properties" : {"id" : 213, "nombre" : "BUENOS AIRES", "comuna" : null, "municipio" : "MEDELLIN"}}, {"type" : "Feature", "geometry" : {"type":"MultiPolygon","coordinates":[[[[-75.619175923,6.263966691],[-75.619364569,6.264234575],[-75.619678979,6.264359588],[-75.620083221,6.264029197],[-75.620352716,6.263404134],[-75.620730008,6.263386275],[-75.621493576,6.263752384],[-75.622005616,6.263600582],[-75.621727138,6.263573794],[-75.620945604,6.262395101],[-75.61962508,6.261555727],[-75.61928372,6.261171758],[-75.618960327,6.26016272],[-75.618906428,6.257599936],[-75.618663883,6.257135597],[-75.618196759,6.257340978],[-75.618250658,6.259305484],[-75.616894202,6.259716243],[-75.616022836,6.260814576],[-75.617307427,6.263055884],[-75.618277607,6.263243403],[-75.618843546,6.263136249],[-75.619014226,6.263243403],[-75.619175923,6.263966691]]]]}, "properties" : {"id" : 70, "nombre" : "EL SOCORRO", "comuna" : null, "municipio" : "MEDELLIN"}}, {"type" : "Feature", "geometry" : {"type":"MultiPolygon","coordinates":[[[[-75.618960327,6.26016272],[-75.61928372,6.261171758],[-75.61962508,6.261555727],[-75.620945604,6.262395101],[-75.621727138,6.263573794],[-75.622005616,6.263600582],[-75.621852902,6.26312732],[-75.622337992,6.262154004],[-75.622059515,6.261877189],[-75.620900688,6.261555727],[-75.620541362,6.261100321],[-75.620828823,6.26017165],[-75.62081984,6.259287625],[-75.6211073,6.25876078],[-75.622032565,6.2595823],[-75.623460886,6.260037707],[-75.623622583,6.259930552],[-75.623586651,6.259618018],[-75.623092577,6.259082245],[-75.622975796,6.257474921],[-75.623532752,6.257528499],[-75.624871241,6.258680414],[-75.626272613,6.259287625],[-75.626048034,6.258421457],[-75.626784653,6.257698161],[-75.624889208,6.256528384],[-75.622517655,6.256055115],[-75.621520525,6.256206918],[-75.620774924,6.255983678],[-75.620271867,6.256037256],[-75.618663883,6.257135597],[-75.618906428,6.257599936],[-75.618960327,6.26016272]]]]}, "properties" : {"id" : 71, "nombre" : "ANTONIO NARIÑO", "comuna" : null, "municipio" : "MEDELLIN"}}, {"type" : "Feature", "geometry" : {"type":"MultiPolygon","coordinates":[[[[-75.610695826,6.263216615],[-75.611279731,6.264011339],[-75.611486344,6.264573895],[-75.613318907,6.262127216],[-75.613830947,6.262502255],[-75.614450784,6.263895255],[-75.614962824,6.263654159],[-75.615277234,6.261162828],[-75.615843173,6.261037815],[-75.616894202,6.259716243],[-75.613974677,6.259109033],[-75.611153967,6.257983908],[-75.610129888,6.258108922],[-75.606437812,6.262073639],[-75.606886969,6.263020166],[-75.607479858,6.26223437],[-75.6078302,6.262600479],[-75.608414105,6.26204685],[-75.608836314,6.262368312],[-75.609159707,6.261966485],[-75.610695826,6.263216615]]]]}, "properties" : {"id" : 72, "nombre" : "LA PRADERA", "comuna" : null, "municipio" : "MEDELLIN"}}, {"type" : "Feature", "geometry" : {"type":"MultiPolygon","coordinates":[[[[-75.611513293,6.257742809],[-75.611153967,6.257983908],[-75.612896699,6.258751851],[-75.615591645,6.259537652],[-75.617055898,6.259707314],[-75.618250658,6.259305484],[-75.618196759,6.257340978],[-75.617100814,6.257403485],[-75.615241302,6.257171315],[-75.613848913,6.25640337],[-75.612977547,6.255894382],[-75.612735002,6.256001537],[-75.611513293,6.257742809]]]]}, "properties" : {"id" : 73, "nombre" : "SAN JAVIER #2", "comuna" : null, "municipio" : "MEDELLIN"}}, {"type" : "Feature", "geometry" : {"type":"MultiPolygon","coordinates":[[[[-75.600940122,6.260859224],[-75.601056903,6.262993377],[-75.601290465,6.263421993],[-75.601452162,6.263421993],[-75.602673871,6.262734422],[-75.605341867,6.262564761],[-75.606231199,6.262243299],[-75.610129888,6.258108922],[-75.606455778,6.258921513],[-75.604614232,6.259555511],[-75.602745736,6.260430606],[-75.602036067,6.260189509],[-75.600598762,6.259305484],[-75.600940122,6.260859224]]]]}, "properties" : {"id" : 74, "nombre" : "LOS ALCAZARES", "comuna" : null, "municipio" : "MEDELLIN"}}, {"type" : "Feature", "geometry" : {"type":"MultiPolygon","coordinates":[[[[-75.6045244,6.257260611],[-75.602646921,6.258912583],[-75.601973185,6.259305484],[-75.600598762,6.259305484],[-75.602036067,6.260189509],[-75.602745736,6.260430606],[-75.604614232,6.259555511],[-75.606455778,6.258921513],[-75.608944111,6.258278584],[-75.611324647,6.257921401],[-75.612411608,6.256367651],[-75.612869749,6.25594796],[-75.612366693,6.255653282],[-75.611719906,6.255546127],[-75.609797511,6.256037256],[-75.60902496,6.256046185],[-75.607695453,6.255751508],[-75.60671629,6.255867593],[-75.6045244,6.257260611]]]]}, "properties" : {"id" : 75, "nombre" : "SANTA LUCIA", "comuna" : null, "municipio" : "MEDELLIN"}}, {"type" : "Feature", "geometry" : {"type":"MultiPolygon","coordinates":[[[[-75.597948732,6.258689344],[-75.600544864,6.259305484],[-75.601973185,6.259305484],[-75.602646921,6.258912583],[-75.6045244,6.257260611],[-75.60600662,6.256206918],[-75.607210363,6.255769367],[-75.606303065,6.255617564],[-75.605045423,6.255983678],[-75.604506434,6.254483501],[-75.604811861,6.253974511],[-75.602979298,6.252911882],[-75.600715543,6.253688763],[-75.5995657,6.253903074],[-75.598900947,6.254465642],[-75.598694334,6.254885335],[-75.598793149,6.254840686],[-75.597948732,6.258689344]]]]}, "properties" : {"id" : 76, "nombre" : "FLORESTA", "comuna" : null, "municipio" : "MEDELLIN"}}, {"type" : "Feature", "geometry" : {"type":"MultiPolygon","coordinates":[[[[-75.595038191,6.257465992],[-75.595864641,6.258251795],[-75.597948732,6.258689344],[-75.598793149,6.254840686],[-75.598038564,6.255171083],[-75.596664142,6.255251449],[-75.596529394,6.253876285],[-75.596987535,6.2500901],[-75.594831578,6.249929366],[-75.594256657,6.251036649],[-75.59307088,6.252349313],[-75.592316296,6.254385275],[-75.592657655,6.254483501],[-75.59358292,6.255188942],[-75.595038191,6.257465992]]]]}, "properties" : {"id" : 77, "nombre" : "EL VELODROMO", "comuna" : null, "municipio" : "MEDELLIN"}}, {"type" : "Feature", "geometry" : {"type":"MultiPolygon","coordinates":[[[[-75.596987535,6.2500901],[-75.596529394,6.253876285],[-75.596664142,6.255251449],[-75.598038564,6.255171083],[-75.598694334,6.254885335],[-75.599098576,6.254278119],[-75.601524027,6.252465399],[-75.602242679,6.251340259],[-75.602305561,6.250572305],[-75.598667385,6.250072241],[-75.596987535,6.2500901]]]]}, "properties" : {"id" : 78, "nombre" : "LOS PINOS", "comuna" : null, "municipio" : "MEDELLIN"}}, {"type" : "Feature", "geometry" : {"type":"MultiPolygon","coordinates":[[[[-75.604811861,6.253974511],[-75.604506434,6.254483501],[-75.605045423,6.255983678],[-75.605431699,6.255894382],[-75.60768647,6.252331454],[-75.607084599,6.251634939],[-75.608126645,6.250652672],[-75.60535085,6.24811663],[-75.60386863,6.248411312],[-75.602449292,6.249277496],[-75.602287595,6.251081298],[-75.602098949,6.251679587],[-75.601524027,6.252465399],[-75.5995657,6.253903074],[-75.600715543,6.253688763],[-75.602979298,6.252911882],[-75.604811861,6.253974511]]]]}, "properties" : {"id" : 79, "nombre" : "LA AMÉRICA", "comuna" : null, "municipio" : "MEDELLIN"}}, {"type" : "Feature", "geometry" : {"type":"MultiPolygon","coordinates":[[[[-75.60902496,6.256046185],[-75.609905309,6.253581607],[-75.610632944,6.253938793],[-75.611234815,6.252742219],[-75.61116295,6.252251087],[-75.610830574,6.251715306],[-75.609258522,6.249750771],[-75.607084599,6.251634939],[-75.60768647,6.252331454],[-75.605431699,6.255894382],[-75.606707306,6.255590775],[-75.60902496,6.256046185]]]]}, "properties" : {"id" : 80, "nombre" : "EL DANUBIO", "comuna" : null, "municipio" : "MEDELLIN"}}, {"type" : "Feature", "geometry" : {"type":"MultiPolygon","coordinates":[[[[-75.612977547,6.255894382],[-75.613848913,6.25640337],[-75.613965694,6.256287285],[-75.613444671,6.25571579],[-75.613570435,6.255394323],[-75.614244172,6.254831757],[-75.615906055,6.253912004],[-75.617235562,6.253483381],[-75.618160826,6.252688641],[-75.618412355,6.251929618],[-75.618250658,6.251626009],[-75.61782845,6.251742095],[-75.616615724,6.252786867],[-75.615717409,6.252483258],[-75.614792144,6.250643742],[-75.613417722,6.251197384],[-75.612321777,6.250197257],[-75.610830574,6.251715306],[-75.61116295,6.252251087],[-75.611234815,6.252742219],[-75.610632944,6.253938793],[-75.609905309,6.253581607],[-75.60902496,6.256046185],[-75.609797511,6.256037256],[-75.611719906,6.255546127],[-75.612977547,6.255894382]]]]}, "properties" : {"id" : 81, "nombre" : "CAMPO ALEGRE", "comuna" : null, "municipio" : "MEDELLIN"}}, {"type" : "Feature", "geometry" : {"type":"MultiPolygon","coordinates":[[[[-75.613965694,6.256287285],[-75.613848913,6.25640337],[-75.614971807,6.257082019],[-75.616705556,6.257367766],[-75.617918281,6.257376696],[-75.619148973,6.256876639],[-75.620271867,6.256037256],[-75.620774924,6.255983678],[-75.621520525,6.256206918],[-75.621538492,6.255394323],[-75.62127798,6.254492431],[-75.617235562,6.254742461],[-75.615780291,6.253983441],[-75.614244172,6.254831757],[-75.613417722,6.255546127],[-75.613965694,6.256287285]]]]}, "properties" : {"id" : 82, "nombre" : "SAN JAVIER #1", "comuna" : null, "municipio" : "MEDELLIN"}}, {"type" : "Feature", "geometry" : {"type":"MultiPolygon","coordinates":[[[[-75.626101933,6.257349907],[-75.627099063,6.257778527],[-75.62760212,6.257653513],[-75.62808721,6.257207034],[-75.62859925,6.257376696],[-75.629731127,6.257260611],[-75.631635556,6.257323118],[-75.632956079,6.255046068],[-75.633198624,6.254662094],[-75.634276602,6.253947722],[-75.634222704,6.253697692],[-75.63321659,6.253456592],[-75.633477102,6.253001179],[-75.634366434,6.252358243],[-75.633593883,6.251831392],[-75.63338727,6.251420626],[-75.632803365,6.250849126],[-75.630665375,6.251474204],[-75.626676855,6.253260139],[-75.625059888,6.253590536],[-75.624664629,6.253885215],[-75.622490706,6.253706622],[-75.621610357,6.253894145],[-75.621457643,6.253965582],[-75.621412728,6.254438853],[-75.62127798,6.254492431],[-75.621538492,6.255394323],[-75.621520525,6.256206918],[-75.622517655,6.256055115],[-75.624475983,6.25639444],[-75.625131753,6.25662661],[-75.626101933,6.257349907]]]]}, "properties" : {"id" : 83, "nombre" : "EL SALADO", "comuna" : null, "municipio" : "MEDELLIN"}}, {"type" : "Feature", "geometry" : {"type":"MultiPolygon","coordinates":[[[[-75.602988281,6.243151667],[-75.604236939,6.24352672],[-75.606680357,6.244107158],[-75.607021717,6.243973211],[-75.60754274,6.243357053],[-75.607937998,6.241874699],[-75.608530886,6.24184791],[-75.610156837,6.242312262],[-75.612097198,6.242544438],[-75.614935874,6.241410347],[-75.6161486,6.241401417],[-75.616822336,6.24119603],[-75.613453654,6.240410201],[-75.612339743,6.239802969],[-75.611558209,6.238713522],[-75.611270748,6.237731231],[-75.611001253,6.237570492],[-75.60754274,6.237445473],[-75.603078113,6.237606212],[-75.6028715,6.241419277],[-75.602988281,6.243151667]]]]}, "properties" : {"id" : 92, "nombre" : "LA CASTELLANA", "comuna" : null, "municipio" : "MEDELLIN"}}, {"type" : "Feature", "geometry" : {"type":"MultiPolygon","coordinates":[[[[-75.626048034,6.258421457],[-75.626272613,6.259287625],[-75.626721771,6.259841257],[-75.62757517,6.261609304],[-75.628329755,6.262296876],[-75.629722144,6.263082672],[-75.630036554,6.263038025],[-75.630180285,6.261993273],[-75.630916903,6.260912801],[-75.631869117,6.259984129],[-75.632578787,6.259609088],[-75.632749466,6.258653626],[-75.634034057,6.258448246],[-75.633836428,6.258082133],[-75.633944226,6.257108808],[-75.633450152,6.256742695],[-75.633459136,6.255724719],[-75.632956079,6.255046068],[-75.631635556,6.257323118],[-75.629731127,6.257260611],[-75.62859925,6.257376696],[-75.62808721,6.257207034],[-75.62760212,6.257653513],[-75.627099063,6.257778527],[-75.626784653,6.257698161],[-75.626048034,6.258421457]]]]}, "properties" : {"id" : 84, "nombre" : "EDUARDO SANTOS", "comuna" : null, "municipio" : "MEDELLIN"}}, {"type" : "Feature", "geometry" : {"type":"MultiPolygon","coordinates":[[[[-75.625913287,6.248857798],[-75.625446163,6.250081171],[-75.625059888,6.253590536],[-75.626676855,6.253260139],[-75.630665375,6.251474204],[-75.632803365,6.250849126],[-75.632776416,6.250375851],[-75.632327258,6.250241906],[-75.629560447,6.248259506],[-75.628877728,6.247982684],[-75.62594922,6.247598704],[-75.625913287,6.248857798]]]]}, "properties" : {"id" : 85, "nombre" : "NUEVOS CONQUISTADORES", "comuna" : null, "municipio" : "MEDELLIN"}}, {"type" : "Feature", "geometry" : {"type":"MultiPolygon","coordinates":[[[[-75.615780291,6.253983441],[-75.61697505,6.254653164],[-75.617469123,6.25476032],[-75.619131007,6.254528149],[-75.62127798,6.254492431],[-75.621412728,6.254438853],[-75.621457643,6.253965582],[-75.622490706,6.253706622],[-75.624449033,6.253920934],[-75.624943107,6.253697692],[-75.625059888,6.253590536],[-75.625248534,6.251679587],[-75.624835309,6.251224173],[-75.623936994,6.250652672],[-75.622463756,6.251224173],[-75.621897818,6.2500901],[-75.621358829,6.250232976],[-75.619319653,6.246777166],[-75.619535249,6.248170208],[-75.618870495,6.249438231],[-75.618852529,6.250947352],[-75.618690832,6.251813532],[-75.618385405,6.252117141],[-75.618160826,6.252688641],[-75.617235562,6.253483381],[-75.615780291,6.253983441]]]]}, "properties" : {"id" : 86, "nombre" : "20 DE JULIO", "comuna" : null, "municipio" : "MEDELLIN"}}, {"type" : "Feature", "geometry" : {"type":"MultiPolygon","coordinates":[[[[-75.624835309,6.251224173],[-75.625248534,6.251679587],[-75.625509045,6.249750771],[-75.625913287,6.248857798],[-75.62594922,6.247598704],[-75.625221584,6.247196865],[-75.624727511,6.247107568],[-75.622427824,6.24738439],[-75.621493576,6.247053989],[-75.620343732,6.248330944],[-75.621358829,6.250232976],[-75.621897818,6.2500901],[-75.622463756,6.251224173],[-75.623936994,6.250652672],[-75.624835309,6.251224173]]]]}, "properties" : {"id" : 87, "nombre" : "LA INDEPENDENCIA", "comuna" : null, "municipio" : "MEDELLIN"}}, {"type" : "Feature", "geometry" : {"type":"MultiPolygon","coordinates":[[[[-75.615717409,6.252483258],[-75.616615724,6.252786867],[-75.61782845,6.251742095],[-75.618250658,6.251626009],[-75.618385405,6.252117141],[-75.618690832,6.251813532],[-75.618852529,6.250947352],[-75.618870495,6.249438231],[-75.619535249,6.248170208],[-75.619319653,6.246777166],[-75.620083221,6.244892981],[-75.618223708,6.24450007],[-75.617496073,6.244169667],[-75.615879105,6.244392912],[-75.616031819,6.244767964],[-75.616750471,6.245455558],[-75.615708426,6.246670009],[-75.616184533,6.248357733],[-75.614989773,6.249670404],[-75.614756211,6.250518726],[-75.615717409,6.252483258]]]]}, "properties" : {"id" : 88, "nombre" : "BELENCITO", "comuna" : null, "municipio" : "MEDELLIN"}}, {"type" : "Feature", "geometry" : {"type":"MultiPolygon","coordinates":[[[[-75.610830574,6.251715306],[-75.612321777,6.250197257],[-75.613417722,6.251197384],[-75.614792144,6.250643742],[-75.614747228,6.250268695],[-75.614989773,6.249670404],[-75.616184533,6.248357733],[-75.615708426,6.246670009],[-75.616750471,6.245455558],[-75.616031819,6.244767964],[-75.615861139,6.244321474],[-75.614235188,6.244660806],[-75.61281585,6.245357331],[-75.612097198,6.246884323],[-75.610444298,6.248750642],[-75.609258522,6.249750771],[-75.610830574,6.251715306]]]]}, "properties" : {"id" : 89, "nombre" : "SANTA MÓNICA", "comuna" : null, "municipio" : "MEDELLIN"}}, {"type" : "Feature", "geometry" : {"type":"MultiPolygon","coordinates":[[[[-75.602790652,6.244232175],[-75.602449292,6.249277496],[-75.60386863,6.248411312],[-75.605278985,6.248170208],[-75.606455778,6.247437969],[-75.608207493,6.246866464],[-75.609483101,6.24580382],[-75.608243426,6.244142877],[-75.606240182,6.24403572],[-75.602988281,6.243151667],[-75.602790652,6.244232175]]]]}, "properties" : {"id" : 90, "nombre" : "SIMÓN BOLIVAR", "comuna" : null, "municipio" : "MEDELLIN"}}, {"type" : "Feature", "geometry" : {"type":"MultiPolygon","coordinates":[[[[-75.608207493,6.246866464],[-75.606455778,6.247437969],[-75.60535085,6.24811663],[-75.608126645,6.250652672],[-75.610444298,6.248750642],[-75.612097198,6.246884323],[-75.61281585,6.245357331],[-75.611890586,6.245705593],[-75.610471247,6.245553786],[-75.609779545,6.245652014],[-75.608207493,6.246866464]]]]}, "properties" : {"id" : 91, "nombre" : "BARRIO CRISTOBAL", "comuna" : null, "municipio" : "MEDELLIN"}}, {"type" : "Feature", "geometry" : {"type":"MultiPolygon","coordinates":[[[[-75.609483101,6.24580382],[-75.610471247,6.245553786],[-75.612204996,6.245652014],[-75.614235188,6.244660806],[-75.615861139,6.244321474],[-75.615753341,6.243839264],[-75.614702312,6.243017719],[-75.614567565,6.242624807],[-75.614989773,6.242330122],[-75.616355213,6.242089016],[-75.616741488,6.241651453],[-75.616822336,6.24119603],[-75.6161486,6.241401417],[-75.614935874,6.241410347],[-75.612097198,6.242544438],[-75.610156837,6.242312262],[-75.608530886,6.24184791],[-75.607937998,6.241874699],[-75.60754274,6.243357053],[-75.606922902,6.244044649],[-75.60768647,6.244205386],[-75.608243426,6.244142877],[-75.609483101,6.24580382]]]]}, "properties" : {"id" : 93, "nombre" : "SANTA TERESITA", "comuna" : null, "municipio" : "MEDELLIN"}}, {"type" : "Feature", "geometry" : {"type":"MultiPolygon","coordinates":[[[[-75.618223708,6.24450007],[-75.620083221,6.244892981],[-75.619319653,6.246777166],[-75.620343732,6.248330944],[-75.622526639,6.246062784],[-75.623317156,6.245616295],[-75.624287336,6.245446629],[-75.62492514,6.244857262],[-75.623838179,6.244651877],[-75.623703432,6.244428631],[-75.623838179,6.243714246],[-75.623344105,6.243616018],[-75.623047661,6.243374913],[-75.623775297,6.242812333],[-75.623811229,6.242544438],[-75.622329009,6.241803261],[-75.621592391,6.240704887],[-75.620442547,6.240338762],[-75.62011017,6.240820976],[-75.619104057,6.241294259],[-75.616822336,6.24119603],[-75.616741488,6.241651453],[-75.616355213,6.242089016],[-75.614989773,6.242330122],[-75.614567565,6.242624807],[-75.614702312,6.243017719],[-75.615753341,6.243839264],[-75.615879105,6.244392912],[-75.617496073,6.244169667],[-75.618223708,6.24450007]]]]}, "properties" : {"id" : 94, "nombre" : "BETANIA", "comuna" : null, "municipio" : "MEDELLIN"}}, {"type" : "Feature", "geometry" : {"type":"MultiPolygon","coordinates":[[[[-75.625221584,6.247196865],[-75.62594922,6.247598704],[-75.628877728,6.247982684],[-75.630054521,6.248518468],[-75.631932,6.249974014],[-75.632776416,6.250375851],[-75.632767433,6.250000803],[-75.632300309,6.249268566],[-75.632488955,6.24845596],[-75.631321145,6.247723721],[-75.630997752,6.246527133],[-75.630701308,6.246107433],[-75.629964689,6.245723452],[-75.628976542,6.245634154],[-75.628302806,6.245357331],[-75.627961446,6.245098367],[-75.627952463,6.244705455],[-75.627476356,6.244375052],[-75.626596007,6.244991209],[-75.626191765,6.245098367],[-75.62492514,6.244857262],[-75.624287336,6.245446629],[-75.623074611,6.245705593],[-75.621493576,6.247053989],[-75.622427824,6.24738439],[-75.624727511,6.247107568],[-75.625221584,6.247196865]]]]}, "properties" : {"id" : 95, "nombre" : "EL CORAZÓN", "comuna" : null, "municipio" : "MEDELLIN"}}, {"type" : "Feature", "geometry" : {"type":"MultiPolygon","coordinates":[[[[-75.607246296,6.237463333],[-75.610641927,6.237507983],[-75.611144984,6.237633002],[-75.611558209,6.238713522],[-75.612178046,6.239669021],[-75.613750098,6.2404995],[-75.616822336,6.24119603],[-75.618870495,6.241347838],[-75.619678979,6.241071012],[-75.6203078,6.240633448],[-75.620442547,6.240338762],[-75.619526265,6.23974046],[-75.619166939,6.239347545],[-75.619023209,6.23882961],[-75.61931067,6.238400975],[-75.619274737,6.238088428],[-75.619562198,6.23786518],[-75.621125267,6.237552632],[-75.621403744,6.237338314],[-75.621538492,6.236990047],[-75.621466627,6.236650709],[-75.620182036,6.236606059],[-75.618681849,6.237052556],[-75.615762324,6.23647211],[-75.612375676,6.234543238],[-75.611495327,6.233748469],[-75.609716663,6.23342699],[-75.608575802,6.2333109],[-75.607416975,6.233703819],[-75.606392896,6.233578799],[-75.606410862,6.234177109],[-75.606132385,6.235016527],[-75.606051536,6.236061332],[-75.606267132,6.23653462],[-75.607246296,6.237463333]]]]}, "properties" : {"id" : 96, "nombre" : "LAS MERCEDES", "comuna" : null, "municipio" : "MEDELLIN"}}, {"type" : "Feature", "geometry" : {"type":"MultiPolygon","coordinates":[[[[-75.609716663,6.23342699],[-75.611495327,6.233748469],[-75.612375676,6.234543238],[-75.615762324,6.23647211],[-75.618681849,6.237052556],[-75.620182036,6.236606059],[-75.621233065,6.236552479],[-75.617747601,6.234864717],[-75.617352343,6.234132459],[-75.617478107,6.233007279],[-75.61731641,6.232667939],[-75.616813353,6.232703659],[-75.615744358,6.23324839],[-75.615169436,6.23314123],[-75.615034689,6.232587569],[-75.61463943,6.232042838],[-75.614881975,6.231632057],[-75.614828077,6.230873004],[-75.615250285,6.230480082],[-75.61646301,6.230221111],[-75.616606741,6.229997859],[-75.615061639,6.228970902],[-75.615034689,6.22874765],[-75.615214352,6.228640489],[-75.61583419,6.228685139],[-75.616355213,6.228202915],[-75.615420965,6.227354556],[-75.615268251,6.227274185],[-75.614316037,6.227488507],[-75.613732132,6.226925911],[-75.612492457,6.226908051],[-75.612267878,6.227033072],[-75.611737872,6.227997523],[-75.611180917,6.227908222],[-75.61082159,6.228122544],[-75.610156837,6.229408475],[-75.609887342,6.229247734],[-75.609707679,6.230658683],[-75.609815477,6.232846539],[-75.609716663,6.23342699]]]]}, "properties" : {"id" : 97, "nombre" : "LAS VIOLETAS", "comuna" : null, "municipio" : "MEDELLIN"}}, {"type" : "Feature", "geometry" : {"type":"MultiPolygon","coordinates":[[[[-75.606392896,6.233578799],[-75.607416975,6.233703819],[-75.608575802,6.2333109],[-75.609716663,6.23342699],[-75.609815477,6.232846539],[-75.609707679,6.230658683],[-75.609887342,6.229203084],[-75.609770562,6.228452957],[-75.609501067,6.227899292],[-75.609105808,6.22768497],[-75.608405122,6.227640319],[-75.608243426,6.227149164],[-75.607102565,6.22771176],[-75.606940868,6.228908391],[-75.605198137,6.228426167],[-75.605198137,6.229729957],[-75.605916789,6.231498106],[-75.606392896,6.233578799]]]]}, "properties" : {"id" : 98, "nombre" : "LOS ALPES", "comuna" : null, "municipio" : "MEDELLIN"}}, {"type" : "Feature", "geometry" : {"type":"MultiPolygon","coordinates":[[[[-75.602602006,6.235980963],[-75.603114045,6.237079346],[-75.603078113,6.237606212],[-75.607246296,6.237463333],[-75.606267132,6.23653462],[-75.606051536,6.236061332],[-75.606132385,6.235016527],[-75.606410862,6.234177109],[-75.606392896,6.233578799],[-75.605404749,6.234123529],[-75.604713046,6.234275339],[-75.603311675,6.233962789],[-75.601622842,6.233989579],[-75.601056903,6.233775259],[-75.601056903,6.235945243],[-75.602000134,6.235820223],[-75.602602006,6.235980963]]]]}, "properties" : {"id" : 99, "nombre" : "NUEVA VILLA DE ABURRA", "comuna" : null, "municipio" : "MEDELLIN"}}, {"type" : "Feature", "geometry" : {"type":"MultiPolygon","coordinates":[[[[-75.598317042,6.236141702],[-75.599215357,6.23641853],[-75.600095706,6.23779374],[-75.603078113,6.237606212],[-75.603114045,6.237079346],[-75.602602006,6.235980963],[-75.602000134,6.235820223],[-75.601056903,6.235945243],[-75.601056903,6.233775259],[-75.599925026,6.233007279],[-75.59825416,6.2334002],[-75.598317042,6.236141702]]]]}, "properties" : {"id" : 100, "nombre" : "MIRAVALLE", "comuna" : null, "municipio" : "MEDELLIN"}}, {"type" : "Feature", "geometry" : {"type":"MultiPolygon","coordinates":[[[[-75.593834448,6.235061177],[-75.595667012,6.236641779],[-75.597185164,6.234150319],[-75.597984665,6.23342699],[-75.599925026,6.233007279],[-75.601299448,6.233909209],[-75.603311675,6.233962789],[-75.604713046,6.234275339],[-75.605404749,6.234123529],[-75.606392896,6.233578799],[-75.605764075,6.231078395],[-75.602063016,6.231033745],[-75.598775182,6.231239135],[-75.598631452,6.228577978],[-75.596107186,6.229381685],[-75.596071253,6.231498106],[-75.593672752,6.231605267],[-75.593834448,6.235061177]]]]}, "properties" : {"id" : 101, "nombre" : "BELEN", "comuna" : null, "municipio" : "MEDELLIN"}}, {"type" : "Feature", "geometry" : {"type":"MultiPolygon","coordinates":[[[[-75.598775182,6.231239135],[-75.602063016,6.231033745],[-75.605764075,6.231078395],[-75.605198137,6.229729957],[-75.60518017,6.228211845],[-75.605710176,6.227059862],[-75.60552153,6.226684798],[-75.604470501,6.226363314],[-75.602808618,6.226282943],[-75.602018101,6.226899121],[-75.600823341,6.227086653],[-75.599529767,6.228149334],[-75.598631452,6.228577978],[-75.598775182,6.231239135]]]]}, "properties" : {"id" : 102, "nombre" : "LA PALMA", "comuna" : null, "municipio" : "MEDELLIN"}}, {"type" : "Feature", "geometry" : {"type":"MultiPolygon","coordinates":[[[[-75.576793407,6.222184002],[-75.575607631,6.231444526],[-75.577601891,6.232024978],[-75.577610874,6.232176788],[-75.577772571,6.231944608],[-75.577134767,6.229890698],[-75.577125784,6.229140573],[-75.579542252,6.222451907],[-75.580593281,6.217549213],[-75.577628841,6.216834791],[-75.576793407,6.222184002]]]]}, "properties" : {"id" : 103, "nombre" : "SHELLMAR", "comuna" : null, "municipio" : "MEDELLIN"}}, {"type" : "Feature", "geometry" : {"type":"MultiPolygon","coordinates":[[[[-75.59426564,6.228452957],[-75.595667012,6.229363825],[-75.596125152,6.229381685],[-75.599062643,6.228417237],[-75.600823341,6.227086653],[-75.601577926,6.226934841],[-75.600014858,6.225604253],[-75.597867884,6.224880912],[-75.597203131,6.224871982],[-75.597867884,6.222362606],[-75.596691091,6.222353675],[-75.596214984,6.222478698],[-75.595325652,6.222389396],[-75.595154972,6.223327065],[-75.591983919,6.222737673],[-75.591220351,6.226943771],[-75.590941873,6.229354895],[-75.591669509,6.228953042],[-75.593681735,6.228274355],[-75.59426564,6.228452957]]]]}, "properties" : {"id" : 104, "nombre" : "SAN BERNARDO", "comuna" : null, "municipio" : "MEDELLIN"}}, {"type" : "Feature", "geometry" : {"type":"MultiPolygon","coordinates":[[[[-75.597203131,6.224871982],[-75.597867884,6.224880912],[-75.600014858,6.225604253],[-75.601577926,6.226934841],[-75.602018101,6.226899121],[-75.602323528,6.226684798],[-75.602808618,6.226282943],[-75.603123028,6.225666764],[-75.603626085,6.225148816],[-75.60435372,6.22477375],[-75.605314918,6.223934316],[-75.605898823,6.223961106],[-75.605880856,6.225005934],[-75.605997637,6.225247048],[-75.60634798,6.225354209],[-75.606922902,6.225238118],[-75.608054779,6.224416544],[-75.608908179,6.224112919],[-75.608836314,6.22037117],[-75.607695453,6.219808566],[-75.607318161,6.219844287],[-75.606626458,6.221174889],[-75.604838811,6.220808751],[-75.601353347,6.220424752],[-75.600724527,6.220665867],[-75.599305188,6.221808934],[-75.598245176,6.222335815],[-75.597867884,6.222362606],[-75.597203131,6.224871982]]]]}, "properties" : {"id" : 105, "nombre" : "LA GLORIA", "comuna" : null, "municipio" : "MEDELLIN"}}, {"type" : "Feature", "geometry" : {"type":"MultiPolygon","coordinates":[[[[-75.603123028,6.225666764],[-75.602808618,6.226282943],[-75.604470501,6.226363314],[-75.60552153,6.226684798],[-75.605710176,6.227059862],[-75.605270002,6.227863571],[-75.605198137,6.228426167],[-75.606940868,6.228908391],[-75.607102565,6.22771176],[-75.608243426,6.227149164],[-75.607946981,6.226131131],[-75.608117661,6.225434581],[-75.608414105,6.225318489],[-75.609204623,6.22538993],[-75.609878359,6.225104166],[-75.611082102,6.225247048],[-75.611342613,6.225139886],[-75.611477361,6.224380824],[-75.611405495,6.223693202],[-75.611558209,6.223202042],[-75.61181872,6.22306809],[-75.612824833,6.222746603],[-75.615555712,6.222541209],[-75.619562198,6.223041299],[-75.619355586,6.222184002],[-75.618448287,6.222005398],[-75.618250658,6.221746422],[-75.61797218,6.220656937],[-75.617738618,6.220549775],[-75.616723522,6.220844472],[-75.616606741,6.21996931],[-75.615717409,6.219924659],[-75.61517842,6.219362054],[-75.614935874,6.219335264],[-75.613965694,6.219835357],[-75.613130261,6.219987171],[-75.612178046,6.219451357],[-75.610668877,6.219665682],[-75.608836314,6.22037117],[-75.608908179,6.224112919],[-75.608054779,6.224416544],[-75.606922902,6.225238118],[-75.60634798,6.225354209],[-75.605997637,6.225247048],[-75.605880856,6.225005934],[-75.605898823,6.223961106],[-75.605314918,6.223934316],[-75.60435372,6.22477375],[-75.603626085,6.225148816],[-75.603123028,6.225666764]]]]}, "properties" : {"id" : 106, "nombre" : "ALTAVISTA", "comuna" : null, "municipio" : "MEDELLIN"}}, {"type" : "Feature", "geometry" : {"type":"MultiPolygon","coordinates":[[[[-75.591983919,6.222737673],[-75.595154972,6.223327065],[-75.595325652,6.222389396],[-75.596214984,6.222478698],[-75.596691091,6.222353675],[-75.597867884,6.222362606],[-75.598272126,6.222335815],[-75.599305188,6.221808934],[-75.598954845,6.218620844],[-75.597652288,6.218290425],[-75.597373811,6.219245961],[-75.595029208,6.218183262],[-75.592846302,6.217897494],[-75.5921007,6.221496377],[-75.591983919,6.222737673]]]]}, "properties" : {"id" : 107, "nombre" : "LAS PLAYAS", "comuna" : null, "municipio" : "MEDELLIN"}}, {"type" : "Feature", "geometry" : {"type":"MultiPolygon","coordinates":[[[[-75.599305188,6.221808934],[-75.600724527,6.220665867],[-75.601353347,6.220424752],[-75.604838811,6.220808751],[-75.606626458,6.221174889],[-75.607318161,6.219844287],[-75.607991897,6.219888938],[-75.608836314,6.22037117],[-75.610668877,6.219665682],[-75.612178046,6.219451357],[-75.611980417,6.218719077],[-75.61101922,6.218692286],[-75.610417349,6.2184601],[-75.609276488,6.217459911],[-75.609123775,6.217236654],[-75.609177673,6.216950885],[-75.609528016,6.216647255],[-75.609537,6.216343626],[-75.608135628,6.215906041],[-75.608063762,6.215138035],[-75.608441055,6.214843335],[-75.60853987,6.214566495],[-75.608485971,6.214343237],[-75.608045796,6.214093188],[-75.607578672,6.213539508],[-75.607147481,6.213146573],[-75.606851037,6.213307319],[-75.606949852,6.213727045],[-75.607614605,6.214575426],[-75.60771342,6.214807614],[-75.607623588,6.214950499],[-75.607461891,6.214879056],[-75.60717443,6.215048732],[-75.606752222,6.215468457],[-75.606455778,6.215423805],[-75.606536626,6.214718311],[-75.606419845,6.214629008],[-75.605494581,6.214771893],[-75.604587282,6.216031066],[-75.603877613,6.216343626],[-75.603140995,6.216120368],[-75.602440309,6.214887987],[-75.60204505,6.21470045],[-75.601649791,6.21470938],[-75.600616729,6.215182687],[-75.599754346,6.215906041],[-75.599179424,6.216897303],[-75.599278239,6.218013587],[-75.598954845,6.218620844],[-75.599305188,6.221808934]]]]}, "properties" : {"id" : 108, "nombre" : "LOMA DE LOS BERNAL", "comuna" : null, "municipio" : "MEDELLIN"}}, {"type" : "Feature", "geometry" : {"type":"MultiPolygon","coordinates":[[[[-75.597373811,6.219245961],[-75.597652288,6.218290425],[-75.59890993,6.218710147],[-75.59492141,6.210896122],[-75.59426564,6.209753032],[-75.59426564,6.210467463],[-75.592846302,6.217897494],[-75.595029208,6.218183262],[-75.597373811,6.219245961]]]]}, "properties" : {"id" : 109, "nombre" : "DIEGO ECHAVARRÍA", "comuna" : null, "municipio" : "MEDELLIN"}}, {"type" : "Feature", "geometry" : {"type":"MultiPolygon","coordinates":[[[[-75.598954845,6.218620844],[-75.599278239,6.218013587],[-75.599179424,6.216897303],[-75.599754346,6.215906041],[-75.600589779,6.215209478],[-75.59922434,6.214057467],[-75.599116542,6.213119782],[-75.600230453,6.213182294],[-75.600140622,6.210592489],[-75.60136233,6.210610349],[-75.601227583,6.208297374],[-75.600437066,6.207315027],[-75.600023841,6.205520005],[-75.599475868,6.204716262],[-75.598433823,6.204037544],[-75.598514671,6.204117919],[-75.597607373,6.204832358],[-75.597077367,6.205671823],[-75.597634322,6.208118766],[-75.59740076,6.21017276],[-75.596223967,6.210128108],[-75.595199888,6.21061928],[-75.59492141,6.210896122],[-75.598954845,6.218620844]]]]}, "properties" : {"id" : 110, "nombre" : "LA MOTA", "comuna" : null, "municipio" : "MEDELLIN"}}, {"type" : "Feature", "geometry" : {"type":"MultiPolygon","coordinates":[[[[-75.602242679,6.214762962],[-75.602593022,6.215093384],[-75.603140995,6.216120368],[-75.603581169,6.216325765],[-75.603877613,6.216343626],[-75.604587282,6.216031066],[-75.605225086,6.215030872],[-75.605835941,6.214655798],[-75.606536626,6.214718311],[-75.606455778,6.215423805],[-75.606752222,6.215468457],[-75.60717443,6.215048732],[-75.607461891,6.214879056],[-75.607623588,6.214950499],[-75.60771342,6.214807614],[-75.607614605,6.214575426],[-75.606949852,6.213727045],[-75.606851037,6.213307319],[-75.607147481,6.213146573],[-75.607551723,6.213512717],[-75.607479858,6.213137642],[-75.608072746,6.212842941],[-75.607902066,6.212441075],[-75.608090712,6.212253538],[-75.6086836,6.212432145],[-75.608899196,6.212360702],[-75.60885428,6.211521248],[-75.609159707,6.211119381],[-75.607982914,6.210351368],[-75.608009864,6.210003083],[-75.60836919,6.209645867],[-75.608423089,6.209386885],[-75.606886969,6.20927972],[-75.606168317,6.209413676],[-75.6061773,6.209101112],[-75.607129515,6.208609939],[-75.607237312,6.207609731],[-75.606060519,6.206868504],[-75.605701193,6.205948667],[-75.603814731,6.205859363],[-75.603006247,6.205671823],[-75.60104792,6.204734123],[-75.600724527,6.204698401],[-75.59970943,6.204993107],[-75.600158588,6.205841502],[-75.600437066,6.207315027],[-75.601227583,6.208297374],[-75.60136233,6.210610349],[-75.600140622,6.210592489],[-75.600230453,6.213182294],[-75.599116542,6.213119782],[-75.59922434,6.214057467],[-75.600589779,6.215209478],[-75.601649791,6.21470938],[-75.602242679,6.214762962]]]]}, "properties" : {"id" : 111, "nombre" : "EL RINCÓN", "comuna" : null, "municipio" : "MEDELLIN"}}, {"type" : "Feature", "geometry" : {"type":"MultiPolygon","coordinates":[[[[-75.603006247,6.205671823],[-75.603814731,6.205859363],[-75.605701193,6.205948667],[-75.606060519,6.206868504],[-75.607237312,6.207609731],[-75.607893083,6.206672035],[-75.608782415,6.206672035],[-75.610084972,6.205912946],[-75.610210736,6.205743267],[-75.610031073,6.205332465],[-75.608045796,6.20542177],[-75.607803251,6.204100058],[-75.607659521,6.204046475],[-75.607327144,6.20431439],[-75.606940868,6.204251876],[-75.605701193,6.202331817],[-75.605476614,6.202296095],[-75.605368817,6.202465775],[-75.604982541,6.203474923],[-75.604506434,6.203546367],[-75.604129142,6.203385618],[-75.603940495,6.203010536],[-75.603796765,6.201983526],[-75.602907433,6.201394111],[-75.602889466,6.200268861],[-75.601883353,6.200545709],[-75.601766572,6.200322445],[-75.60190132,6.19961693],[-75.601299448,6.199545485],[-75.601209617,6.199295429],[-75.600437066,6.198580982],[-75.600490965,6.198063008],[-75.601335381,6.197580755],[-75.600967072,6.197330698],[-75.599242306,6.196785931],[-75.597670255,6.195767839],[-75.598020598,6.198795317],[-75.597796019,6.202019248],[-75.598029581,6.203448131],[-75.598433823,6.204037544],[-75.59970943,6.204993107],[-75.600724527,6.204698401],[-75.60104792,6.204734123],[-75.603006247,6.205671823]]]]}, "properties" : {"id" : 112, "nombre" : "LA HONDONADA", "comuna" : null, "municipio" : "MEDELLIN"}}, {"type" : "Feature", "geometry" : {"type":"MultiPolygon","coordinates":[[[[-75.594885477,6.210931843],[-75.595199888,6.21061928],[-75.596223967,6.210128108],[-75.59740076,6.21017276],[-75.597634322,6.208118766],[-75.597077367,6.205671823],[-75.597607373,6.204832358],[-75.598514671,6.204117919],[-75.597993648,6.203278452],[-75.594669882,6.201795985],[-75.593618853,6.201688818],[-75.592522908,6.20204604],[-75.590438817,6.203117702],[-75.588480489,6.204894871],[-75.58896558,6.206082624],[-75.589163209,6.207100696],[-75.589720164,6.207850853],[-75.590124406,6.207966949],[-75.592406127,6.207940157],[-75.593169695,6.208243792],[-75.59392428,6.20906539],[-75.594885477,6.210931843]]]]}, "properties" : {"id" : 113, "nombre" : "EL RODEO", "comuna" : null, "municipio" : "MEDELLIN"}}, {"type" : "Feature", "geometry" : {"type":"MultiPolygon","coordinates":[[[[-75.587088101,6.203850004],[-75.58777082,6.204573374],[-75.588480489,6.204894871],[-75.590438817,6.203117702],[-75.592522908,6.20204604],[-75.593879364,6.201670957],[-75.594669882,6.201795985],[-75.597993648,6.203278452],[-75.597796019,6.202019248],[-75.598002631,6.198357718],[-75.597670255,6.195767839],[-75.595658028,6.194526479],[-75.595011241,6.193561967],[-75.593978179,6.19332977],[-75.591525778,6.193169017],[-75.587088101,6.203850004]]]]}, "properties" : {"id" : 114, "nombre" : "LA COLINA", "comuna" : null, "municipio" : "MEDELLIN"}}, {"type" : "Feature", "geometry" : {"type":"MultiPolygon","coordinates":[[[[-75.58016209,6.199045373],[-75.579784797,6.20088507],[-75.586001139,6.203680324],[-75.587088101,6.203850004],[-75.591525778,6.193169017],[-75.588615237,6.1946783],[-75.58760014,6.195482059],[-75.587357595,6.195526712],[-75.586656909,6.195044457],[-75.586028089,6.194187114],[-75.582012619,6.193544106],[-75.58016209,6.199045373]]]]}, "properties" : {"id" : 115, "nombre" : "GUAYABAL", "comuna" : null, "municipio" : "MEDELLIN"}}, {"type" : "Feature", "geometry" : {"type":"MultiPolygon","coordinates":[[[[-75.577628841,6.216834791],[-75.580593281,6.217549213],[-75.580889725,6.216290044],[-75.581195152,6.215638132],[-75.584698582,6.209628006],[-75.585192655,6.208449192],[-75.578769701,6.207341818],[-75.577628841,6.216834791]]]]}, "properties" : {"id" : 116, "nombre" : "NOEL", "comuna" : null, "municipio" : "MEDELLIN"}}, {"type" : "Feature", "geometry" : {"type":"MultiPolygon","coordinates":[[[[-75.552089737,6.305656747],[-75.553086867,6.306308546],[-75.553895351,6.306388905],[-75.557560477,6.307433567],[-75.557533528,6.306085328],[-75.556922673,6.305031734],[-75.557237084,6.303987066],[-75.555557234,6.303103115],[-75.554802649,6.304790657],[-75.553527042,6.304513865],[-75.552089737,6.305656747]]]]}, "properties" : {"id" : 117, "nombre" : "LA FRONTERA", "comuna" : null, "municipio" : "MEDELLIN"}}, {"type" : "Feature", "geometry" : {"type":"MultiPolygon","coordinates":[[[[-75.552089737,6.305656747],[-75.553527042,6.304513865],[-75.554802649,6.304790657],[-75.555557234,6.303103115],[-75.554398407,6.302638817],[-75.553320429,6.301969156],[-75.552808389,6.301844152],[-75.552709575,6.302629889],[-75.552143636,6.30439779],[-75.552089737,6.305656747]]]]}, "properties" : {"id" : 118, "nombre" : "PABLO VI", "comuna" : null, "municipio" : "MEDELLIN"}}, {"type" : "Feature", "geometry" : {"type":"MultiPolygon","coordinates":[[[[-75.553320429,6.301969156],[-75.554398407,6.302638817],[-75.556006392,6.30329062],[-75.557237084,6.303987066],[-75.558297096,6.30094234],[-75.557838955,6.300683404],[-75.557326915,6.300103028],[-75.555674015,6.299942309],[-75.554640953,6.299585154],[-75.552332282,6.298102961],[-75.551155489,6.296906488],[-75.550571584,6.29746008],[-75.55044582,6.298138676],[-75.549125297,6.300442325],[-75.551074641,6.301897725],[-75.5522694,6.301799508],[-75.553320429,6.301969156]]]]}, "properties" : {"id" : 119, "nombre" : "LA FRANCIA", "comuna" : null, "municipio" : "MEDELLIN"}}, {"type" : "Feature", "geometry" : {"type":"MultiPolygon","coordinates":[[[[-75.551155489,6.296906488],[-75.552332282,6.298102961],[-75.554640953,6.299585154],[-75.555674015,6.299942309],[-75.557326915,6.300103028],[-75.557838955,6.300683404],[-75.558297096,6.30094234],[-75.559402024,6.29851369],[-75.558476759,6.298022601],[-75.556491482,6.297665445],[-75.55511706,6.297254715],[-75.554146879,6.296799341],[-75.553553991,6.296049312],[-75.553113817,6.295736799],[-75.552700592,6.29572787],[-75.551155489,6.296906488]]]]}, "properties" : {"id" : 120, "nombre" : "ANDALUCIA", "comuna" : null, "municipio" : "MEDELLIN"}}, {"type" : "Feature", "geometry" : {"type":"MultiPolygon","coordinates":[[[[-75.545891362,6.305433528],[-75.546214755,6.305629961],[-75.547804773,6.305879966],[-75.549349875,6.30678177],[-75.554344508,6.307933576],[-75.555269773,6.308371083],[-75.55608724,6.309094309],[-75.557614376,6.310085394],[-75.557803022,6.309960392],[-75.557560477,6.307433567],[-75.553895351,6.306388905],[-75.553086867,6.306308546],[-75.552152619,6.305665676],[-75.550966843,6.305496029],[-75.54964632,6.304379933],[-75.549610387,6.304951375],[-75.54910733,6.305335312],[-75.548496476,6.305424599],[-75.547750874,6.305228166],[-75.547184936,6.305353169],[-75.5464573,6.305183523],[-75.545891362,6.305433528]]]]}, "properties" : {"id" : 121, "nombre" : "PLAYON DE  LOS COMUNEROS", "comuna" : null, "municipio" : "MEDELLIN"}}, {"type" : "Feature", "geometry" : {"type":"MultiPolygon","coordinates":[[[[-75.550966843,6.305496029],[-75.552089737,6.305656747],[-75.552143636,6.30439779],[-75.552709575,6.302629889],[-75.552808389,6.301844152],[-75.551074641,6.301897725],[-75.549125297,6.300442325],[-75.548981566,6.301165561],[-75.549089364,6.302745963],[-75.548415628,6.304103141],[-75.547472397,6.303933494],[-75.546574081,6.304415648],[-75.544714569,6.304210286],[-75.544391175,6.304379933],[-75.545891362,6.305433528],[-75.5464573,6.305183523],[-75.547184936,6.305353169],[-75.547750874,6.305228166],[-75.548496476,6.305424599],[-75.54910733,6.305335312],[-75.549610387,6.304951375],[-75.54964632,6.304379933],[-75.550966843,6.305496029]]]]}, "properties" : {"id" : 122, "nombre" : "LA ISLA", "comuna" : null, "municipio" : "MEDELLIN"}}, {"type" : "Feature", "geometry" : {"type":"MultiPolygon","coordinates":[[[[-75.547948504,6.294879621],[-75.548891735,6.294620682],[-75.549089364,6.294709971],[-75.550140393,6.294593895],[-75.550338022,6.293995655],[-75.550364972,6.292629522],[-75.549843949,6.292629522],[-75.549808016,6.292459871],[-75.549987679,6.292111641],[-75.550481753,6.292138428],[-75.550095477,6.291665191],[-75.548586308,6.29212057],[-75.547517312,6.292084854],[-75.546663913,6.291781268],[-75.546385435,6.291200882],[-75.54366354,6.290683],[-75.543349129,6.2901294],[-75.54283709,6.292004493],[-75.54246878,6.29255809],[-75.542450814,6.29299561],[-75.542522679,6.293299195],[-75.543178449,6.293334911],[-75.543178449,6.2940403],[-75.54332218,6.294236737],[-75.545100844,6.29420995],[-75.546241705,6.294504605],[-75.547499346,6.29454925],[-75.547948504,6.294879621]]]]}, "properties" : {"id" : 123, "nombre" : "GRANIZAL", "comuna" : null, "municipio" : "MEDELLIN"}}, {"type" : "Feature", "geometry" : {"type":"MultiPolygon","coordinates":[[[[-75.546394418,6.304442434],[-75.547472397,6.303933494],[-75.548415628,6.304103141],[-75.549089364,6.302745963],[-75.548981566,6.301567359],[-75.549098347,6.300504827],[-75.55044582,6.298138676],[-75.550571584,6.29746008],[-75.550885995,6.297067208],[-75.550212258,6.295674297],[-75.549089364,6.294709971],[-75.548891735,6.294620682],[-75.548209015,6.294879621],[-75.548029352,6.295986809],[-75.5473107,6.296879701],[-75.54714002,6.298049387],[-75.546151873,6.300290534],[-75.545792547,6.301495928],[-75.545037962,6.301603074],[-75.54463372,6.301835224],[-75.544076765,6.302370953],[-75.543924051,6.302870966],[-75.543474894,6.302362024],[-75.542855056,6.302103088],[-75.540528419,6.302665604],[-75.541857926,6.303174546],[-75.542199286,6.30396028],[-75.542603528,6.304210286],[-75.543744388,6.304058497],[-75.544391175,6.304379933],[-75.544876265,6.304210286],[-75.546394418,6.304442434]]]]}, "properties" : {"id" : 124, "nombre" : "POPULAR", "comuna" : null, "municipio" : "MEDELLIN"}}, {"type" : "Feature", "geometry" : {"type":"MultiPolygon","coordinates":[[[[-75.542423865,6.299719087],[-75.54281014,6.300629831],[-75.542630477,6.301397711],[-75.542855056,6.302103088],[-75.543474894,6.302362024],[-75.543924051,6.302870966],[-75.544076765,6.302370953],[-75.54463372,6.301835224],[-75.545037962,6.301603074],[-75.545792547,6.301495928],[-75.546151873,6.300290534],[-75.54714002,6.298049387],[-75.5473107,6.296879701],[-75.548029352,6.295986809],[-75.548209015,6.294879621],[-75.547948504,6.294879621],[-75.547499346,6.29454925],[-75.546241705,6.294504605],[-75.545100844,6.29420995],[-75.54332218,6.294236737],[-75.543178449,6.2940403],[-75.543178449,6.293334911],[-75.542522679,6.293299195],[-75.542450814,6.293156332],[-75.54246878,6.29255809],[-75.541893859,6.293272408],[-75.541678263,6.294817119],[-75.540735032,6.295424287],[-75.540744015,6.295852875],[-75.540447571,6.296522545],[-75.540456554,6.297111853],[-75.541525549,6.299576226],[-75.542127421,6.29930836],[-75.542423865,6.299719087]]]]}, "properties" : {"id" : 125, "nombre" : "SANTO DOMINGO SAVIO No.1", "comuna" : null, "municipio" : "MEDELLIN"}}, {"type" : "Feature", "geometry" : {"type":"MultiPolygon","coordinates":[[[[-75.5381928,6.299969096],[-75.538525176,6.300978056],[-75.53901925,6.301165561],[-75.540528419,6.302665604],[-75.542855056,6.302103088],[-75.542630477,6.301397711],[-75.54281014,6.300629831],[-75.542423865,6.299719087],[-75.542127421,6.29930836],[-75.541525549,6.299576226],[-75.540519436,6.297388649],[-75.540447571,6.296522545],[-75.540744015,6.295852875],[-75.540735032,6.295424287],[-75.540276891,6.295772515],[-75.539710952,6.296754696],[-75.538219749,6.29754044],[-75.536719563,6.297745805],[-75.536557866,6.297835094],[-75.536378203,6.298522618],[-75.536710579,6.298504761],[-75.537258552,6.298835129],[-75.5381928,6.299969096]]]]}, "properties" : {"id" : 126, "nombre" : "SANTO DOMINGO SAVIO No.2", "comuna" : null, "municipio" : "MEDELLIN"}}, {"type" : "Feature", "geometry" : {"type":"MultiPolygon","coordinates":[[[[-75.544642703,6.288861477],[-75.54463372,6.289432936],[-75.544337276,6.289995465],[-75.543349129,6.2901294],[-75.54366354,6.290683],[-75.546385435,6.291200882],[-75.546268654,6.290691929],[-75.546744761,6.289334716],[-75.546906458,6.287861422],[-75.548460543,6.288022145],[-75.548712072,6.285289845],[-75.546726795,6.285379136],[-75.544543889,6.285941669],[-75.54429236,6.287468543],[-75.544642703,6.288861477]]]]}, "properties" : {"id" : 134, "nombre" : "SAN PABLO", "comuna" : null, "municipio" : "MEDELLIN"}}, {"type" : "Feature", "geometry" : {"type":"MultiPolygon","coordinates":[[[[-75.534087499,6.295826089],[-75.533773088,6.296281464],[-75.531733913,6.297102924],[-75.531338654,6.297522583],[-75.53138357,6.297915454],[-75.530754749,6.297969027],[-75.530808648,6.298120818],[-75.530485255,6.298674409],[-75.530503221,6.299817305],[-75.529613889,6.300335179],[-75.529461175,6.30047804],[-75.529506091,6.300638759],[-75.531509334,6.300844123],[-75.533961735,6.300495898],[-75.536378203,6.298522618],[-75.536557866,6.297835094],[-75.537321434,6.297602943],[-75.538219749,6.29754044],[-75.539710952,6.296754696],[-75.540276891,6.295772515],[-75.541678263,6.294817119],[-75.541821993,6.293709928],[-75.541148257,6.293977797],[-75.540070279,6.29412066],[-75.538067036,6.294665326],[-75.537078889,6.294540321],[-75.536530916,6.2940403],[-75.535848197,6.292754528],[-75.535659551,6.292888462],[-75.535417005,6.293558135],[-75.53468937,6.294058158],[-75.534087499,6.295826089]]]]}, "properties" : {"id" : 127, "nombre" : "LA AVANZADA", "comuna" : null, "municipio" : "MEDELLIN"}}, {"type" : "Feature", "geometry" : {"type":"MultiPolygon","coordinates":[[[[-75.556284869,6.295442144],[-75.556195038,6.296102885],[-75.555476386,6.296531474],[-75.55511706,6.297254715],[-75.556491482,6.297665445],[-75.558476759,6.298022601],[-75.559402024,6.29851369],[-75.560435086,6.296665407],[-75.559842198,6.29547786],[-75.559168462,6.294861763],[-75.558503708,6.294674255],[-75.556787926,6.294567108],[-75.556284869,6.295442144]]]]}, "properties" : {"id" : 128, "nombre" : "VILLA NIZA", "comuna" : null, "municipio" : "MEDELLIN"}}, {"type" : "Feature", "geometry" : {"type":"MultiPolygon","coordinates":[[[[-75.553113817,6.295736799],[-75.553553991,6.296049312],[-75.554146879,6.296799341],[-75.55511706,6.297254715],[-75.555476386,6.296531474],[-75.556195038,6.296102885],[-75.556284869,6.295442144],[-75.556787926,6.294567108],[-75.555629099,6.293486704],[-75.554874514,6.293406343],[-75.552476013,6.293674212],[-75.550912944,6.292683096],[-75.550364972,6.292629522],[-75.550338022,6.293995655],[-75.550140393,6.294593895],[-75.549089364,6.294709971],[-75.550212258,6.295674297],[-75.550885995,6.297067208],[-75.552700592,6.29572787],[-75.553113817,6.295736799]]]]}, "properties" : {"id" : 129, "nombre" : "VILLA DEL SOCORRO", "comuna" : null, "municipio" : "MEDELLIN"}}, {"type" : "Feature", "geometry" : {"type":"MultiPolygon","coordinates":[[[[-75.541444701,6.289718665],[-75.541543516,6.290075826],[-75.541426735,6.290879438],[-75.540887746,6.292066996],[-75.539207896,6.294343884],[-75.541148257,6.293977797],[-75.541821993,6.293709928],[-75.542091488,6.292933107],[-75.54283709,6.292004493],[-75.543349129,6.2901294],[-75.542576578,6.289736523],[-75.54164233,6.289602587],[-75.541444701,6.289718665]]]]}, "properties" : {"id" : 130, "nombre" : "LA ESPERANZA No.2", "comuna" : null, "municipio" : "MEDELLIN"}}, {"type" : "Feature", "geometry" : {"type":"MultiPolygon","coordinates":[[[[-75.535875146,6.287522118],[-75.535893113,6.287736415],[-75.536324304,6.287888209],[-75.53668363,6.288691825],[-75.536333287,6.289281142],[-75.536674647,6.290781219],[-75.536405152,6.291575901],[-75.536018877,6.291870558],[-75.536324304,6.29255809],[-75.535848197,6.292754528],[-75.536018877,6.29325455],[-75.536881259,6.294370671],[-75.537402282,6.294647469],[-75.538067036,6.294665326],[-75.539207896,6.294343884],[-75.540887746,6.292066996],[-75.541426735,6.290879438],[-75.541543516,6.290075826],[-75.541274021,6.288718612],[-75.540905712,6.288200727],[-75.541588431,6.287450685],[-75.541651314,6.287147096],[-75.541202156,6.286727429],[-75.540537403,6.287164954],[-75.540169093,6.286289904],[-75.538606025,6.286673855],[-75.536575832,6.285075546],[-75.536450068,6.285691654],[-75.536674647,6.286075606],[-75.536611765,6.286343479],[-75.535875146,6.287522118]]]]}, "properties" : {"id" : 131, "nombre" : "CARPINELO", "comuna" : null, "municipio" : "MEDELLIN"}}, {"type" : "Feature", "geometry" : {"type":"MultiPolygon","coordinates":[[[[-75.542576578,6.289736523],[-75.543349129,6.2901294],[-75.543519809,6.288727541],[-75.543070652,6.287459614],[-75.543070652,6.286539919],[-75.542396915,6.286700642],[-75.540169093,6.286289904],[-75.540537403,6.287164954],[-75.541202156,6.286727429],[-75.541651314,6.287147096],[-75.541588431,6.287450685],[-75.540905712,6.288200727],[-75.541274021,6.288718612],[-75.541444701,6.289718665],[-75.54164233,6.289602587],[-75.542576578,6.289736523]]]]}, "properties" : {"id" : 132, "nombre" : "ALDEA PABLO VI", "comuna" : null, "municipio" : "MEDELLIN"}}, {"type" : "Feature", "geometry" : {"type":"MultiPolygon","coordinates":[[[[-75.543070652,6.286539919],[-75.543070652,6.287459614],[-75.543519809,6.288727541],[-75.543349129,6.2901294],[-75.544337276,6.289995465],[-75.54463372,6.289432936],[-75.544642703,6.288861477],[-75.54429236,6.287468543],[-75.544543889,6.285941669],[-75.543070652,6.286539919]]]]}, "properties" : {"id" : 133, "nombre" : "EL COMPROMISO", "comuna" : null, "municipio" : "MEDELLIN"}}, {"type" : "Feature", "geometry" : {"type":"MultiPolygon","coordinates":[[[[-75.557174202,6.279423386],[-75.558521675,6.278396525],[-75.559554737,6.278825128],[-75.560183558,6.278860845],[-75.560749496,6.278673331],[-75.5613873,6.275574881],[-75.562061037,6.270556603],[-75.558791169,6.270056558],[-75.557174202,6.279423386]]]]}, "properties" : {"id" : 151, "nombre" : "BRASILIA", "comuna" : null, "municipio" : "MEDELLIN"}}, {"type" : "Feature", "geometry" : {"type":"MultiPolygon","coordinates":[[[[-75.546807643,6.291879487],[-75.548370712,6.292138428],[-75.550095477,6.291665191],[-75.550481753,6.292138428],[-75.551110573,6.292084854],[-75.551550748,6.2918527],[-75.552898221,6.290432987],[-75.553643823,6.290254407],[-75.553410261,6.289629374],[-75.551874141,6.289093632],[-75.551892108,6.288682896],[-75.548460543,6.288022145],[-75.546906458,6.287861422],[-75.546744761,6.289334716],[-75.546268654,6.290691929],[-75.546358486,6.291165166],[-75.546807643,6.291879487]]]]}, "properties" : {"id" : 135, "nombre" : "MOSCU", "comuna" : null, "municipio" : "MEDELLIN"}}, {"type" : "Feature", "geometry" : {"type":"MultiPolygon","coordinates":[[[[-75.552476013,6.293674212],[-75.554874514,6.293406343],[-75.555629099,6.293486704],[-75.556177072,6.292272362],[-75.556392667,6.29104016],[-75.556302836,6.290227619],[-75.555898594,6.289057916],[-75.555242824,6.2895758],[-75.552898221,6.290432987],[-75.551290237,6.291995564],[-75.550841079,6.292147357],[-75.549987679,6.292111641],[-75.549843949,6.292629522],[-75.550912944,6.292683096],[-75.552476013,6.293674212]]]]}, "properties" : {"id" : 136, "nombre" : "MOSCU No.1", "comuna" : null, "municipio" : "MEDELLIN"}}, {"type" : "Feature", "geometry" : {"type":"MultiPolygon","coordinates":[[[[-75.556177072,6.292272362],[-75.555629099,6.293486704],[-75.557021488,6.294665326],[-75.558503708,6.294674255],[-75.559357108,6.294986769],[-75.559842198,6.29547786],[-75.560435086,6.296665407],[-75.561117806,6.295326068],[-75.562770706,6.293826004],[-75.563327661,6.293004539],[-75.561369334,6.292370581],[-75.558413877,6.291808055],[-75.556392667,6.29104016],[-75.556177072,6.292272362]]]]}, "properties" : {"id" : 137, "nombre" : "SANTA CRUZ", "comuna" : null, "municipio" : "MEDELLIN"}}, {"type" : "Feature", "geometry" : {"type":"MultiPolygon","coordinates":[[[[-75.556302836,6.290227619],[-75.556392667,6.29104016],[-75.558413877,6.291808055],[-75.561369334,6.292370581],[-75.563327661,6.293004539],[-75.563435459,6.292852746],[-75.563857667,6.291933061],[-75.562662908,6.291441966],[-75.561548997,6.29140625],[-75.561018991,6.291183024],[-75.560111693,6.2898526],[-75.5597344,6.289549013],[-75.55890795,6.28938829],[-75.557946753,6.289468652],[-75.555898594,6.289057916],[-75.556302836,6.290227619]]]]}, "properties" : {"id" : 138, "nombre" : "LA ROSA", "comuna" : null, "municipio" : "MEDELLIN"}}, {"type" : "Feature", "geometry" : {"type":"MultiPolygon","coordinates":[[[[-75.548460543,6.288022145],[-75.551892108,6.288682896],[-75.551874141,6.289093632],[-75.553410261,6.289629374],[-75.553643823,6.290254407],[-75.555242824,6.2895758],[-75.555898594,6.289057916],[-75.55577283,6.288665038],[-75.555332655,6.288156081],[-75.55144295,6.285647009],[-75.550589551,6.285307703],[-75.548712072,6.285289845],[-75.548460543,6.288022145]]]]}, "properties" : {"id" : 139, "nombre" : "VILLA GUADALUPE", "comuna" : null, "municipio" : "MEDELLIN"}}, {"type" : "Feature", "geometry" : {"type":"MultiPolygon","coordinates":[[[[-75.563830718,6.288915051],[-75.562698841,6.290013323],[-75.56289647,6.290593709],[-75.562617992,6.291433037],[-75.563857667,6.291933061],[-75.564243943,6.291138379],[-75.565348871,6.289888316],[-75.565807012,6.289031129],[-75.566292102,6.286272046],[-75.566570579,6.285673796],[-75.566139388,6.285352348],[-75.564953612,6.285682725],[-75.564270892,6.285388065],[-75.565582433,6.28453087],[-75.565555483,6.284048697],[-75.563444442,6.283352224],[-75.563156981,6.285513072],[-75.563830718,6.288915051]]]]}, "properties" : {"id" : 140, "nombre" : "PALERMO", "comuna" : null, "municipio" : "MEDELLIN"}}, {"type" : "Feature", "geometry" : {"type":"MultiPolygon","coordinates":[[[[-75.5597344,6.289549013],[-75.560111693,6.2898526],[-75.561018991,6.291183024],[-75.561548997,6.29140625],[-75.562617992,6.291433037],[-75.56289647,6.290593709],[-75.562698841,6.290013323],[-75.563830718,6.288915051],[-75.563183931,6.285870236],[-75.563354611,6.283727248],[-75.558171332,6.283521878],[-75.557946753,6.289468652],[-75.55890795,6.28938829],[-75.5597344,6.289549013]]]]}, "properties" : {"id" : 141, "nombre" : "SAN ISIDRO", "comuna" : null, "municipio" : "MEDELLIN"}}, {"type" : "Feature", "geometry" : {"type":"MultiPolygon","coordinates":[[[[-75.552943137,6.286629209],[-75.555332655,6.288156081],[-75.55577283,6.288665038],[-75.555898594,6.289057916],[-75.557946753,6.289468652],[-75.558171332,6.283521878],[-75.553149749,6.283387941],[-75.552943137,6.286629209]]]]}, "properties" : {"id" : 142, "nombre" : "BERLIN", "comuna" : null, "municipio" : "MEDELLIN"}}, {"type" : "Feature", "geometry" : {"type":"MultiPolygon","coordinates":[[[[-75.550984809,6.285423781],[-75.552943137,6.286629209],[-75.553149749,6.283387941],[-75.552916187,6.281878913],[-75.551362102,6.281816409],[-75.550544635,6.28223608],[-75.549044448,6.28159318],[-75.547526295,6.282423592],[-75.546385435,6.281869984],[-75.544939147,6.282575388],[-75.543708456,6.282950412],[-75.544121681,6.284396933],[-75.544112697,6.285093404],[-75.543070652,6.286539919],[-75.544175579,6.286057748],[-75.546726795,6.285379136],[-75.549987679,6.285254128],[-75.550984809,6.285423781]]]]}, "properties" : {"id" : 143, "nombre" : "LA SALLE", "comuna" : null, "municipio" : "MEDELLIN"}}, {"type" : "Feature", "geometry" : {"type":"MultiPolygon","coordinates":[[[[-75.541795044,6.283504019],[-75.54115724,6.284298712],[-75.540169093,6.286289904],[-75.542396915,6.286700642],[-75.543070652,6.286539919],[-75.544112697,6.285093404],[-75.544121681,6.284396933],[-75.543690489,6.282771829],[-75.544094731,6.281307446],[-75.543187433,6.281164579],[-75.54201064,6.280405598],[-75.541795044,6.283504019]]]]}, "properties" : {"id" : 144, "nombre" : "SAN JOSE LA CIMA No.1", "comuna" : null, "municipio" : "MEDELLIN"}}, {"type" : "Feature", "geometry" : {"type":"MultiPolygon","coordinates":[[[[-75.539728919,6.279405527],[-75.538803654,6.280343094],[-75.538866536,6.280968137],[-75.538713823,6.281512817],[-75.537186687,6.283325436],[-75.537177703,6.284111201],[-75.536575832,6.285075546],[-75.538606025,6.286673855],[-75.540169093,6.286289904],[-75.54115724,6.284298712],[-75.541795044,6.283504019],[-75.541965724,6.282307513],[-75.541974707,6.280691332],[-75.542280134,6.279066217],[-75.542316067,6.277467885],[-75.539728919,6.279405527]]]]}, "properties" : {"id" : 145, "nombre" : "MARIA CANO-CARAMBOLAS", "comuna" : null, "municipio" : "MEDELLIN"}}, {"type" : "Feature", "geometry" : {"type":"MultiPolygon","coordinates":[[[[-75.564270892,6.285388065],[-75.564953612,6.285682725],[-75.566139388,6.285352348],[-75.566570579,6.285673796],[-75.566938889,6.285146979],[-75.568124665,6.284361216],[-75.568385176,6.284039768],[-75.568573823,6.282628963],[-75.570082992,6.275878477],[-75.568798401,6.275610598],[-75.568340261,6.275360579],[-75.565294972,6.272137098],[-75.564495471,6.277066068],[-75.565187174,6.278128648],[-75.565465652,6.278825128],[-75.565654298,6.280485961],[-75.566696344,6.281253871],[-75.566822108,6.281762834],[-75.566633462,6.282370017],[-75.565582433,6.28380761],[-75.565582433,6.28453087],[-75.564270892,6.285388065]]]]}, "properties" : {"id" : 146, "nombre" : "MORAVIA", "comuna" : null, "municipio" : "MEDELLIN"}}, {"type" : "Feature", "geometry" : {"type":"MultiPolygon","coordinates":[[[[-75.564154111,6.277842913],[-75.563678004,6.279976996],[-75.563956482,6.281682471],[-75.563444442,6.283352224],[-75.565555483,6.284048697],[-75.565735146,6.283557594],[-75.566633462,6.282370017],[-75.566813125,6.281459242],[-75.565654298,6.280485961],[-75.565465652,6.278825128],[-75.565187174,6.278128648],[-75.564495471,6.277066068],[-75.564154111,6.277842913]]]]}, "properties" : {"id" : 147, "nombre" : "BERMEJAL-LOS ALAMOS", "comuna" : null, "municipio" : "MEDELLIN"}}, {"type" : "Feature", "geometry" : {"type":"MultiPolygon","coordinates":[[[[-75.558171332,6.283521878],[-75.563354611,6.283727248],[-75.563956482,6.281682471],[-75.563678004,6.279976996],[-75.564073263,6.278146507],[-75.562905453,6.27811079],[-75.560749496,6.278673331],[-75.560183558,6.278860845],[-75.559554737,6.278825128],[-75.558881001,6.27845903],[-75.558386927,6.278441171],[-75.558171332,6.283521878]]]]}, "properties" : {"id" : 148, "nombre" : "ARANJUEZ", "comuna" : null, "municipio" : "MEDELLIN"}}, {"type" : "Feature", "geometry" : {"type":"MultiPolygon","coordinates":[[[[-75.556500465,6.279994855],[-75.555242824,6.280200226],[-75.553706705,6.281637825],[-75.552916187,6.281878913],[-75.553149749,6.283387941],[-75.558171332,6.283521878],[-75.558386927,6.278441171],[-75.556500465,6.279994855]]]]}, "properties" : {"id" : 149, "nombre" : "LA PINUELA", "comuna" : null, "municipio" : "MEDELLIN"}}, {"type" : "Feature", "geometry" : {"type":"MultiPolygon","coordinates":[[[[-75.560749496,6.278673331],[-75.562905453,6.27811079],[-75.564073263,6.278146507],[-75.564531404,6.276985705],[-75.565133275,6.273137183],[-75.562716807,6.272672858],[-75.562456295,6.271520973],[-75.561998155,6.270895919],[-75.5613873,6.275574881],[-75.560749496,6.278673331]]]]}, "properties" : {"id" : 150, "nombre" : "MIRANDA", "comuna" : null, "municipio" : "MEDELLIN"}}, {"type" : "Feature", "geometry" : {"type":"MultiPolygon","coordinates":[[[[-75.552844322,6.281352092],[-75.552916187,6.281878913],[-75.553706705,6.281637825],[-75.555242824,6.280200226],[-75.556500465,6.279994855],[-75.557174202,6.279423386],[-75.557641326,6.277030351],[-75.556563347,6.276878554],[-75.556383684,6.277717903],[-75.553518058,6.277253583],[-75.552844322,6.281352092]]]]}, "properties" : {"id" : 152, "nombre" : "LAS ESMERALDAS", "comuna" : null, "municipio" : "MEDELLIN"}}, {"type" : "Feature", "geometry" : {"type":"MultiPolygon","coordinates":[[[[-75.543708456,6.282950412],[-75.544939147,6.282575388],[-75.546385435,6.281869984],[-75.547526295,6.282423592],[-75.549044448,6.28159318],[-75.550544635,6.28223608],[-75.551362102,6.281816409],[-75.552916187,6.281878913],[-75.552844322,6.281352092],[-75.553518058,6.277253583],[-75.548343762,6.276307082],[-75.547732908,6.276065991],[-75.547571211,6.275682033],[-75.543654557,6.274931973],[-75.543385062,6.275423084],[-75.544067782,6.276092779],[-75.544364226,6.27680712],[-75.544624737,6.278896562],[-75.544552872,6.279753766],[-75.543708456,6.282950412]]]]}, "properties" : {"id" : 153, "nombre" : "LAS GRANJAS", "comuna" : null, "municipio" : "MEDELLIN"}}, {"type" : "Feature", "geometry" : {"type":"MultiPolygon","coordinates":[[[[-75.553518058,6.277253583],[-75.556383684,6.277717903],[-75.556563347,6.276878554],[-75.557641326,6.277030351],[-75.558791169,6.270056558],[-75.554901464,6.269377926],[-75.553518058,6.277253583]]]]}, "properties" : {"id" : 154, "nombre" : "CAMPO VALDES No.1", "comuna" : null, "municipio" : "MEDELLIN"}}, {"type" : "Feature", "geometry" : {"type":"MultiPolygon","coordinates":[[[[-75.549170212,6.270011912],[-75.549556488,6.270413733],[-75.550562601,6.270520886],[-75.549502589,6.276503525],[-75.553518058,6.277253583],[-75.554838582,6.269708313],[-75.554218744,6.269860112],[-75.553679755,6.269627948],[-75.552026855,6.269583302],[-75.550823113,6.269654737],[-75.549170212,6.270011912]]]]}, "properties" : {"id" : 155, "nombre" : "CAMPO VALDES No.2", "comuna" : null, "municipio" : "MEDELLIN"}}, {"type" : "Feature", "geometry" : {"type":"MultiPolygon","coordinates":[[[[-75.543223365,6.272556777],[-75.543951001,6.272949667],[-75.54414863,6.273530073],[-75.544130664,6.274110478],[-75.543654557,6.274931973],[-75.547571211,6.275682033],[-75.547885622,6.276164213],[-75.549502589,6.276503525],[-75.550562601,6.270520886],[-75.549556488,6.270413733],[-75.549170212,6.270011912],[-75.548155116,6.270395875],[-75.546834593,6.271279881],[-75.545963227,6.271163799],[-75.545388305,6.271253093],[-75.543223365,6.272556777]]]]}, "properties" : {"id" : 156, "nombre" : "SANTA INES", "comuna" : null, "municipio" : "MEDELLIN"}}, {"type" : "Feature", "geometry" : {"type":"MultiPolygon","coordinates":[[[[-75.565294972,6.272137098],[-75.568340261,6.275360579],[-75.568798401,6.275610598],[-75.570082992,6.275878477],[-75.571160971,6.27087806],[-75.565771079,6.269395785],[-75.565294972,6.272137098]]]]}, "properties" : {"id" : 157, "nombre" : "PARQUE NORTE", "comuna" : null, "municipio" : "MEDELLIN"}}, {"type" : "Feature", "geometry" : {"type":"MultiPolygon","coordinates":[[[[-75.562159851,6.269726172],[-75.561998155,6.270895919],[-75.562456295,6.271520973],[-75.562716807,6.272672858],[-75.565133275,6.273137183],[-75.565771079,6.269395785],[-75.562716807,6.268476057],[-75.56207002,6.268092093],[-75.562159851,6.269726172]]]]}, "properties" : {"id" : 158, "nombre" : "JARDIN BOTANICO", "comuna" : null, "municipio" : "MEDELLIN"}}, {"type" : "Feature", "geometry" : {"type":"MultiPolygon","coordinates":[[[[-75.549170212,6.270011912],[-75.550823113,6.269654737],[-75.552026855,6.269583302],[-75.553679755,6.269627948],[-75.554218744,6.269860112],[-75.554838582,6.269708313],[-75.55526079,6.267368811],[-75.5539223,6.267091999],[-75.552844322,6.267708128],[-75.551586681,6.267511681],[-75.55027514,6.267967081],[-75.550041578,6.267931364],[-75.549385808,6.268976103],[-75.549170212,6.270011912]]]]}, "properties" : {"id" : 159, "nombre" : "EL POMAR", "comuna" : null, "municipio" : "MEDELLIN"}}, {"type" : "Feature", "geometry" : {"type":"MultiPolygon","coordinates":[[[[-75.542316067,6.277467885],[-75.542280134,6.279066217],[-75.54201064,6.280405598],[-75.543187433,6.281164579],[-75.544094731,6.281307446],[-75.544552872,6.279753766],[-75.544624737,6.278896562],[-75.544498973,6.27740538],[-75.544013883,6.276039203],[-75.542316067,6.277467885]]]]}, "properties" : {"id" : 160, "nombre" : "SAN JOSE LA CIMA No.2", "comuna" : null, "municipio" : "MEDELLIN"}}, {"type" : "Feature", "geometry" : {"type":"MultiPolygon","coordinates":[[[[-75.538174833,6.279976996],[-75.538794671,6.280209156],[-75.538803654,6.280343094],[-75.539728919,6.279405527],[-75.544013883,6.276039203],[-75.543385062,6.275423084],[-75.544130664,6.274110478],[-75.54414863,6.273530073],[-75.543951001,6.272949667],[-75.543061669,6.27251213],[-75.54215437,6.272699646],[-75.541211139,6.273163971],[-75.540393672,6.274110478],[-75.539306711,6.274824821],[-75.537581945,6.275298074],[-75.534734286,6.275405225],[-75.536503967,6.276065991],[-75.536791428,6.276378516],[-75.536306338,6.276949988],[-75.535659551,6.277396451],[-75.536252439,6.277860771],[-75.536521933,6.278405455],[-75.536656681,6.279735908],[-75.536800411,6.279807342],[-75.537429232,6.279343023],[-75.538174833,6.279976996]]]]}, "properties" : {"id" : 161, "nombre" : "ORIENTE", "comuna" : null, "municipio" : "MEDELLIN"}}, {"type" : "Feature", "geometry" : {"type":"MultiPolygon","coordinates":[[[[-75.532982571,6.275458801],[-75.533800038,6.275244498],[-75.534734286,6.275405225],[-75.537581945,6.275298074],[-75.539306711,6.274824821],[-75.540393672,6.274110478],[-75.541211139,6.273163971],[-75.54215437,6.272699646],[-75.542657427,6.271074506],[-75.54215437,6.270154782],[-75.542091488,6.269190409],[-75.541929791,6.268860021],[-75.540447571,6.268377834],[-75.540402655,6.268145669],[-75.538255682,6.267877787],[-75.535443955,6.266841975],[-75.533710206,6.266699104],[-75.531742896,6.266315138],[-75.530278642,6.266341926],[-75.529568973,6.266529445],[-75.529568973,6.266672315],[-75.529784569,6.266815186],[-75.530682884,6.266797327],[-75.530808648,6.267047351],[-75.530682884,6.267949222],[-75.530943395,6.267993869],[-75.531392553,6.267734917],[-75.531742896,6.267708128],[-75.531886626,6.268074234],[-75.531796795,6.268404622],[-75.532443582,6.269002892],[-75.532677144,6.269976194],[-75.533225116,6.270583391],[-75.532802908,6.271315598],[-75.532901723,6.271494185],[-75.53371919,6.271378104],[-75.534069533,6.271547762],[-75.53454564,6.272949667],[-75.535057679,6.273753305],[-75.534967848,6.274047973],[-75.534401909,6.274431932],[-75.532901723,6.27521771],[-75.532982571,6.275458801]]]]}, "properties" : {"id" : 162, "nombre" : "LA CRUZ", "comuna" : null, "municipio" : "MEDELLIN"}}, {"type" : "Feature", "geometry" : {"type":"MultiPolygon","coordinates":[[[[-75.54266641,6.271306669],[-75.54218132,6.272351402],[-75.54215437,6.272699646],[-75.543223365,6.272556777],[-75.545388305,6.271253093],[-75.545963227,6.271163799],[-75.546834593,6.271279881],[-75.548155116,6.270395875],[-75.549170212,6.270011912],[-75.549385808,6.268976103],[-75.550041578,6.267931364],[-75.548981566,6.267520611],[-75.546502216,6.267297375],[-75.545352372,6.267297375],[-75.54218132,6.268199246],[-75.540402655,6.268145669],[-75.540447571,6.268377834],[-75.541929791,6.268860021],[-75.542091488,6.269190409],[-75.54215437,6.270154782],[-75.542540646,6.270753049],[-75.54266641,6.271306669]]]]}, "properties" : {"id" : 163, "nombre" : "EL RAIZAL", "comuna" : null, "municipio" : "MEDELLIN"}}, {"type" : "Feature", "geometry" : {"type":"MultiPolygon","coordinates":[[[[-75.537878389,6.261243194],[-75.53782449,6.262028991],[-75.537016007,6.264145281],[-75.532731043,6.266091902],[-75.531742896,6.266315138],[-75.533710206,6.266699104],[-75.535443955,6.266841975],[-75.537105838,6.26752954],[-75.538785688,6.268011728],[-75.540402655,6.268145669],[-75.541426735,6.267797422],[-75.541516566,6.267583117],[-75.541238088,6.266904481],[-75.541265038,6.266225844],[-75.541848943,6.264966792],[-75.541444701,6.263716666],[-75.541588431,6.262886223],[-75.54147165,6.262207581],[-75.541624364,6.261636093],[-75.541417752,6.261234264],[-75.537878389,6.261243194]]]]}, "properties" : {"id" : 164, "nombre" : "VERSALES No.2", "comuna" : null, "municipio" : "MEDELLIN"}}, {"type" : "Feature", "geometry" : {"type":"MultiPolygon","coordinates":[[[[-75.541417752,6.261234264],[-75.541624364,6.261636093],[-75.54147165,6.262207581],[-75.541588431,6.262886223],[-75.541444701,6.263716666],[-75.541848943,6.264966792],[-75.541238088,6.266466939],[-75.541300971,6.267190222],[-75.541516566,6.267583117],[-75.541426735,6.267797422],[-75.540402655,6.268145669],[-75.54218132,6.268199246],[-75.545352372,6.267297375],[-75.546502216,6.267297375],[-75.546565098,6.265690077],[-75.546394418,6.265591853],[-75.546403401,6.265395405],[-75.546861542,6.26465426],[-75.546708829,6.26416314],[-75.546699845,6.261850401],[-75.543573708,6.261216405],[-75.541417752,6.261234264]]]]}, "properties" : {"id" : 165, "nombre" : "VERSALES No.1", "comuna" : null, "municipio" : "MEDELLIN"}}, {"type" : "Feature", "geometry" : {"type":"MultiPolygon","coordinates":[[[[-75.546708829,6.26416314],[-75.546861542,6.26465426],[-75.546403401,6.265395405],[-75.546394418,6.265591853],[-75.546565098,6.265690077],[-75.546502216,6.267297375],[-75.548981566,6.267520611],[-75.550041578,6.267931364],[-75.551164472,6.266047255],[-75.551487866,6.265073945],[-75.552547878,6.2643328],[-75.552808389,6.263698807],[-75.55326653,6.263538076],[-75.553697721,6.262787999],[-75.553877385,6.261332489],[-75.552745507,6.261332489],[-75.551424984,6.262037921],[-75.550894978,6.262511184],[-75.550634466,6.262546902],[-75.54828088,6.262002203],[-75.54830783,6.261278912],[-75.548074268,6.26112711],[-75.547157986,6.261028885],[-75.54696934,6.261627163],[-75.546699845,6.261850401],[-75.546708829,6.26416314]]]]}, "properties" : {"id" : 166, "nombre" : "MANRIQUE ORIENTAL", "comuna" : null, "municipio" : "MEDELLIN"}}, {"type" : "Feature", "geometry" : {"type":"MultiPolygon","coordinates":[[[[-75.550041578,6.267931364],[-75.55027514,6.267967081],[-75.551586681,6.267511681],[-75.552844322,6.267708128],[-75.5539223,6.267091999],[-75.55526079,6.267368811],[-75.55560215,6.264859638],[-75.555620116,6.263279121],[-75.555907577,6.263359486],[-75.555790796,6.262716563],[-75.55594351,6.262082568],[-75.556662162,6.261600375],[-75.555467403,6.26075207],[-75.5547757,6.260484184],[-75.554479256,6.260600268],[-75.553877385,6.261332489],[-75.553697721,6.262787999],[-75.55326653,6.263538076],[-75.552808389,6.263698807],[-75.552547878,6.2643328],[-75.551487866,6.265073945],[-75.551164472,6.266047255],[-75.550041578,6.267931364]]]]}, "properties" : {"id" : 167, "nombre" : "MANRIQUE CENTRAL No.2", "comuna" : null, "municipio" : "MEDELLIN"}}, {"type" : "Feature", "geometry" : {"type":"MultiPolygon","coordinates":[[[[-75.5555752,6.263484499],[-75.55560215,6.264859638],[-75.554901464,6.269377926],[-75.558791169,6.270056558],[-75.55907863,6.267895646],[-75.559976945,6.263547006],[-75.557928786,6.263091602],[-75.55839591,6.262395101],[-75.557335898,6.262118286],[-75.556662162,6.261600375],[-75.55594351,6.262082568],[-75.555790796,6.262716563],[-75.555907577,6.263359486],[-75.555620116,6.263279121],[-75.5555752,6.263484499]]]]}, "properties" : {"id" : 168, "nombre" : "MANRIQUE CENTRAL No.1", "comuna" : null, "municipio" : "MEDELLIN"}}, {"type" : "Feature", "geometry" : {"type":"MultiPolygon","coordinates":[[[[-75.55907863,6.267895646],[-75.558791169,6.270056558],[-75.562061037,6.270556603],[-75.562186801,6.266958057],[-75.562797655,6.265404335],[-75.563606139,6.264180999],[-75.559976945,6.263547006],[-75.55907863,6.267895646]]]]}, "properties" : {"id" : 169, "nombre" : "SAN PEDRO", "comuna" : null, "municipio" : "MEDELLIN"}}, {"type" : "Feature", "geometry" : {"type":"MultiPolygon","coordinates":[[[[-75.563013251,6.265038227],[-75.56238443,6.266315138],[-75.56207002,6.268092093],[-75.562716807,6.268476057],[-75.566489731,6.26961009],[-75.567693474,6.264591754],[-75.566732276,6.264395306],[-75.563669021,6.264198857],[-75.563013251,6.265038227]]]]}, "properties" : {"id" : 170, "nombre" : "SEVILLA", "comuna" : null, "municipio" : "MEDELLIN"}}, {"type" : "Feature", "geometry" : {"type":"MultiPolygon","coordinates":[[[[-75.566489731,6.26961009],[-75.571160971,6.27087806],[-75.572382679,6.265270393],[-75.567693474,6.264591754],[-75.566489731,6.26961009]]]]}, "properties" : {"id" : 171, "nombre" : "U. DE A.", "comuna" : null, "municipio" : "MEDELLIN"}}, {"type" : "Feature", "geometry" : {"type":"MultiPolygon","coordinates":[[[[-75.570253672,6.259207259],[-75.567980934,6.263654159],[-75.567693474,6.264591754],[-75.572382679,6.265270393],[-75.573954731,6.260618127],[-75.572706073,6.25815357],[-75.572337764,6.257573147],[-75.571897589,6.257242752],[-75.570253672,6.259207259]]]]}, "properties" : {"id" : 172, "nombre" : "EL CHAGUALO", "comuna" : null, "municipio" : "MEDELLIN"}}, {"type" : "Feature", "geometry" : {"type":"MultiPolygon","coordinates":[[[[-75.564944629,6.260689563],[-75.567307198,6.261055674],[-75.566992788,6.262091498],[-75.566669394,6.264386376],[-75.567693474,6.264591754],[-75.567980934,6.263654159],[-75.569984178,6.259707314],[-75.570630965,6.258725062],[-75.569759599,6.258466105],[-75.566040573,6.257894612],[-75.564944629,6.260689563]]]]}, "properties" : {"id" : 173, "nombre" : "JESUS NAZARENO", "comuna" : null, "municipio" : "MEDELLIN"}}, {"type" : "Feature", "geometry" : {"type":"MultiPolygon","coordinates":[[[[-75.563606139,6.264180999],[-75.566669394,6.264386376],[-75.566992788,6.262091498],[-75.567307198,6.261055674],[-75.564944629,6.260689563],[-75.563606139,6.264180999]]]]}, "properties" : {"id" : 174, "nombre" : "SAN VICENTE DE PAUL", "comuna" : null, "municipio" : "MEDELLIN"}}, {"type" : "Feature", "geometry" : {"type":"MultiPolygon","coordinates":[[[[-75.560956109,6.256055115],[-75.558674388,6.259225118],[-75.557380814,6.261377137],[-75.556662162,6.261600375],[-75.557335898,6.262118286],[-75.55839591,6.262395101],[-75.557928786,6.263091602],[-75.563606139,6.264180999],[-75.56622922,6.257305259],[-75.563758853,6.255858664],[-75.562348498,6.254822827],[-75.561656795,6.25547469],[-75.561360351,6.25524252],[-75.560956109,6.256055115]]]]}, "properties" : {"id" : 175, "nombre" : "PRADO", "comuna" : null, "municipio" : "MEDELLIN"}}, {"type" : "Feature", "geometry" : {"type":"MultiPolygon","coordinates":[[[[-75.555467403,6.26075207],[-75.556662162,6.261600375],[-75.557201151,6.261520009],[-75.559536771,6.258073203],[-75.55890795,6.257698161],[-75.558027601,6.257876753],[-75.556563347,6.257689231],[-75.55591656,6.257439203],[-75.555126043,6.25685878],[-75.552107703,6.261073533],[-75.552529912,6.261421784],[-75.553877385,6.261332489],[-75.554479256,6.260600268],[-75.5547757,6.260484184],[-75.555467403,6.26075207]]]]}, "properties" : {"id" : 176, "nombre" : "LA MANSION", "comuna" : null, "municipio" : "MEDELLIN"}}, {"type" : "Feature", "geometry" : {"type":"MultiPolygon","coordinates":[[[[-75.543735405,6.258278584],[-75.544516939,6.258287513],[-75.546870525,6.258894724],[-75.547670026,6.25917154],[-75.549116314,6.2599752],[-75.550598534,6.260082354],[-75.552107703,6.261073533],[-75.554703835,6.257385626],[-75.551002776,6.254804968],[-75.550095477,6.25546576],[-75.548379695,6.2561712],[-75.545532036,6.257733879],[-75.544795417,6.25793926],[-75.543591675,6.257921401],[-75.543735405,6.258278584]]]]}, "properties" : {"id" : 177, "nombre" : "VILLA HERMOSA", "comuna" : null, "municipio" : "MEDELLIN"}}, {"type" : "Feature", "geometry" : {"type":"MultiPolygon","coordinates":[[[[-75.552170585,6.250768758],[-75.551505832,6.251072368],[-75.550993792,6.251893899],[-75.54979005,6.252679711],[-75.545774581,6.253608396],[-75.54383422,6.253894145],[-75.542100471,6.254420994],[-75.542271151,6.255224661],[-75.542163353,6.255876523],[-75.541750128,6.256492666],[-75.540375706,6.257483851],[-75.544283377,6.257966048],[-75.545532036,6.257733879],[-75.548379695,6.2561712],[-75.550095477,6.25546576],[-75.551002776,6.254804968],[-75.55246703,6.254349556],[-75.553509075,6.253778059],[-75.554048064,6.253277998],[-75.555152992,6.251500993],[-75.555144009,6.251233102],[-75.554820616,6.250759828],[-75.552170585,6.250768758]]]]}, "properties" : {"id" : 178, "nombre" : "LA LADERA", "comuna" : null, "municipio" : "MEDELLIN"}}, {"type" : "Feature", "geometry" : {"type":"MultiPolygon","coordinates":[[[[-75.559536771,6.258073203],[-75.560956109,6.256055115],[-75.554901464,6.251795673],[-75.554048064,6.253277998],[-75.553509075,6.253778059],[-75.55246703,6.254349556],[-75.551002776,6.254804968],[-75.554703835,6.257385626],[-75.555126043,6.25685878],[-75.55591656,6.257439203],[-75.556563347,6.257689231],[-75.558027601,6.257876753],[-75.55890795,6.257698161],[-75.559536771,6.258073203]]]]}, "properties" : {"id" : 179, "nombre" : "SAN MIGUEL", "comuna" : null, "municipio" : "MEDELLIN"}}, {"type" : "Feature", "geometry" : {"type":"MultiPolygon","coordinates":[[[[-75.548217998,6.250875915],[-75.548685122,6.251554571],[-75.548891735,6.252206438],[-75.548173082,6.252751148],[-75.547957487,6.253135124],[-75.54979005,6.252679711],[-75.55027514,6.25242968],[-75.550993792,6.251893899],[-75.551505832,6.251072368],[-75.551946007,6.250840196],[-75.552790423,6.250688391],[-75.554820616,6.250759828],[-75.554847565,6.249804349],[-75.553832469,6.24948288],[-75.554281626,6.248313084],[-75.552152619,6.24701827],[-75.551658546,6.246821815],[-75.54879292,6.247170076],[-75.547292733,6.246705728],[-75.546295604,6.247205795],[-75.547292733,6.247670142],[-75.547687992,6.248080911],[-75.547930537,6.249840068],[-75.548595291,6.249813279],[-75.548217998,6.250875915]]]]}, "properties" : {"id" : 180, "nombre" : "ENCISO", "comuna" : null, "municipio" : "MEDELLIN"}}, {"type" : "Feature", "geometry" : {"type":"MultiPolygon","coordinates":[[[[-75.560956109,6.256055115],[-75.561360351,6.25524252],[-75.561656795,6.25547469],[-75.562348498,6.254822827],[-75.56073153,6.253661974],[-75.560147625,6.252822586],[-75.560596783,6.252108212],[-75.559213377,6.251188454],[-75.558018618,6.250483008],[-75.557317932,6.250483008],[-75.556671145,6.250027592],[-75.554676885,6.249723982],[-75.554847565,6.249804349],[-75.554820616,6.250759828],[-75.555144009,6.251233102],[-75.555152992,6.251500993],[-75.554901464,6.251795673],[-75.560956109,6.256055115]]]]}, "properties" : {"id" : 181, "nombre" : "LOS ANGELES", "comuna" : null, "municipio" : "MEDELLIN"}}, {"type" : "Feature", "geometry" : {"type":"MultiPolygon","coordinates":[[[[-75.54830783,6.261278912],[-75.54828088,6.262002203],[-75.550634466,6.262546902],[-75.550894978,6.262511184],[-75.551424984,6.262037921],[-75.552529912,6.261421784],[-75.550598534,6.260082354],[-75.548801903,6.259876975],[-75.547670026,6.25917154],[-75.546870525,6.258894724],[-75.544516939,6.258287513],[-75.543735405,6.258278584],[-75.543591675,6.257921401],[-75.539953498,6.257448133],[-75.538983317,6.257090949],[-75.537492114,6.257242752],[-75.53600091,6.258082133],[-75.535408022,6.258617907],[-75.533737156,6.259323343],[-75.534078516,6.259626948],[-75.534527673,6.259510863],[-75.534886999,6.259609088],[-75.535408022,6.26054669],[-75.536836344,6.261019956],[-75.537599912,6.260921731],[-75.537878389,6.261243194],[-75.538839587,6.261332489],[-75.543088618,6.261180687],[-75.546690862,6.26185933],[-75.54696934,6.261627163],[-75.547157986,6.261028885],[-75.54830783,6.261278912]]]]}, "properties" : {"id" : 182, "nombre" : "BATALLON GIRARDOT", "comuna" : null, "municipio" : "MEDELLIN"}}, {"type" : "Feature", "geometry" : {"type":"MultiPolygon","coordinates":[[[[-75.533683257,6.258921513],[-75.533737156,6.259323343],[-75.535408022,6.258617907],[-75.53600091,6.258082133],[-75.537492114,6.257242752],[-75.538983317,6.257090949],[-75.540375706,6.257483851],[-75.541750128,6.256492666],[-75.542163353,6.255876523],[-75.542271151,6.255224661],[-75.542118437,6.254474571],[-75.541426735,6.253295858],[-75.541606398,6.25242075],[-75.541408768,6.252009985],[-75.540591301,6.251456345],[-75.541094358,6.250554445],[-75.540941644,6.249991874],[-75.53998943,6.249447161],[-75.539603155,6.249018534],[-75.537977204,6.249268566],[-75.537860423,6.24945609],[-75.535794298,6.249857928],[-75.534473774,6.250295484],[-75.533386813,6.251045579],[-75.532856807,6.251617079],[-75.533072403,6.251697446],[-75.533970718,6.251206313],[-75.534410892,6.251125946],[-75.534779202,6.25129561],[-75.534886999,6.251751025],[-75.535425989,6.252233227],[-75.535210393,6.25271543],[-75.534105465,6.253769129],[-75.53437496,6.25401023],[-75.535129545,6.253947722],[-75.535417005,6.254162034],[-75.535749382,6.255599705],[-75.535327174,6.256510525],[-75.533683257,6.258921513]]]]}, "properties" : {"id" : 183, "nombre" : "LLANADITAS No.2", "comuna" : null, "municipio" : "MEDELLIN"}}, {"type" : "Feature", "geometry" : {"type":"MultiPolygon","coordinates":[[[[-75.540941644,6.249991874],[-75.541094358,6.250554445],[-75.540591301,6.251456345],[-75.541507583,6.252188579],[-75.541624364,6.252742219],[-75.541426735,6.253295858],[-75.542100471,6.254420994],[-75.54383422,6.253894145],[-75.547957487,6.253135124],[-75.548173082,6.252751148],[-75.548891735,6.252206438],[-75.548685122,6.251554571],[-75.548217998,6.250875915],[-75.548595291,6.249813279],[-75.547930537,6.249840068],[-75.547687992,6.248080911],[-75.547292733,6.247670142],[-75.546295604,6.247205795],[-75.545361356,6.247580845],[-75.543888119,6.248643485],[-75.542998786,6.248938166],[-75.541274021,6.249277496],[-75.539603155,6.249018534],[-75.53998943,6.249447161],[-75.540941644,6.249991874]]]]}, "properties" : {"id" : 184, "nombre" : "LOS MANGOS", "comuna" : null, "municipio" : "MEDELLIN"}}, {"type" : "Feature", "geometry" : {"type":"MultiPolygon","coordinates":[[[[-75.566040573,6.257894612],[-75.569759599,6.258466105],[-75.570630965,6.258725062],[-75.571897589,6.257242752],[-75.571295718,6.256144411],[-75.571053173,6.253912004],[-75.570568083,6.253403014],[-75.569723666,6.253054757],[-75.569418239,6.254644235],[-75.56739703,6.254233471],[-75.566040573,6.257894612]]]]}, "properties" : {"id" : 185, "nombre" : "ESTACION VILLA", "comuna" : null, "municipio" : "MEDELLIN"}}, {"type" : "Feature", "geometry" : {"type":"MultiPolygon","coordinates":[[[[-75.560875261,6.251706376],[-75.560147625,6.252822586],[-75.56073153,6.253661974],[-75.563758853,6.255858664],[-75.56622922,6.257305259],[-75.567459912,6.253831637],[-75.561638829,6.25010796],[-75.560875261,6.251706376]]]]}, "properties" : {"id" : 186, "nombre" : "VILLA NUEVA", "comuna" : null, "municipio" : "MEDELLIN"}}, {"type" : "Feature", "geometry" : {"type":"MultiPolygon","coordinates":[[[[-75.560596783,6.252108212],[-75.562025104,6.249375723],[-75.563372577,6.246286029],[-75.558413877,6.243758895],[-75.557973702,6.244607227],[-75.557506578,6.244410772],[-75.556680128,6.24538412],[-75.556419617,6.245143016],[-75.555889611,6.246152082],[-75.554497222,6.247929105],[-75.553832469,6.24948288],[-75.554676885,6.249723982],[-75.556015375,6.249831139],[-75.55694064,6.250125819],[-75.557317932,6.250483008],[-75.558018618,6.250483008],[-75.560596783,6.252108212]]]]}, "properties" : {"id" : 187, "nombre" : "BOSTON", "comuna" : null, "municipio" : "MEDELLIN"}}, {"type" : "Feature", "geometry" : {"type":"MultiPolygon","coordinates":[[[[-75.554281626,6.248313084],[-75.556042324,6.245857399],[-75.553536025,6.243223106],[-75.552089737,6.242821263],[-75.550032595,6.242740894],[-75.549799033,6.243473141],[-75.549340892,6.243571369],[-75.549089364,6.244125018],[-75.548550375,6.244080369],[-75.547292733,6.246705728],[-75.54879292,6.247170076],[-75.551658546,6.246821815],[-75.554281626,6.248313084]]]]}, "properties" : {"id" : 188, "nombre" : "SUCRE", "comuna" : null, "municipio" : "MEDELLIN"}}, {"type" : "Feature", "geometry" : {"type":"MultiPolygon","coordinates":[[[[-75.541579448,6.244428631],[-75.541606398,6.245500207],[-75.542603528,6.246964691],[-75.543385062,6.248786361],[-75.543888119,6.248643485],[-75.545361356,6.247580845],[-75.547292733,6.246705728],[-75.548550375,6.244080369],[-75.549089364,6.244125018],[-75.549340892,6.243571369],[-75.549799033,6.243473141],[-75.549942764,6.243196316],[-75.550032595,6.242740894],[-75.548002403,6.241544295],[-75.546870525,6.240392342],[-75.545954244,6.240115515],[-75.545567968,6.240570939],[-75.545711699,6.241347838],[-75.545505086,6.24183005],[-75.544112697,6.242812333],[-75.543106584,6.243214176],[-75.541579448,6.244428631]]]]}, "properties" : {"id" : 189, "nombre" : "EL PINAL", "comuna" : null, "municipio" : "MEDELLIN"}}, {"type" : "Feature", "geometry" : {"type":"MultiPolygon","coordinates":[[[[-75.569723666,6.253054757],[-75.570568083,6.253403014],[-75.571053173,6.253912004],[-75.571295718,6.256144411],[-75.571628095,6.256876639],[-75.572706073,6.25815357],[-75.573954731,6.260618127],[-75.577305447,6.254483501],[-75.575113558,6.253286928],[-75.575185423,6.25159029],[-75.57104419,6.249768631],[-75.569723666,6.253054757]]]]}, "properties" : {"id" : 190, "nombre" : "SAN BENITO", "comuna" : null, "municipio" : "MEDELLIN"}}, {"type" : "Feature", "geometry" : {"type":"MultiPolygon","coordinates":[[[[-75.561638829,6.25010796],[-75.567459912,6.253831637],[-75.56739703,6.254233471],[-75.569418239,6.254644235],[-75.569696717,6.253135124],[-75.571655044,6.248027332],[-75.568376193,6.246768236],[-75.567756356,6.247661213],[-75.566453799,6.246964691],[-75.566983805,6.246286029],[-75.564333774,6.244526859],[-75.563372577,6.246286029],[-75.561638829,6.25010796]]]]}, "properties" : {"id" : 191, "nombre" : "LA CANDELARIA", "comuna" : null, "municipio" : "MEDELLIN"}}, {"type" : "Feature", "geometry" : {"type":"MultiPolygon","coordinates":[[[[-75.575302204,6.247929105],[-75.575203389,6.251509923],[-75.575113558,6.253286928],[-75.577305447,6.254483501],[-75.580260904,6.248973885],[-75.580413618,6.248527398],[-75.580323786,6.248089841],[-75.574826097,6.246134222],[-75.575302204,6.247929105]]]]}, "properties" : {"id" : 192, "nombre" : "CORAZON DEJESUS", "comuna" : null, "municipio" : "MEDELLIN"}}, {"type" : "Feature", "geometry" : {"type":"MultiPolygon","coordinates":[[[[-75.568376193,6.246768236],[-75.571655044,6.248027332],[-75.57104419,6.249768631],[-75.575185423,6.25159029],[-75.575302204,6.247929105],[-75.574826097,6.246134222],[-75.569975194,6.244366123],[-75.568376193,6.246768236]]]]}, "properties" : {"id" : 193, "nombre" : "GUAYAQUIL", "comuna" : null, "municipio" : "MEDELLIN"}}, {"type" : "Feature", "geometry" : {"type":"MultiPolygon","coordinates":[[[[-75.564333774,6.244526859],[-75.566983805,6.246286029],[-75.566453799,6.246964691],[-75.567756356,6.247661213],[-75.569975194,6.244366123],[-75.572544376,6.238329535],[-75.570639948,6.237472263],[-75.570577066,6.237713371],[-75.570244689,6.237713371],[-75.56771144,6.243589228],[-75.565223107,6.242785544],[-75.564333774,6.244526859]]]]}, "properties" : {"id" : 194, "nombre" : "COLON", "comuna" : null, "municipio" : "MEDELLIN"}}, {"type" : "Feature", "geometry" : {"type":"MultiPolygon","coordinates":[[[[-75.575365086,6.246286029],[-75.58030582,6.248018403],[-75.577539009,6.239802969],[-75.57549085,6.23976725],[-75.575365086,6.246286029]]]]}, "properties" : {"id" : 195, "nombre" : "LA ALPUJARRA", "comuna" : null, "municipio" : "MEDELLIN"}}, {"type" : "Feature", "geometry" : {"type":"MultiPolygon","coordinates":[[[[-75.571610128,6.244973349],[-75.575365086,6.246286029],[-75.575427968,6.242642666],[-75.574134394,6.242705175],[-75.572634208,6.242321192],[-75.571610128,6.244973349]]]]}, "properties" : {"id" : 196, "nombre" : "CENTRO ADMINISTRATIVO", "comuna" : null, "municipio" : "MEDELLIN"}}, {"type" : "Feature", "geometry" : {"type":"MultiPolygon","coordinates":[[[[-75.569975194,6.244366123],[-75.571610128,6.244973349],[-75.572634208,6.242321192],[-75.574134394,6.242705175],[-75.575427968,6.242642666],[-75.57549085,6.23976725],[-75.57549085,6.239561862],[-75.573819984,6.238740311],[-75.572544376,6.238329535],[-75.569975194,6.244366123]]]]}, "properties" : {"id" : 197, "nombre" : "CALLE NUEVA", "comuna" : null, "municipio" : "MEDELLIN"}}, {"type" : "Feature", "geometry" : {"type":"MultiPolygon","coordinates":[[[[-75.541274021,6.249277496],[-75.543385062,6.248786361],[-75.542603528,6.246964691],[-75.541606398,6.245500207],[-75.541543516,6.244160737],[-75.541345886,6.243446351],[-75.541022493,6.243098088],[-75.540735032,6.243044509],[-75.539639087,6.243160597],[-75.538938401,6.242669456],[-75.538093985,6.242365841],[-75.536315321,6.244571508],[-75.536602782,6.244714385],[-75.537357366,6.244634017],[-75.537456181,6.245500207],[-75.537788558,6.245857399],[-75.537770591,6.24663429],[-75.538641957,6.247304022],[-75.538174833,6.248330944],[-75.537977204,6.249268566],[-75.539603155,6.249018534],[-75.541274021,6.249277496]]]]}, "properties" : {"id" : 198, "nombre" : "15 DE NOVIEMBRE", "comuna" : null, "municipio" : "MEDELLIN"}}, {"type" : "Feature", "geometry" : {"type":"MultiPolygon","coordinates":[[[[-75.527898107,6.228185055],[-75.52836523,6.229783538],[-75.52887727,6.229792468],[-75.530593052,6.229095923],[-75.531976458,6.227452787],[-75.531536283,6.227443857],[-75.530395423,6.228015383],[-75.529290495,6.227559948],[-75.528913203,6.227997523],[-75.528320315,6.227631389],[-75.527952005,6.227908222],[-75.527898107,6.228185055]]]]}, "properties" : {"id" : 205, "nombre" : "8 DE MARZO", "comuna" : null, "municipio" : "MEDELLIN"}}, {"type" : "Feature", "geometry" : {"type":"MultiPolygon","coordinates":[[[[-75.530467288,6.24349993],[-75.530476271,6.244580438],[-75.529883383,6.245321612],[-75.530125928,6.245589505],[-75.530431356,6.245518067],[-75.530620002,6.244910841],[-75.531051193,6.244250035],[-75.531024244,6.243696386],[-75.531221873,6.243455281],[-75.5323807,6.243866053],[-75.532497481,6.243749965],[-75.53255138,6.242499789],[-75.532973588,6.241919349],[-75.533449695,6.241651453],[-75.534419875,6.241446066],[-75.534940898,6.241713962],[-75.535488871,6.242633736],[-75.536324304,6.243339193],[-75.536315321,6.244571508],[-75.538093985,6.242365841],[-75.537563979,6.241383557],[-75.538399412,6.239972637],[-75.539136031,6.238249166],[-75.539073149,6.237883039],[-75.538857553,6.237686581],[-75.537959238,6.237650861],[-75.537635844,6.237311524],[-75.537519063,6.236213141],[-75.537240585,6.236123842],[-75.535982944,6.237159715],[-75.534922932,6.237597282],[-75.5331802,6.237883039],[-75.531877643,6.24050843],[-75.53135662,6.241937208],[-75.530467288,6.24349993]]]]}, "properties" : {"id" : 199, "nombre" : "SAN ANTONIO", "comuna" : null, "municipio" : "MEDELLIN"}}, {"type" : "Feature", "geometry" : {"type":"MultiPolygon","coordinates":[[[[-75.530081013,6.241490716],[-75.529577956,6.243919632],[-75.529613889,6.244660806],[-75.529883383,6.245321612],[-75.530476271,6.244580438],[-75.530467288,6.24349993],[-75.53135662,6.241937208],[-75.532138155,6.239954777],[-75.532012391,6.239383264],[-75.532290868,6.238677802],[-75.53203934,6.23782946],[-75.53169798,6.237275804],[-75.531823744,6.236614989],[-75.531428486,6.235445165],[-75.531266789,6.235186196],[-75.530539153,6.235400515],[-75.53021576,6.235177266],[-75.528589809,6.236088122],[-75.526146392,6.238409905],[-75.525131295,6.238472414],[-75.523927553,6.239293965],[-75.523649075,6.239329685],[-75.523280766,6.239222526],[-75.522786693,6.239365404],[-75.522292619,6.23886533],[-75.521987192,6.238927839],[-75.522121939,6.239910128],[-75.521996175,6.240231604],[-75.530170844,6.240231604],[-75.530081013,6.241490716]]]]}, "properties" : {"id" : 200, "nombre" : "VILLA TURBAY", "comuna" : null, "municipio" : "MEDELLIN"}}, {"type" : "Feature", "geometry" : {"type":"MultiPolygon","coordinates":[[[[-75.521043961,6.239177877],[-75.520370224,6.239302895],[-75.520253443,6.239481493],[-75.520891247,6.240240534],[-75.521996175,6.240231604],[-75.522121939,6.239910128],[-75.521987192,6.238927839],[-75.522103973,6.23883854],[-75.522526181,6.239026068],[-75.522786693,6.239365404],[-75.523280766,6.239222526],[-75.523649075,6.239329685],[-75.523927553,6.239293965],[-75.525131295,6.238472414],[-75.526308088,6.238311676],[-75.528589809,6.236088122],[-75.53021576,6.235177266],[-75.530395423,6.234525378],[-75.529838468,6.234400358],[-75.529416259,6.234069949],[-75.529685754,6.233793119],[-75.530027114,6.233793119],[-75.530413389,6.23337341],[-75.530736783,6.23325732],[-75.530907463,6.23345378],[-75.531141025,6.232962629],[-75.531680014,6.232998349],[-75.531877643,6.232748309],[-75.531401536,6.232417899],[-75.530170844,6.232123208],[-75.528410146,6.232489339],[-75.527287252,6.232900119],[-75.526667415,6.232408969],[-75.526155375,6.232498269],[-75.525176211,6.23345378],[-75.524179081,6.23323946],[-75.523074153,6.23334662],[-75.522562114,6.233623449],[-75.521906344,6.234257479],[-75.521933293,6.234489658],[-75.522984322,6.234721838],[-75.52309212,6.234882577],[-75.522490249,6.236311371],[-75.523020255,6.236811448],[-75.522616013,6.23783839],[-75.521591933,6.238534923],[-75.521043961,6.239177877]]]]}, "properties" : {"id" : 201, "nombre" : "LA SIERRA", "comuna" : null, "municipio" : "MEDELLIN"}}, {"type" : "Feature", "geometry" : {"type":"MultiPolygon","coordinates":[[[[-75.522589063,6.23323946],[-75.522562114,6.233623449],[-75.523074153,6.23334662],[-75.524179081,6.23323946],[-75.525176211,6.23345378],[-75.526155375,6.232498269],[-75.526829111,6.232489339],[-75.527161488,6.231980328],[-75.527691494,6.231944608],[-75.527925056,6.231774937],[-75.527772342,6.231417736],[-75.525831981,6.230703333],[-75.525499605,6.230417572],[-75.525275026,6.229908559],[-75.523622126,6.229837118],[-75.522571097,6.229971069],[-75.520379208,6.229033412],[-75.51944496,6.22881016],[-75.517953756,6.229033412],[-75.517064424,6.229712097],[-75.516830862,6.23014967],[-75.517154256,6.230238971],[-75.517971723,6.229917489],[-75.519373094,6.230506872],[-75.519831235,6.230962304],[-75.519912084,6.231462386],[-75.520046831,6.231533827],[-75.520999045,6.231131975],[-75.521493119,6.231953538],[-75.52192431,6.232266089],[-75.522283636,6.232328599],[-75.523199918,6.232132138],[-75.523325682,6.232542919],[-75.522589063,6.23323946]]]]}, "properties" : {"id" : 202, "nombre" : "SANTA LUCIA LAS ESTANCIAS", "comuna" : null, "municipio" : "MEDELLIN"}}, {"type" : "Feature", "geometry" : {"type":"MultiPolygon","coordinates":[[[[-75.535336157,6.234489658],[-75.534869033,6.235087966],[-75.535893113,6.235909523],[-75.536926175,6.234346778],[-75.538561109,6.232614359],[-75.537752625,6.232712589],[-75.536486001,6.231935678],[-75.535578702,6.231971398],[-75.534913949,6.232275019],[-75.534671404,6.232203578],[-75.531778829,6.230471152],[-75.530027114,6.230551522],[-75.528985068,6.230819424],[-75.528338281,6.230819424],[-75.525418756,6.229908559],[-75.525275026,6.229908559],[-75.525499605,6.230417572],[-75.525831981,6.230703333],[-75.527772342,6.231417736],[-75.527925056,6.231774937],[-75.527691494,6.231944608],[-75.527161488,6.231980328],[-75.526829111,6.232489339],[-75.527287252,6.232900119],[-75.528410146,6.232489339],[-75.530170844,6.232123208],[-75.53169798,6.232542919],[-75.531877643,6.232748309],[-75.531841711,6.232935839],[-75.531141025,6.232962629],[-75.530907463,6.23345378],[-75.530736783,6.23325732],[-75.530413389,6.23337341],[-75.530278642,6.233632379],[-75.529685754,6.233793119],[-75.529416259,6.234069949],[-75.529838468,6.234400358],[-75.530395423,6.234525378],[-75.53021576,6.235177266],[-75.532811891,6.234168179],[-75.534590555,6.233980649],[-75.535336157,6.234489658]]]]}, "properties" : {"id" : 203, "nombre" : "LAS  ESTANCIAS", "comuna" : null, "municipio" : "MEDELLIN"}}, {"type" : "Feature", "geometry" : {"type":"MultiPolygon","coordinates":[[[[-75.528338281,6.230819424],[-75.530826614,6.230471152],[-75.531967475,6.230551522],[-75.53155425,6.229622797],[-75.531518317,6.229140573],[-75.531805778,6.228310076],[-75.532201037,6.227943942],[-75.531976458,6.227452787],[-75.530593052,6.229095923],[-75.52887727,6.229792468],[-75.525418756,6.229908559],[-75.528338281,6.230819424]]]]}, "properties" : {"id" : 204, "nombre" : "JUAN PABLO", "comuna" : null, "municipio" : "MEDELLIN"}}, {"type" : "Feature", "geometry" : {"type":"MultiPolygon","coordinates":[[[[-75.531428486,6.235445165],[-75.531823744,6.236614989],[-75.53169798,6.237275804],[-75.53203934,6.23782946],[-75.532290868,6.238677802],[-75.532012391,6.239383264],[-75.532138155,6.239954777],[-75.5331802,6.237883039],[-75.535336157,6.236543549],[-75.535893113,6.235909523],[-75.534869033,6.235087966],[-75.535336157,6.234489658],[-75.534590555,6.233980649],[-75.532811891,6.234168179],[-75.531096109,6.234748628],[-75.530206777,6.235221916],[-75.530539153,6.235400515],[-75.531266789,6.235186196],[-75.531428486,6.235445165]]]]}, "properties" : {"id" : 206, "nombre" : "VILLA LILIAM", "comuna" : null, "municipio" : "MEDELLIN"}}, {"type" : "Feature", "geometry" : {"type":"MultiPolygon","coordinates":[[[[-75.538983317,6.232703659],[-75.539603155,6.2334895],[-75.540726049,6.231426666],[-75.540977577,6.230346131],[-75.540788931,6.228131474],[-75.540600285,6.227059862],[-75.540312824,6.226461545],[-75.540079262,6.2276939],[-75.539594172,6.228435097],[-75.538740772,6.227845711],[-75.538004153,6.227577808],[-75.536584815,6.227952872],[-75.534806151,6.228863741],[-75.534464791,6.228676209],[-75.534222246,6.227792131],[-75.533988684,6.22768497],[-75.533809021,6.227801061],[-75.533746139,6.228185055],[-75.533512577,6.228354726],[-75.532910706,6.228435097],[-75.532704093,6.228685139],[-75.532389683,6.228524398],[-75.532201037,6.227943942],[-75.531644081,6.228631559],[-75.53155425,6.229622797],[-75.531967475,6.230551522],[-75.534671404,6.232203578],[-75.534913949,6.232275019],[-75.535578702,6.231971398],[-75.536486001,6.231935678],[-75.537752625,6.232712589],[-75.538543143,6.232614359],[-75.538983317,6.232703659]]]]}, "properties" : {"id" : 207, "nombre" : "BARRIOS DE JESUS", "comuna" : null, "municipio" : "MEDELLIN"}}, {"type" : "Feature", "geometry" : {"type":"MultiPolygon","coordinates":[[[[-75.538399412,6.239972637],[-75.537563979,6.241383557],[-75.537698726,6.241794331],[-75.538273648,6.242526578],[-75.538938401,6.242669456],[-75.539351626,6.243026649],[-75.539917565,6.243169527],[-75.540249942,6.241597874],[-75.54001638,6.240240534],[-75.540456554,6.239026068],[-75.541166223,6.238740311],[-75.54232505,6.238740311],[-75.544624737,6.239624371],[-75.545253558,6.23970474],[-75.544768468,6.238213446],[-75.544121681,6.237454403],[-75.543286247,6.236963257],[-75.542540646,6.236838238],[-75.542190303,6.236543549],[-75.5406452,6.234864717],[-75.53918993,6.232909049],[-75.538561109,6.232614359],[-75.536926175,6.234346778],[-75.536180573,6.235588045],[-75.535336157,6.236543549],[-75.5331802,6.237883039],[-75.534922932,6.237597282],[-75.535982944,6.237159715],[-75.537240585,6.236123842],[-75.537519063,6.236213141],[-75.537635844,6.237311524],[-75.537959238,6.237650861],[-75.538857553,6.237686581],[-75.539073149,6.237883039],[-75.539136031,6.238249166],[-75.538399412,6.239972637]]]]}, "properties" : {"id" : 208, "nombre" : "VILLATINA", "comuna" : null, "municipio" : "MEDELLIN"}}, {"type" : "Feature", "geometry" : {"type":"MultiPolygon","coordinates":[[[[-75.541345886,6.243446351],[-75.541579448,6.244428631],[-75.543106584,6.243214176],[-75.544112697,6.242812333],[-75.545693732,6.241606804],[-75.545567968,6.240570939],[-75.545954244,6.240115515],[-75.545253558,6.23970474],[-75.544624737,6.239624371],[-75.54232505,6.238740311],[-75.541166223,6.238740311],[-75.540456554,6.239026068],[-75.54001638,6.240240534],[-75.540249942,6.241597874],[-75.539917565,6.243169527],[-75.541022493,6.243098088],[-75.541345886,6.243446351]]]]}, "properties" : {"id" : 209, "nombre" : "LA LIBERTAD", "comuna" : null, "municipio" : "MEDELLIN"}}, {"type" : "Feature", "geometry" : {"type":"MultiPolygon","coordinates":[[[[-75.539603155,6.2334895],[-75.541705212,6.236070262],[-75.542540646,6.236838238],[-75.543286247,6.236963257],[-75.544121681,6.237454403],[-75.544768468,6.238213446],[-75.545253558,6.23970474],[-75.545442204,6.239892268],[-75.546870525,6.240392342],[-75.548002403,6.241544295],[-75.550032595,6.242740894],[-75.551460916,6.240169094],[-75.544481007,6.236588199],[-75.543474894,6.235418375],[-75.542522679,6.233846699],[-75.541857926,6.23333769],[-75.541606398,6.232810819],[-75.541399785,6.232623289],[-75.540833847,6.232489339],[-75.540411638,6.232051768],[-75.539603155,6.2334895]]]]}, "properties" : {"id" : 210, "nombre" : "ALEJANDRO ECHAVARRIA", "comuna" : null, "municipio" : "MEDELLIN"}}, {"type" : "Feature", "geometry" : {"type":"MultiPolygon","coordinates":[[[[-75.556042324,6.245857399],[-75.556419617,6.245143016],[-75.556680128,6.24538412],[-75.557506578,6.244410772],[-75.557973702,6.244607227],[-75.558458792,6.243660667],[-75.551460916,6.240169094],[-75.550032595,6.242740894],[-75.552089737,6.242821263],[-75.553536025,6.243223106],[-75.556042324,6.245857399]]]]}, "properties" : {"id" : 211, "nombre" : "CAYCEDO", "comuna" : null, "municipio" : "MEDELLIN"}}, {"type" : "Feature", "geometry" : {"type":"MultiPolygon","coordinates":[[[[-75.558413877,6.243758895],[-75.563372577,6.246286029],[-75.565223107,6.242785544],[-75.563417493,6.241615734],[-75.562797655,6.242196174],[-75.56207002,6.242580157],[-75.561531031,6.242499789],[-75.560893227,6.242115805],[-75.560228474,6.242258683],[-75.558413877,6.243758895]]]]}, "properties" : {"id" : 212, "nombre" : "BOMBONA No.1", "comuna" : null, "municipio" : "MEDELLIN"}}, {"type" : "Feature", "geometry" : {"type":"MultiPolygon","coordinates":[[[[-75.546367469,6.234400358],[-75.546403401,6.234846857],[-75.547607144,6.236159562],[-75.547849689,6.236713218],[-75.547840706,6.237659791],[-75.547661043,6.238267026],[-75.552035838,6.24048164],[-75.553733654,6.237168645],[-75.552673642,6.236356021],[-75.551218371,6.235802364],[-75.54979005,6.235641624],[-75.548541392,6.234686118],[-75.546690862,6.233864559],[-75.546367469,6.234400358]]]]}, "properties" : {"id" : 214, "nombre" : "MIRAFLORES", "comuna" : null, "municipio" : "MEDELLIN"}}, {"type" : "Feature", "geometry" : {"type":"MultiPolygon","coordinates":[[[[-75.540411638,6.232051768],[-75.540833847,6.232489339],[-75.541399785,6.232623289],[-75.541606398,6.232810819],[-75.541857926,6.23333769],[-75.542522679,6.233846699],[-75.543474894,6.235418375],[-75.544481007,6.236588199],[-75.547661043,6.238267026],[-75.547840706,6.237659791],[-75.547777824,6.23646318],[-75.546403401,6.234846857],[-75.546367469,6.234400358],[-75.546690862,6.233864559],[-75.546349502,6.233632379],[-75.545343389,6.231953538],[-75.544678636,6.231408806],[-75.543870152,6.231033745],[-75.543420995,6.230971234],[-75.54246878,6.231230205],[-75.540932661,6.230676543],[-75.540411638,6.232051768]]]]}, "properties" : {"id" : 215, "nombre" : "LOS CERROS EL VERGEL", "comuna" : null, "municipio" : "MEDELLIN"}}, {"type" : "Feature", "geometry" : {"type":"MultiPolygon","coordinates":[[[[-75.564423606,6.234534308],[-75.563219863,6.237713371],[-75.563112066,6.238731381],[-75.563489358,6.239624371],[-75.564225977,6.240633448],[-75.563417493,6.241615734],[-75.565528534,6.242937351],[-75.56771144,6.243589228],[-75.568897216,6.240820976],[-75.567019737,6.239901198],[-75.567064653,6.239570792],[-75.566094472,6.239115367],[-75.566238203,6.238338465],[-75.566148371,6.237900899],[-75.564764966,6.236954327],[-75.565277005,6.235588045],[-75.565420736,6.234436078],[-75.564764966,6.234078879],[-75.564423606,6.234534308]]]]}, "properties" : {"id" : 216, "nombre" : "LAS PALMAS", "comuna" : null, "municipio" : "MEDELLIN"}}, {"type" : "Feature", "geometry" : {"type":"MultiPolygon","coordinates":[[[[-75.558306079,6.235105826],[-75.558755237,6.235579115],[-75.559743383,6.235989893],[-75.56124357,6.237588352],[-75.56041712,6.238490274],[-75.561369334,6.239454703],[-75.56090221,6.240642378],[-75.560893227,6.242115805],[-75.561531031,6.242499789],[-75.56207002,6.242580157],[-75.563049184,6.241963998],[-75.564225977,6.240633448],[-75.563336644,6.239329685],[-75.563076133,6.238463484],[-75.564109196,6.235150476],[-75.564764966,6.234078879],[-75.562465279,6.233025139],[-75.561674761,6.23310551],[-75.560884244,6.232739379],[-75.560426103,6.233775259],[-75.560228474,6.234927227],[-75.559375074,6.234891507],[-75.558306079,6.235105826]]]]}, "properties" : {"id" : 217, "nombre" : "EL SALVADOR", "comuna" : null, "municipio" : "MEDELLIN"}}, {"type" : "Feature", "geometry" : {"type":"MultiPolygon","coordinates":[[[[-75.557829972,6.235302286],[-75.557416747,6.235739854],[-75.555763847,6.238802821],[-75.558018618,6.239838689],[-75.559464906,6.24116924],[-75.560228474,6.242258683],[-75.560893227,6.242115805],[-75.56090221,6.240642378],[-75.561369334,6.239454703],[-75.56041712,6.238490274],[-75.56124357,6.237588352],[-75.559743383,6.235989893],[-75.558755237,6.235579115],[-75.558306079,6.235105826],[-75.557829972,6.235302286]]]]}, "properties" : {"id" : 218, "nombre" : "GERONA", "comuna" : null, "municipio" : "MEDELLIN"}}, {"type" : "Feature", "geometry" : {"type":"MultiPolygon","coordinates":[[[[-75.552997036,6.234007439],[-75.553482126,6.234239619],[-75.553023985,6.235561255],[-75.552547878,6.235909523],[-75.551523798,6.235927383],[-75.55295212,6.23653462],[-75.554587054,6.238016988],[-75.555763847,6.238802821],[-75.557461663,6.235686274],[-75.556805892,6.235177266],[-75.556671145,6.234695048],[-75.55574588,6.234498588],[-75.555170959,6.234150319],[-75.554398407,6.23320374],[-75.553203648,6.232498269],[-75.552997036,6.234007439]]]]}, "properties" : {"id" : 219, "nombre" : "LA MILAGROSA", "comuna" : null, "municipio" : "MEDELLIN"}}, {"type" : "Feature", "geometry" : {"type":"MultiPolygon","coordinates":[[[[-75.547553245,6.22685447],[-75.547490363,6.227086653],[-75.548685122,6.227801061],[-75.548703088,6.228131474],[-75.548092234,6.228586908],[-75.547975453,6.228988762],[-75.54830783,6.229363825],[-75.548325796,6.230015719],[-75.548765971,6.23011395],[-75.54893665,6.230417572],[-75.548801903,6.234873647],[-75.54979005,6.235641624],[-75.551523798,6.235927383],[-75.552547878,6.235909523],[-75.553023985,6.235561255],[-75.553482126,6.234239619],[-75.552997036,6.234007439],[-75.553140766,6.232739379],[-75.553464159,6.231444526],[-75.554048064,6.230631893],[-75.554389424,6.229828188],[-75.55511706,6.226952701],[-75.555269773,6.225381],[-75.555152992,6.225005934],[-75.555018245,6.225273838],[-75.554299593,6.225631044],[-75.553598907,6.225577463],[-75.553185682,6.22538993],[-75.552763474,6.225086305],[-75.552691608,6.224068268],[-75.550284123,6.223889665],[-75.549511572,6.223505668],[-75.548748004,6.223523528],[-75.548361729,6.223371716],[-75.548182066,6.223478878],[-75.548855802,6.22606862],[-75.548415628,6.226613357],[-75.548029352,6.226738379],[-75.547894605,6.226586567],[-75.547553245,6.22685447]]]]}, "properties" : {"id" : 220, "nombre" : "CATALUÑA", "comuna" : null, "municipio" : "MEDELLIN"}}, {"type" : "Feature", "geometry" : {"type":"MultiPolygon","coordinates":[[[[-75.544678636,6.231408806],[-75.545567968,6.232230368],[-75.546349502,6.233632379],[-75.548801903,6.234873647],[-75.54893665,6.230417572],[-75.548765971,6.23011395],[-75.548325796,6.230015719],[-75.54830783,6.229363825],[-75.547975453,6.228988762],[-75.548092234,6.228586908],[-75.548703088,6.228131474],[-75.548685122,6.227801061],[-75.547490363,6.227086653],[-75.547553245,6.22685447],[-75.547894605,6.226586567],[-75.548029352,6.226738379],[-75.548415628,6.226613357],[-75.548855802,6.22606862],[-75.548182066,6.223478878],[-75.547732908,6.223782503],[-75.546960357,6.223639621],[-75.545963227,6.224327243],[-75.545594918,6.224229011],[-75.545370339,6.223505668],[-75.545055928,6.223327065],[-75.543906085,6.223693202],[-75.542091488,6.223845014],[-75.541444701,6.223344925],[-75.540887746,6.223898595],[-75.540249942,6.22417543],[-75.538641957,6.224121849],[-75.539297727,6.225086305],[-75.539270778,6.225273838],[-75.540196043,6.226220432],[-75.540600285,6.227059862],[-75.540896729,6.229131643],[-75.540932661,6.230676543],[-75.54246878,6.231230205],[-75.54366354,6.230980164],[-75.544678636,6.231408806]]]]}, "properties" : {"id" : 221, "nombre" : "BOMBONA No.2", "comuna" : null, "municipio" : "MEDELLIN"}}, {"type" : "Feature", "geometry" : {"type":"MultiPolygon","coordinates":[[[[-75.570163841,6.234445008],[-75.570648931,6.237516913],[-75.573819984,6.238740311],[-75.57549085,6.239561862],[-75.57549085,6.23976725],[-75.577539009,6.239802969],[-75.575742379,6.234364638],[-75.575607631,6.231444526],[-75.574871013,6.231328436],[-75.574502703,6.231792797],[-75.573649304,6.230810494],[-75.57235573,6.229765678],[-75.570612998,6.22873872],[-75.5697057,6.227970732],[-75.570163841,6.234445008]]]]}, "properties" : {"id" : 222, "nombre" : "PERPETUO SOCORRO", "comuna" : null, "municipio" : "MEDELLIN"}}, {"type" : "Feature", "geometry" : {"type":"MultiPolygon","coordinates":[[[[-75.56523209,6.225729275],[-75.564899713,6.226381174],[-75.566633462,6.228863741],[-75.566489731,6.230283621],[-75.565824978,6.231167695],[-75.565851927,6.231712427],[-75.567334147,6.233552009],[-75.566534647,6.234221759],[-75.565420736,6.234436078],[-75.565277005,6.235588045],[-75.564764966,6.236954327],[-75.566148371,6.237900899],[-75.566238203,6.238338465],[-75.566094472,6.239115367],[-75.567064653,6.239570792],[-75.567019737,6.239901198],[-75.568897216,6.240820976],[-75.570244689,6.237713371],[-75.570577066,6.237713371],[-75.570639948,6.237472263],[-75.570163841,6.234445008],[-75.5697057,6.227970732],[-75.569157728,6.227006282],[-75.567414996,6.225943598],[-75.565303955,6.225139886],[-75.56523209,6.225729275]]]]}, "properties" : {"id" : 223, "nombre" : "SAN DIEGO", "comuna" : null, "municipio" : "MEDELLIN"}}, {"type" : "Feature", "geometry" : {"type":"MultiPolygon","coordinates":[[[[-75.559536771,6.22688126],[-75.560632715,6.228140404],[-75.560111693,6.22882802],[-75.560992042,6.229408475],[-75.561477132,6.230828354],[-75.561980188,6.231524897],[-75.56221375,6.232882259],[-75.565609382,6.234480728],[-75.566534647,6.234221759],[-75.567334147,6.233552009],[-75.565851927,6.231712427],[-75.565824978,6.231167695],[-75.566489731,6.230283621],[-75.566588546,6.228676209],[-75.565438702,6.227265255],[-75.564899713,6.226345453],[-75.560875261,6.226300803],[-75.559276259,6.226140061],[-75.559536771,6.22688126]]]]}, "properties" : {"id" : 224, "nombre" : "LA ASOMADERA No.1", "comuna" : null, "municipio" : "MEDELLIN"}}, {"type" : "Feature", "geometry" : {"type":"MultiPolygon","coordinates":[[[[-75.556805892,6.235177266],[-75.557461663,6.235686274],[-75.557829972,6.235302286],[-75.558431843,6.235061177],[-75.559671518,6.234864717],[-75.560228474,6.234927227],[-75.560426103,6.233775259],[-75.560884244,6.232739379],[-75.561674761,6.23310551],[-75.562465279,6.233025139],[-75.562114936,6.232748309],[-75.561980188,6.231524897],[-75.561477132,6.230828354],[-75.560992042,6.229408475],[-75.560228474,6.228890531],[-75.559285243,6.228533328],[-75.557120303,6.226809819],[-75.55657233,6.226157921],[-75.555566217,6.22415757],[-75.555197908,6.223702132],[-75.555188925,6.224086129],[-75.554973329,6.224434405],[-75.555269773,6.225381],[-75.55511706,6.226952701],[-75.554389424,6.229828188],[-75.554048064,6.230631893],[-75.553464159,6.231444526],[-75.553203648,6.232498269],[-75.554398407,6.23320374],[-75.555170959,6.234150319],[-75.55574588,6.234498588],[-75.556671145,6.234695048],[-75.556805892,6.235177266]]]]}, "properties" : {"id" : 225, "nombre" : "LORETO", "comuna" : null, "municipio" : "MEDELLIN"}}, {"type" : "Feature", "geometry" : {"type":"MultiPolygon","coordinates":[[[[-75.574502703,6.231792797],[-75.574871013,6.231328436],[-75.575607631,6.231444526],[-75.576308317,6.225890017],[-75.572319797,6.22541672],[-75.571574196,6.225050585],[-75.5713586,6.224461195],[-75.569166711,6.223210973],[-75.569382306,6.227327766],[-75.569651801,6.227917152],[-75.570612998,6.22873872],[-75.57235573,6.229765678],[-75.573649304,6.230810494],[-75.574502703,6.231792797]]]]}, "properties" : {"id" : 226, "nombre" : "COLOMBIA", "comuna" : null, "municipio" : "MEDELLIN"}}, {"type" : "Feature", "geometry" : {"type":"MultiPolygon","coordinates":[[[[-75.565842944,6.214441471],[-75.564216993,6.214566495],[-75.563453425,6.214879056],[-75.562761723,6.21557562],[-75.563713937,6.21616502],[-75.564594286,6.217799261],[-75.565645315,6.218254704],[-75.565932776,6.218585123],[-75.566112439,6.219835357],[-75.565995658,6.22036224],[-75.565600399,6.221049867],[-75.565303955,6.222246513],[-75.565178191,6.224327243],[-75.565303955,6.225139886],[-75.567414996,6.225943598],[-75.569157728,6.227006282],[-75.569382306,6.227327766],[-75.56922061,6.22540779],[-75.569175694,6.221121308],[-75.569418239,6.218995915],[-75.569822481,6.217406329],[-75.569903329,6.214789753],[-75.566876007,6.214021746],[-75.565842944,6.214441471]]]]}, "properties" : {"id" : 227, "nombre" : "CASTROPOL", "comuna" : null, "municipio" : "MEDELLIN"}}, {"type" : "Feature", "geometry" : {"type":"MultiPolygon","coordinates":[[[[-75.562096969,6.219362054],[-75.562276632,6.219897868],[-75.562276632,6.220237217],[-75.562052054,6.220522984],[-75.560983058,6.220915913],[-75.560596783,6.22308595],[-75.559743383,6.223193112],[-75.559321175,6.22362176],[-75.559177445,6.225113096],[-75.559276259,6.226140061],[-75.560875261,6.226300803],[-75.564899713,6.226345453],[-75.56523209,6.225729275],[-75.565303955,6.225139886],[-75.565178191,6.224327243],[-75.565303955,6.222246513],[-75.565600399,6.221049867],[-75.565995658,6.22036224],[-75.566112439,6.219835357],[-75.565851927,6.218406518],[-75.564594286,6.217799261],[-75.563713937,6.21616502],[-75.562905453,6.215629202],[-75.559725417,6.214870126],[-75.558431843,6.214825474],[-75.558072517,6.215048732],[-75.557991669,6.215450596],[-75.558198281,6.216307905],[-75.559177445,6.218085029],[-75.559689484,6.219674613],[-75.559976945,6.21996931],[-75.560605766,6.220138985],[-75.561818492,6.219263822],[-75.562096969,6.219362054]]]]}, "properties" : {"id" : 228, "nombre" : "LA ASOMADERA No.2", "comuna" : null, "municipio" : "MEDELLIN"}}, {"type" : "Feature", "geometry" : {"type":"MultiPolygon","coordinates":[[[[-75.555566217,6.22415757],[-75.55657233,6.226157921],[-75.557120303,6.226809819],[-75.559285243,6.228533328],[-75.560111693,6.22882802],[-75.560632715,6.228140404],[-75.559375074,6.226577636],[-75.559195411,6.225586393],[-75.55924931,6.223862875],[-75.559554737,6.223273484],[-75.560596783,6.22308595],[-75.560983058,6.220915913],[-75.562052054,6.220522984],[-75.562276632,6.220237217],[-75.562276632,6.219897868],[-75.562096969,6.219362054],[-75.561818492,6.219263822],[-75.560605766,6.220138985],[-75.559976945,6.21996931],[-75.559689484,6.219674613],[-75.559177445,6.218085029],[-75.558198281,6.216307905],[-75.557973702,6.216397207],[-75.556635212,6.217942145],[-75.555826729,6.219308473],[-75.555413504,6.220942704],[-75.55511706,6.221290982],[-75.553706705,6.221746422],[-75.552035838,6.221666051],[-75.552493979,6.221880375],[-75.552889238,6.222487628],[-75.552556861,6.223443157],[-75.552853305,6.223889665],[-75.552691608,6.224068268],[-75.552763474,6.225086305],[-75.553598907,6.225577463],[-75.554299593,6.225631044],[-75.555018245,6.225273838],[-75.555152992,6.225005934],[-75.554973329,6.224434405],[-75.555188925,6.224086129],[-75.555197908,6.223702132],[-75.555566217,6.22415757]]]]}, "properties" : {"id" : 229, "nombre" : "LA ASOMADERA No.3", "comuna" : null, "municipio" : "MEDELLIN"}}, {"type" : "Feature", "geometry" : {"type":"MultiPolygon","coordinates":[[[[-75.549439707,6.214780823],[-75.549843949,6.215986414],[-75.550679382,6.216593674],[-75.550706332,6.216852652],[-75.550068528,6.218299355],[-75.548864785,6.2184601],[-75.549718185,6.219772845],[-75.550535652,6.220648007],[-75.552035838,6.221666051],[-75.553706705,6.221746422],[-75.554479256,6.221558888],[-75.55528774,6.221121308],[-75.555647066,6.219701403],[-75.556078257,6.218870891],[-75.556922673,6.217576004],[-75.557973702,6.216397207],[-75.558198281,6.216307905],[-75.557865904,6.214262864],[-75.556662162,6.212601822],[-75.554757734,6.211271197],[-75.554928413,6.210467463],[-75.555458419,6.209386885],[-75.555458419,6.207984809],[-75.553931283,6.207913366],[-75.552449063,6.207332888],[-75.55095786,6.207234653],[-75.550661416,6.2069846],[-75.55076023,6.206145138],[-75.550535652,6.205796849],[-75.548604274,6.204376903],[-75.548244948,6.204778775],[-75.548334779,6.205037759],[-75.547804773,6.20560931],[-75.547867655,6.206350538],[-75.547553245,6.206636313],[-75.547885622,6.207457914],[-75.547445447,6.208315235],[-75.547490363,6.208654591],[-75.547867655,6.209583354],[-75.54748138,6.20993164],[-75.546610014,6.210244203],[-75.547256801,6.210887191],[-75.547301717,6.211458735],[-75.547732908,6.212092791],[-75.547095104,6.212610752],[-75.547059172,6.212932244],[-75.547355616,6.213539508],[-75.54648425,6.213861],[-75.546439334,6.215245199],[-75.546888492,6.215397014],[-75.548415628,6.214762962],[-75.549439707,6.214780823]]]]}, "properties" : {"id" : 230, "nombre" : "ALTOS DEL POBLADO", "comuna" : null, "municipio" : "MEDELLIN"}}, {"type" : "Feature", "geometry" : {"type":"MultiPolygon","coordinates":[[[[-75.574017613,6.214887987],[-75.572724039,6.215620272],[-75.572077252,6.216406138],[-75.57184369,6.217040188],[-75.571915555,6.218352937],[-75.571403516,6.222764464],[-75.5713586,6.224586217],[-75.571574196,6.225050585],[-75.572885736,6.225568533],[-75.576308317,6.225890017],[-75.577862403,6.215075523],[-75.575221356,6.21470045],[-75.574017613,6.214887987]]]]}, "properties" : {"id" : 231, "nombre" : "SIMESA", "comuna" : null, "municipio" : "MEDELLIN"}}, {"type" : "Feature", "geometry" : {"type":"MultiPolygon","coordinates":[[[[-75.569822481,6.217406329],[-75.569418239,6.218995915],[-75.569175694,6.221121308],[-75.569166711,6.223210973],[-75.5713586,6.224461195],[-75.571403516,6.222764464],[-75.571915555,6.218352937],[-75.57187064,6.216816931],[-75.572724039,6.215620272],[-75.573379809,6.215227338],[-75.571834707,6.214798684],[-75.569903329,6.214789753],[-75.569822481,6.217406329]]]]}, "properties" : {"id" : 232, "nombre" : "VILLA CARLOTA", "comuna" : null, "municipio" : "MEDELLIN"}}, {"type" : "Feature", "geometry" : {"type":"MultiPolygon","coordinates":[[[[-75.558072517,6.215048732],[-75.558431843,6.214825474],[-75.560174575,6.214923708],[-75.560327288,6.214253934],[-75.559411007,6.212923314],[-75.559321175,6.212494657],[-75.559527788,6.211539109],[-75.559303209,6.210262064],[-75.559752366,6.208645661],[-75.559743383,6.208011601],[-75.555925543,6.207904436],[-75.555467403,6.207743688],[-75.555458419,6.207984809],[-75.555458419,6.209386885],[-75.5547757,6.210905052],[-75.554838582,6.211414083],[-75.55694064,6.212869732],[-75.557865904,6.214262864],[-75.558072517,6.215048732]]]]}, "properties" : {"id" : 233, "nombre" : "LAS LOMAS No.2", "comuna" : null, "municipio" : "MEDELLIN"}}, {"type" : "Feature", "geometry" : {"type":"MultiPolygon","coordinates":[[[[-75.560228474,6.214057467],[-75.560327288,6.214253934],[-75.560174575,6.214923708],[-75.562761723,6.21557562],[-75.563453425,6.214879056],[-75.564216993,6.214566495],[-75.565842944,6.214441471],[-75.566876007,6.214021746],[-75.569903329,6.214789753],[-75.569768582,6.212039209],[-75.569975194,6.211199754],[-75.5688523,6.211047938],[-75.565115309,6.211199754],[-75.5630402,6.213209085],[-75.561872391,6.213316249],[-75.560228474,6.214057467]]]]}, "properties" : {"id" : 234, "nombre" : "LALINDE", "comuna" : null, "municipio" : "MEDELLIN"}}, {"type" : "Feature", "geometry" : {"type":"MultiPolygon","coordinates":[[[[-75.563246813,6.207743688],[-75.559743383,6.208011601],[-75.559752366,6.208645661],[-75.559303209,6.210262064],[-75.559527788,6.211539109],[-75.559321175,6.212494657],[-75.559411007,6.212923314],[-75.560228474,6.214057467],[-75.561872391,6.213316249],[-75.5630402,6.213209085],[-75.565097342,6.211235476],[-75.565429719,6.210190621],[-75.565169208,6.209592284],[-75.565259039,6.209092182],[-75.565178191,6.208886782],[-75.564297842,6.208565287],[-75.563812752,6.207922296],[-75.563740886,6.207574009],[-75.563246813,6.207743688]]]]}, "properties" : {"id" : 235, "nombre" : "LAS LOMAS No.1", "comuna" : null, "municipio" : "MEDELLIN"}}, {"type" : "Feature", "geometry" : {"type":"MultiPolygon","coordinates":[[[[-75.565115309,6.211199754],[-75.5688523,6.211047938],[-75.569975194,6.211199754],[-75.570864527,6.209172555],[-75.571259785,6.207877644],[-75.571035206,6.20799374],[-75.569409256,6.207841923],[-75.567657541,6.207073905],[-75.565142258,6.207600801],[-75.564199027,6.207457914],[-75.563740886,6.207574009],[-75.563812752,6.207922296],[-75.564297842,6.208565287],[-75.565178191,6.208886782],[-75.565259039,6.209092182],[-75.565169208,6.209592284],[-75.565429719,6.210190621],[-75.565115309,6.211199754]]]]}, "properties" : {"id" : 236, "nombre" : "EL POBLADO", "comuna" : null, "municipio" : "MEDELLIN"}}, {"type" : "Feature", "geometry" : {"type":"MultiPolygon","coordinates":[[[[-75.569903329,6.214789753],[-75.571834707,6.214798684],[-75.573379809,6.215227338],[-75.574017613,6.214887987],[-75.575221356,6.21470045],[-75.577862403,6.215075523],[-75.578024099,6.213512717],[-75.576793407,6.213307319],[-75.575445935,6.212851871],[-75.57415236,6.212039209],[-75.572454545,6.211494457],[-75.570316554,6.210458533],[-75.569768582,6.212039209],[-75.569903329,6.214789753]]]]}, "properties" : {"id" : 237, "nombre" : "MANILA", "comuna" : null, "municipio" : "MEDELLIN"}}, {"type" : "Feature", "geometry" : {"type":"MultiPolygon","coordinates":[[[[-75.574565586,6.207779409],[-75.575140507,6.208690313],[-75.575634581,6.210735375],[-75.575481867,6.212860802],[-75.576793407,6.213307319],[-75.578024099,6.213512717],[-75.578428341,6.209681588],[-75.579263774,6.204082197],[-75.576478997,6.202706899],[-75.574538636,6.201072611],[-75.572948618,6.200224208],[-75.572337764,6.201519138],[-75.571349617,6.204350112],[-75.571277752,6.205082412],[-75.571457415,6.206868504],[-75.571259785,6.207877644],[-75.571915555,6.207716896],[-75.572831837,6.208109835],[-75.573999647,6.207672244],[-75.574565586,6.207779409]]]]}, "properties" : {"id" : 238, "nombre" : "PATIO BONITO", "comuna" : null, "municipio" : "MEDELLIN"}}, {"type" : "Feature", "geometry" : {"type":"MultiPolygon","coordinates":[[[[-75.570316554,6.210458533],[-75.572454545,6.211494457],[-75.57415236,6.212039209],[-75.575481867,6.212860802],[-75.575634581,6.210735375],[-75.575275255,6.209110042],[-75.574745249,6.207958018],[-75.574376939,6.207681175],[-75.573658287,6.207761549],[-75.57303845,6.208100905],[-75.571708943,6.207690105],[-75.571259785,6.207877644],[-75.570316554,6.210458533]]]]}, "properties" : {"id" : 239, "nombre" : "ASTORGA", "comuna" : null, "municipio" : "MEDELLIN"}}, {"type" : "Feature", "geometry" : {"type":"MultiPolygon","coordinates":[[[[-75.559743383,6.208011601],[-75.563246813,6.207743688],[-75.563947499,6.207448983],[-75.565142258,6.207600801],[-75.567657541,6.207073905],[-75.569409256,6.207841923],[-75.571035206,6.20799374],[-75.571259785,6.207877644],[-75.571457415,6.206868504],[-75.571286735,6.204769845],[-75.57167301,6.203367757],[-75.568663654,6.202242511],[-75.566849057,6.201331597],[-75.564145128,6.200393889],[-75.563660038,6.200608222],[-75.562285616,6.200742181],[-75.561998155,6.201001167],[-75.561351368,6.203635672],[-75.560623732,6.204484069],[-75.56092916,6.205412839],[-75.559752366,6.206627382],[-75.559743383,6.208011601]]]]}, "properties" : {"id" : 240, "nombre" : "LA FLORIDA", "comuna" : null, "municipio" : "MEDELLIN"}}, {"type" : "Feature", "geometry" : {"type":"MultiPolygon","coordinates":[[[[-75.555925543,6.207904436],[-75.559743383,6.208011601],[-75.559752366,6.206627382],[-75.56092916,6.205412839],[-75.560623732,6.204484069],[-75.561351368,6.203635672],[-75.561998155,6.201001167],[-75.562285616,6.200742181],[-75.563660038,6.200608222],[-75.564145128,6.200393889],[-75.561665778,6.199840194],[-75.560039827,6.199277568],[-75.559689484,6.20009918],[-75.559527788,6.200188486],[-75.558333028,6.199438318],[-75.557991669,6.198607774],[-75.55742573,6.197875465],[-75.556760977,6.198902484],[-75.556536398,6.198973928],[-75.556024358,6.198563121],[-75.555476386,6.198420232],[-75.554030098,6.198429162],[-75.552997036,6.198152314],[-75.551433967,6.198589913],[-75.551802276,6.199107887],[-75.551658546,6.199438318],[-75.551074641,6.19977768],[-75.551254304,6.201019028],[-75.551002776,6.201858499],[-75.549897848,6.202340747],[-75.549736151,6.202644385],[-75.55010446,6.203698185],[-75.549987679,6.203921448],[-75.549673269,6.20414471],[-75.548604274,6.204376903],[-75.550535652,6.205796849],[-75.55076023,6.206145138],[-75.550661416,6.2069846],[-75.55095786,6.207234653],[-75.552449063,6.207332888],[-75.553931283,6.207913366],[-75.555458419,6.207984809],[-75.555467403,6.207743688],[-75.555925543,6.207904436]]]]}, "properties" : {"id" : 241, "nombre" : "ELTESORO", "comuna" : null, "municipio" : "MEDELLIN"}}, {"type" : "Feature", "geometry" : {"type":"MultiPolygon","coordinates":[[[[-75.565483618,6.196607318],[-75.564648185,6.199733027],[-75.564145128,6.200393889],[-75.566849057,6.201331597],[-75.568663654,6.202242511],[-75.57167301,6.203367757],[-75.57267014,6.20072432],[-75.573146247,6.199875916],[-75.57232878,6.199375804],[-75.571619111,6.19868815],[-75.569741632,6.197696853],[-75.568897216,6.196937751],[-75.56702872,6.196866306],[-75.565780062,6.196017897],[-75.565483618,6.196607318]]]]}, "properties" : {"id" : 242, "nombre" : "ALEJANDRIA", "comuna" : null, "municipio" : "MEDELLIN"}}, {"type" : "Feature", "geometry" : {"type":"MultiPolygon","coordinates":[[[[-75.561665778,6.199840194],[-75.564145128,6.200393889],[-75.564315808,6.200251],[-75.564648185,6.199733027],[-75.565483618,6.196607318],[-75.565780062,6.196017897],[-75.563929533,6.194687231],[-75.562294599,6.193061849],[-75.558863034,6.19203482],[-75.556662162,6.192052681],[-75.55543147,6.191704384],[-75.555054178,6.190730936],[-75.554407391,6.189882516],[-75.554245694,6.189212711],[-75.55394925,6.188721519],[-75.553688738,6.18920378],[-75.554083997,6.189739625],[-75.554137896,6.191248917],[-75.553832469,6.191775829],[-75.553814502,6.193061849],[-75.553670772,6.193419076],[-75.553140766,6.193981709],[-75.553185682,6.194696162],[-75.55292517,6.195187347],[-75.552979069,6.195705325],[-75.552835339,6.195982174],[-75.551892108,6.196723417],[-75.552044821,6.197893327],[-75.551433967,6.198589913],[-75.552997036,6.198152314],[-75.554030098,6.198429162],[-75.555476386,6.198420232],[-75.556024358,6.198563121],[-75.556536398,6.198973928],[-75.556760977,6.198902484],[-75.55742573,6.197875465],[-75.557991669,6.198607774],[-75.558333028,6.199438318],[-75.559527788,6.200188486],[-75.559689484,6.20009918],[-75.560039827,6.199277568],[-75.561665778,6.199840194]]]]}, "properties" : {"id" : 243, "nombre" : "LOS NARANJOS", "comuna" : null, "municipio" : "MEDELLIN"}}, {"type" : "Feature", "geometry" : {"type":"MultiPolygon","coordinates":[[[[-75.574781181,6.195678533],[-75.57452067,6.196964543],[-75.573963714,6.198366648],[-75.572948618,6.200224208],[-75.574538636,6.201072611],[-75.576478997,6.202706899],[-75.579263774,6.204082197],[-75.579973444,6.199733027],[-75.581392782,6.195232001],[-75.580844809,6.194910497],[-75.579218859,6.195008735],[-75.578203762,6.194321074],[-75.57634425,6.193624482],[-75.576209502,6.194204975],[-75.575877126,6.194740815],[-75.574781181,6.195678533]]]]}, "properties" : {"id" : 244, "nombre" : "LA AGUACATALA", "comuna" : null, "municipio" : "MEDELLIN"}}, {"type" : "Feature", "geometry" : {"type":"MultiPolygon","coordinates":[[[[-75.566067523,6.194026362],[-75.565780062,6.196017897],[-75.56702872,6.196866306],[-75.568897216,6.196937751],[-75.569741632,6.197696853],[-75.571619111,6.19868815],[-75.57232878,6.199375804],[-75.573146247,6.199875916],[-75.573963714,6.198366648],[-75.57452067,6.196964543],[-75.574781181,6.195678533],[-75.571080122,6.1933387],[-75.570145874,6.192990404],[-75.569454172,6.191847275],[-75.567864154,6.191972305],[-75.567190417,6.191713314],[-75.566067523,6.194026362]]]]}, "properties" : {"id" : 245, "nombre" : "LOS BALSOS No.2", "comuna" : null, "municipio" : "MEDELLIN"}}, {"type" : "Feature", "geometry" : {"type":"MultiPolygon","coordinates":[[[[-75.562294599,6.193061849],[-75.563929533,6.194687231],[-75.565780062,6.196017897],[-75.566067523,6.194026362],[-75.567423979,6.191231056],[-75.567702457,6.190320122],[-75.567388046,6.18849825],[-75.567414996,6.187828443],[-75.565932776,6.187471212],[-75.563246813,6.186078009],[-75.561018991,6.184354361],[-75.559967962,6.182720017],[-75.559680501,6.1825414],[-75.558117433,6.182193096],[-75.557497595,6.181710829],[-75.555952493,6.181773345],[-75.555000279,6.182782533],[-75.555170959,6.18380065],[-75.556365718,6.184407946],[-75.5564286,6.184613355],[-75.556365718,6.18597977],[-75.55494638,6.186667441],[-75.554622986,6.187480143],[-75.553832469,6.188051712],[-75.554407391,6.189882516],[-75.555054178,6.190730936],[-75.555278756,6.191516839],[-75.555629099,6.191793691],[-75.556662162,6.192052681],[-75.558863034,6.19203482],[-75.562294599,6.193061849]]]]}, "properties" : {"id" : 246, "nombre" : "LOS BALSOS No.1", "comuna" : null, "municipio" : "MEDELLIN"}}, {"type" : "Feature", "geometry" : {"type":"MultiPolygon","coordinates":[[[[-75.565932776,6.187471212],[-75.567414996,6.187828443],[-75.567792288,6.187131842],[-75.568295345,6.186997881],[-75.569391289,6.187033604],[-75.569723666,6.186810334],[-75.569777565,6.1858726],[-75.570334521,6.183639895],[-75.570478251,6.182059133],[-75.569211626,6.180174716],[-75.568996031,6.179370935],[-75.56819653,6.179085145],[-75.567343131,6.177754437],[-75.565600399,6.176870273],[-75.564738016,6.176593413],[-75.563318678,6.176450518],[-75.56189934,6.176700585],[-75.558943883,6.176271898],[-75.558728287,6.17646838],[-75.558710321,6.177173925],[-75.558153365,6.177834815],[-75.557856921,6.178817218],[-75.557632342,6.17893332],[-75.557533528,6.180103269],[-75.557928786,6.1812107],[-75.557704208,6.181630451],[-75.557497595,6.181710829],[-75.558117433,6.182193096],[-75.559680501,6.1825414],[-75.559967962,6.182720017],[-75.561018991,6.184354361],[-75.563246813,6.186078009],[-75.565932776,6.187471212]]]]}, "properties" : {"id" : 247, "nombre" : "SANLUCAS", "comuna" : null, "municipio" : "MEDELLIN"}}, {"type" : "Feature", "geometry" : {"type":"MultiPolygon","coordinates":[[[[-75.570145874,6.192990404],[-75.571080122,6.1933387],[-75.574781181,6.195678533],[-75.57568848,6.194973012],[-75.576209502,6.194204975],[-75.57634425,6.193624482],[-75.576209502,6.192267018],[-75.576901205,6.189784278],[-75.57534712,6.189060888],[-75.574736265,6.18837322],[-75.574134394,6.187292596],[-75.572301831,6.18620304],[-75.571035206,6.185792223],[-75.569795531,6.185792223],[-75.569759599,6.186622787],[-75.569597902,6.186980019],[-75.568295345,6.186997881],[-75.567792288,6.187131842],[-75.567450928,6.187694481],[-75.567388046,6.18849825],[-75.567702457,6.190320122],[-75.567190417,6.191713314],[-75.567864154,6.191972305],[-75.569454172,6.191847275],[-75.570145874,6.192990404]]]]}, "properties" : {"id" : 248, "nombre" : "EL CASTILLO", "comuna" : null, "municipio" : "MEDELLIN"}}, {"type" : "Feature", "geometry" : {"type":"MultiPolygon","coordinates":[[[[-75.581392782,6.195232001],[-75.582012619,6.193544106],[-75.582309063,6.192088404],[-75.583009749,6.189828932],[-75.582946867,6.188909065],[-75.582605507,6.188355358],[-75.580898708,6.18745335],[-75.580180056,6.186631718],[-75.579847679,6.186149455],[-75.579551235,6.184434739],[-75.579030212,6.184095367],[-75.576901205,6.189784278],[-75.576209502,6.192267018],[-75.57634425,6.193624482],[-75.578203762,6.194321074],[-75.579218859,6.195008735],[-75.580844809,6.194910497],[-75.581392782,6.195232001]]]]}, "properties" : {"id" : 249, "nombre" : "SANTA MARIA DE LOS ANGELES", "comuna" : null, "municipio" : "MEDELLIN"}}, {"type" : "Feature", "geometry" : {"type":"MultiPolygon","coordinates":[[[[-75.569211626,6.180174716],[-75.570370453,6.181800138],[-75.5705052,6.182291336],[-75.570334521,6.183639895],[-75.569795531,6.185792223],[-75.571475381,6.185881531],[-75.573802018,6.187060396],[-75.57432304,6.187551589],[-75.574915928,6.18861435],[-75.57534712,6.189060888],[-75.575948991,6.189409187],[-75.576901205,6.189784278],[-75.579030212,6.184095367],[-75.577790537,6.18348807],[-75.57665866,6.182630708],[-75.575841193,6.182514607],[-75.574933895,6.181335732],[-75.57218505,6.179879997],[-75.568996031,6.179370935],[-75.569211626,6.180174716]]]]}, "properties" : {"id" : 250, "nombre" : "EL DIAMANTE No.2", "comuna" : null, "municipio" : "MEDELLIN"}}, {"type" : "Feature", "geometry" : {"type":"MultiPolygon","coordinates":[[[[-75.561369334,6.303879921],[-75.561001025,6.304344218],[-75.560740513,6.305487101],[-75.560632715,6.307585356],[-75.560354238,6.308924663],[-75.559536771,6.310737187],[-75.558458792,6.31238006],[-75.558647439,6.312505061],[-75.5589349,6.312603276],[-75.560740513,6.312540776],[-75.564073263,6.312138987],[-75.564270892,6.308862162],[-75.564216993,6.307040703],[-75.563839701,6.306317475],[-75.563004268,6.305335312],[-75.563103082,6.304049568],[-75.562626975,6.303397766],[-75.561369334,6.303879921]]]]}, "properties" : {"id" : 251, "nombre" : "LAS BRISAS", "comuna" : null, "municipio" : "MEDELLIN"}}, {"type" : "Feature", "geometry" : {"type":"MultiPolygon","coordinates":[[[[-75.579676999,6.229578146],[-75.578158847,6.230480082],[-75.577574942,6.231185555],[-75.577772571,6.231944608],[-75.577610874,6.232176788],[-75.577628841,6.232632219],[-75.580970573,6.23334662],[-75.582767204,6.23339127],[-75.582749238,6.23324839],[-75.582722288,6.229613867],[-75.58147363,6.229167363],[-75.580224972,6.228944111],[-75.579676999,6.229578146]]]]}, "properties" : {"id" : 252, "nombre" : "TENCHE", "comuna" : null, "municipio" : "MEDELLIN"}}, {"type" : "Feature", "geometry" : {"type":"MultiPolygon","coordinates":[[[[-75.587339629,6.253715552],[-75.587851669,6.253813778],[-75.588920664,6.249259636],[-75.582165333,6.248482749],[-75.58030582,6.248018403],[-75.580377685,6.248714923],[-75.579191909,6.250938423],[-75.582192282,6.253170843],[-75.58412366,6.253331576],[-75.586108937,6.253126194],[-75.587339629,6.253715552]]]]}, "properties" : {"id" : 253, "nombre" : "NARANJAL", "comuna" : null, "municipio" : "MEDELLIN"}}, {"type" : "Feature", "geometry" : {"type":"MultiPolygon","coordinates":[[[[-75.585578931,6.218040378],[-75.585507066,6.218415449],[-75.586001139,6.218986984],[-75.586270634,6.220201496],[-75.588237944,6.220219357],[-75.588381675,6.220496193],[-75.588219978,6.222523349],[-75.58779777,6.224300452],[-75.587330646,6.228381516],[-75.586585044,6.231712427],[-75.58993576,6.231524897],[-75.590331019,6.231123045],[-75.590923907,6.229426335],[-75.5921007,6.221496377],[-75.59426564,6.210467463],[-75.594148859,6.209458328],[-75.593169695,6.208243792],[-75.59261274,6.207984809],[-75.591974936,6.207949088],[-75.591750357,6.208458122],[-75.590690345,6.209645867],[-75.589944743,6.211155103],[-75.589693215,6.211280128],[-75.589333889,6.211190824],[-75.58862422,6.213307319],[-75.586522162,6.212708986],[-75.585578931,6.218040378]]]]}, "properties" : {"id" : 254, "nombre" : "AEROPARQUE JUAN PABLO II", "comuna" : null, "municipio" : "MEDELLIN"}}, {"type" : "Feature", "geometry" : {"type":"MultiPolygon","coordinates":[[[[-75.600095706,6.23779374],[-75.600239436,6.238793891],[-75.598388907,6.2388564],[-75.598514671,6.239901198],[-75.598487722,6.242535508],[-75.59970943,6.242589087],[-75.599601632,6.244571508],[-75.602718787,6.245134086],[-75.602988281,6.243151667],[-75.6028715,6.241419277],[-75.603078113,6.237606212],[-75.600095706,6.23779374]]]]}, "properties" : {"id" : 255, "nombre" : "LAS ACACIAS", "comuna" : null, "municipio" : "MEDELLIN"}}, {"type" : "Feature", "geometry" : {"type":"MultiPolygon","coordinates":[[[[-75.590151356,6.253331576],[-75.592316296,6.254385275],[-75.59307088,6.252349313],[-75.594256657,6.251036649],[-75.594831578,6.249929366],[-75.588920664,6.249259636],[-75.5879415,6.253286928],[-75.588911681,6.253152983],[-75.590151356,6.253331576]]]]}, "properties" : {"id" : 256, "nombre" : "FLORIDA NUEVA", "comuna" : null, "municipio" : "MEDELLIN"}}, {"type" : "Feature", "geometry" : {"type":"MultiPolygon","coordinates":[[[[-75.590331019,6.231123045],[-75.590070507,6.231462386],[-75.589729148,6.231587407],[-75.593088847,6.231685637],[-75.596071253,6.231498106],[-75.596107186,6.229381685],[-75.595810742,6.229426335],[-75.595370568,6.229229874],[-75.593969196,6.228310076],[-75.593277493,6.228336866],[-75.590941873,6.229354895],[-75.590331019,6.231123045]]]]}, "properties" : {"id" : 257, "nombre" : "GRANADA", "comuna" : null, "municipio" : "MEDELLIN"}}, {"type" : "Feature", "geometry" : {"type":"MultiPolygon","coordinates":[[[[-75.586153853,6.243240965],[-75.587788787,6.243669597],[-75.588785916,6.244330403],[-75.589809996,6.244705455],[-75.590322036,6.244589368],[-75.591229334,6.244098228],[-75.591696458,6.24350886],[-75.591992902,6.242669456],[-75.591983919,6.241472856],[-75.58993576,6.239285035],[-75.586153853,6.243240965]]]]}, "properties" : {"id" : 258, "nombre" : "U.P.B", "comuna" : null, "municipio" : "MEDELLIN"}}, {"type" : "Feature", "geometry" : {"type":"MultiPolygon","coordinates":[[[[-75.581195152,6.215638132],[-75.580889725,6.216290044],[-75.580593281,6.217549213],[-75.582210249,6.217754609],[-75.584348239,6.218326146],[-75.585507066,6.218415449],[-75.586522162,6.212708986],[-75.58862422,6.213307319],[-75.589333889,6.211190824],[-75.585848425,6.209315442],[-75.584932144,6.209163625],[-75.581195152,6.215638132]]]]}, "properties" : {"id" : 259, "nombre" : "CAMPO AMOR", "comuna" : null, "municipio" : "MEDELLIN"}}, {"type" : "Feature", "geometry" : {"type":"MultiPolygon","coordinates":[[[[-75.585192655,6.208449192],[-75.584932144,6.209163625],[-75.585848425,6.209315442],[-75.589504569,6.211262267],[-75.589944743,6.211155103],[-75.590690345,6.209645867],[-75.591750357,6.208458122],[-75.591974936,6.207949088],[-75.590124406,6.207966949],[-75.589720164,6.207850853],[-75.589163209,6.207100696],[-75.58896558,6.206082624],[-75.588480489,6.204894871],[-75.58777082,6.204573374],[-75.587088101,6.203850004],[-75.586001139,6.203680324],[-75.579784797,6.20088507],[-75.578769701,6.207341818],[-75.585192655,6.208449192]]]]}, "properties" : {"id" : 260, "nombre" : "CRISTO REY", "comuna" : null, "municipio" : "MEDELLIN"}}, {"type" : "Feature", "geometry" : {"type":"MultiPolygon","coordinates":[[[[-75.575742379,6.234364638],[-75.577539009,6.239802969],[-75.583090598,6.239499353],[-75.582677373,6.237320454],[-75.582767204,6.23339127],[-75.580970573,6.23334662],[-75.57799715,6.232748309],[-75.577628841,6.232632219],[-75.577601891,6.232024978],[-75.577395279,6.231980328],[-75.575607631,6.231444526],[-75.575742379,6.234364638]]]]}, "properties" : {"id" : 261, "nombre" : "CERRO NUTIBARA", "comuna" : null, "municipio" : "MEDELLIN"}}, {"type" : "Feature", "geometry" : {"type":"MultiPolygon","coordinates":[[[[-75.578275628,6.225934668],[-75.580781927,6.22684554],[-75.581392782,6.225345279],[-75.58198567,6.224943423],[-75.583908064,6.224577287],[-75.584599767,6.224291522],[-75.585471133,6.223532459],[-75.586010122,6.223353855],[-75.587878618,6.223916456],[-75.588336759,6.221487447],[-75.588381675,6.220496193],[-75.588237944,6.220219357],[-75.586270634,6.220201496],[-75.586001139,6.218986984],[-75.585542998,6.218406518],[-75.584348239,6.218326146],[-75.582210249,6.217754609],[-75.580593281,6.217549213],[-75.579542252,6.222451907],[-75.578275628,6.225934668]]]]}, "properties" : {"id" : 262, "nombre" : "SANTA FE", "comuna" : null, "municipio" : "MEDELLIN"}}, {"type" : "Feature", "geometry" : {"type":"MultiPolygon","coordinates":[[[[-75.58147363,6.229167363],[-75.582722288,6.229613867],[-75.58278517,6.231882098],[-75.586585044,6.231712427],[-75.587330646,6.228381516],[-75.587878618,6.223916456],[-75.586010122,6.223353855],[-75.585471133,6.223532459],[-75.584599767,6.224291522],[-75.583908064,6.224577287],[-75.58198567,6.224943423],[-75.581392782,6.225345279],[-75.580781927,6.22684554],[-75.578275628,6.225934668],[-75.577125784,6.229140573],[-75.577134767,6.229890698],[-75.577574942,6.231185555],[-75.578158847,6.230480082],[-75.579676999,6.229578146],[-75.580224972,6.228944111],[-75.58147363,6.229167363]]]]}, "properties" : {"id" : 263, "nombre" : "TRINIDAD", "comuna" : null, "municipio" : "MEDELLIN"}}, {"type" : "Feature", "geometry" : {"type":"MultiPolygon","coordinates":[[[[-75.59241511,6.249598966],[-75.595172938,6.249974014],[-75.598667385,6.250072241],[-75.602341494,6.250581234],[-75.602718787,6.245134086],[-75.599601632,6.244571508],[-75.599089593,6.246705728],[-75.598092463,6.247973754],[-75.597382794,6.248018403],[-75.592648672,6.247464758],[-75.59241511,6.249598966]]]]}, "properties" : {"id" : 264, "nombre" : "LORENA", "comuna" : null, "municipio" : "MEDELLIN"}}, {"type" : "Feature", "geometry" : {"type":"MultiPolygon","coordinates":[[[[-75.597984665,6.23342699],[-75.597185164,6.234150319],[-75.595379551,6.237141855],[-75.594508185,6.238133077],[-75.593798516,6.238436694],[-75.590923907,6.238517064],[-75.58993576,6.239285035],[-75.600239436,6.238793891],[-75.600095706,6.23779374],[-75.599215357,6.23641853],[-75.598317042,6.236141702],[-75.59825416,6.2334002],[-75.597984665,6.23342699]]]]}, "properties" : {"id" : 265, "nombre" : "EL NOGAL  LOS ALMENDROS", "comuna" : null, "municipio" : "MEDELLIN"}}, {"type" : "Feature", "geometry" : {"type":"MultiPolygon","coordinates":[[[[-75.587303696,6.231658847],[-75.587609123,6.239347545],[-75.58993576,6.239285035],[-75.591139503,6.238472414],[-75.594050044,6.238383115],[-75.594759713,6.237945549],[-75.595074123,6.237570492],[-75.595667012,6.236641779],[-75.593834448,6.235061177],[-75.593672752,6.231605267],[-75.587303696,6.231658847]]]]}, "properties" : {"id" : 266, "nombre" : "ROSALES", "comuna" : null, "municipio" : "MEDELLIN"}}, {"type" : "Feature", "geometry" : {"type":"MultiPolygon","coordinates":[[[[-75.582677373,6.231891028],[-75.582749238,6.23324839],[-75.582677373,6.237320454],[-75.583090598,6.239499353],[-75.587609123,6.239347545],[-75.587303696,6.231658847],[-75.582677373,6.231891028]]]]}, "properties" : {"id" : 267, "nombre" : "FÁTIMA", "comuna" : null, "municipio" : "MEDELLIN"}}, {"type" : "Feature", "geometry" : {"type":"MultiPolygon","coordinates":[[[[-75.587905567,6.247295093],[-75.587654039,6.24912569],[-75.59241511,6.249598966],[-75.592648672,6.247464758],[-75.592406127,6.245669873],[-75.593304442,6.244660806],[-75.593861398,6.24350886],[-75.591983919,6.241472856],[-75.591992902,6.242669456],[-75.591435947,6.243892842],[-75.590959839,6.244303614],[-75.590322036,6.244589368],[-75.589809996,6.244705455],[-75.589226091,6.24448221],[-75.587905567,6.247295093]]]]}, "properties" : {"id" : 268, "nombre" : "BOLIVARIANA", "comuna" : null, "municipio" : "MEDELLIN"}}, {"type" : "Feature", "geometry" : {"type":"MultiPolygon","coordinates":[[[[-75.582003636,6.247554056],[-75.58115922,6.248232717],[-75.582165333,6.248482749],[-75.587654039,6.24912569],[-75.587905567,6.247295093],[-75.589226091,6.24448221],[-75.588309809,6.244080369],[-75.587788787,6.243669597],[-75.586153853,6.243240965],[-75.582003636,6.247554056]]]]}, "properties" : {"id" : 269, "nombre" : "SAN JOAQUÍN", "comuna" : null, "municipio" : "MEDELLIN"}}, {"type" : "Feature", "geometry" : {"type":"MultiPolygon","coordinates":[[[[-75.58993576,6.239285035],[-75.593861398,6.24350886],[-75.593304442,6.244660806],[-75.592406127,6.245669873],[-75.592648672,6.247464758],[-75.597661271,6.248036262],[-75.598092463,6.247973754],[-75.598900947,6.247036129],[-75.59925129,6.246348537],[-75.599529767,6.245071577],[-75.59970943,6.242589087],[-75.598487722,6.242535508],[-75.598514671,6.239901198],[-75.598388907,6.2388564],[-75.58993576,6.239285035]]]]}, "properties" : {"id" : 270, "nombre" : "LAURELES", "comuna" : null, "municipio" : "MEDELLIN"}}, {"type" : "Feature", "geometry" : {"type":"MultiPolygon","coordinates":[[[[-75.577539009,6.239802969],[-75.58030582,6.248018403],[-75.58115922,6.248232717],[-75.582003636,6.247554056],[-75.58993576,6.239285035],[-75.577539009,6.239802969]]]]}, "properties" : {"id" : 271, "nombre" : "CONQUISTADORES", "comuna" : null, "municipio" : "MEDELLIN"}}]}
