{"type":"FeatureCollection","features":[{"type":"Feature","id":102,"properties":{"cd_comuna":102,"nombre":"ENVIGADO","municipio":"ENVIGADO","slug_municipio":"envigado","is_municipio":true},"geometry":{"type":"MultiPolygon","coordinates":[[[[-75.5846959516313,6.15156424726786],[-75.584696264245,6.15156443304153],[-75.5846971221361,6.15156493945345],[-75.5847055321638,6.15153915620933],[-75.5847282505573,6.15146950893365],[-75.5847442836885,6.15142035570716],[-75.5847523595429,6.15139559689104],[-75.5847850465412,6.15129538981127],[-75.5848798268885,6.1510048207904],[-75.5848923503018,6.15096642990274],[-75.5849158619078,6.15089434962818],[-75.5849258502754,6.15086372819122],[-75.5849684232334,6.15087164323221],[-75.5849708513796,6.15087209426985],[-75.5849716580667,6.15087216393507],[-75.5850755087034,6.15087187009073],[-75.5850937516902,6.15085689831991],[-75.5852180731357,6.15075487180416],[-75.5852191699786,6.15075397151494],[-75.5852984570822,6.15065141445175],[-75.5852930483259,6.15057523192247],[-75.5852910432862,6.15054699159012],[-75.5852867044234,6.15048588621861],[-75.5852866190834,6.15048468225982],[-75.5852219772139,6.15040527277502],[-75.5851419606783,6.15031845642865],[-75.5851383575357,6.15031454534759],[-75.585179068286,6.15020710269662],[-75.58525734209,6.15000052894001],[-75.5853360857129,6.14979271541698],[-75.5853436701888,6.14980353766303],[-75.5853660166798,6.14983541760325],[-75.5854875910771,6.1500088584133],[-75.5854984930314,6.1500244098593],[-75.5854996383834,6.15002635959546],[-75.5855574332938,6.15012482170884],[-75.5855590754141,6.15012761993249],[-75.5855929877144,6.15018539123482],[-75.5856997560792,6.15034070555819],[-75.5857309240263,6.15038233860624],[-75.5857668162135,6.15042695564722],[-75.5857765871888,6.15043910062751],[-75.5857964606178,6.15046821803355],[-75.5858456972786,6.15054035374082],[-75.585848499124,6.1505444595257],[-75.585849128843,6.15054538125073],[-75.5858835549796,6.15059253212849],[-75.5859793279653,6.15067417265953],[-75.5861717057767,6.15080552110831],[-75.5862849474014,6.15086759550419],[-75.5863371350278,6.15089620379477],[-75.5863065680536,6.15094688970437],[-75.5862946483081,6.15096800362194],[-75.5862606353965,6.15103394977632],[-75.5862531344639,6.15104762737711],[-75.5862325953832,6.15108893437247],[-75.586182439746,6.1511898086692],[-75.5861441445654,6.15126752910303],[-75.5860810271369,6.15138912696323],[-75.5860733151002,6.15140213291137],[-75.5860685118084,6.15140919767226],[-75.5861037095979,6.15143075724977],[-75.5861007191063,6.15143335718881],[-75.5860814223957,6.15145609035511],[-75.5860728255184,6.15146900788047],[-75.5860566899793,6.15149325581549],[-75.5860447055551,6.15151126425387],[-75.5860390973727,6.15151755733793],[-75.5859728753666,6.15159186234632],[-75.5859718333209,6.1515930323632],[-75.5859712628907,6.15159367274647],[-75.5859941950833,6.1516147955698],[-75.5859971792866,6.1516140935597],[-75.586047181312,6.15160233801644],[-75.5860743068403,6.1515940460801],[-75.5860943455593,6.15158193506563],[-75.58619700503,6.15150421646408],[-75.586208968793,6.15149522966112],[-75.5862160331444,6.15148992349959],[-75.5862499256817,6.15147355040505],[-75.5863164028094,6.15147550906734],[-75.586331283402,6.15146470471817],[-75.5863831099057,6.15141697784055],[-75.5864249740929,6.15141951972536],[-75.5864891299739,6.15144183668765],[-75.5868338108535,6.15163566652603],[-75.5868453335436,6.15164214538229],[-75.5868431452476,6.15164631546496],[-75.5868591801754,6.15165383215269],[-75.5868938632302,6.15166943713912],[-75.5869721289493,6.15170465106826],[-75.5869876742953,6.15171112099228],[-75.5869927246238,6.15171271614468],[-75.5870021254933,6.15171699072443],[-75.5870177238399,6.1517286373018],[-75.5870295807033,6.15173770984246],[-75.5870399526516,6.15174312853744],[-75.5870402976047,6.15174330805907],[-75.587043797441,6.15174513632157],[-75.5870479593357,6.15174731112328],[-75.5870679306811,6.15175774302636],[-75.5871034976782,6.15177893729454],[-75.5871121286914,6.15178408000812],[-75.5871143762762,6.1517854197216],[-75.5871249368707,6.15179171190929],[-75.5871486470043,6.15181427804264],[-75.5871738878672,6.15186062676616],[-75.5871924479593,6.15189470639214],[-75.5872411213763,6.15195581249486],[-75.587260498037,6.15198054895632],[-75.5872648171369,6.15198606142871],[-75.5872761386044,6.15200051425225],[-75.5872802798379,6.1520057998664],[-75.5872815114281,6.15200767635768],[-75.5872876774642,6.15201706863839],[-75.5872957182843,6.15202931450741],[-75.5872976963746,6.15203232707508],[-75.5873047571327,6.15204308050363],[-75.5873079452537,6.15204793651613],[-75.5873133270605,6.15205613287918],[-75.5873362035576,6.15209160758011],[-75.5873430990257,6.15210230206011],[-75.5873715531623,6.15215010032753],[-75.5873989580667,6.15219397501944],[-75.5874032457255,6.15220125055124],[-75.5874128469193,6.15221754413376],[-75.5874257377436,6.15223941895747],[-75.5874431255343,6.15227094506756],[-75.5874562328526,6.15230161018743],[-75.5874315004362,6.15231509930276],[-75.5874293435812,6.15231627646317],[-75.5873715855016,6.15234704161227],[-75.5873552334685,6.15235498521172],[-75.5873205414306,6.15237258724158],[-75.5873167631165,6.15237444140301],[-75.5872982380587,6.15238353090237],[-75.5872884311507,6.15238834314778],[-75.5872501090207,6.15241003754993],[-75.5872230400863,6.15243158190348],[-75.5872206918901,6.1524334164156],[-75.587215323558,6.1524376168588],[-75.5872052597318,6.15244548632618],[-75.5871814040712,6.15246591693119],[-75.5871669420934,6.15247896929635],[-75.5871481637107,6.15250872072085],[-75.587142443239,6.15251567739695],[-75.5871252647558,6.15253658493663],[-75.5871136935566,6.1525566207698],[-75.5871040447522,6.15257097533232],[-75.5870986207245,6.15258447515851],[-75.5870978508683,6.15258639362535],[-75.5870920899724,6.15259765881248],[-75.5870827807311,6.15261586727702],[-75.5870827654597,6.15261589943007],[-75.5870735020325,6.15263282623682],[-75.5870734867611,6.15263285303104],[-75.5870595152635,6.15265724024293],[-75.5870594981955,6.15265726971658],[-75.5870437920511,6.15268426132595],[-75.5870404512166,6.15269000154198],[-75.5870115110914,6.15273719152772],[-75.5870089446046,6.15274137589202],[-75.5869948581227,6.15276891856493],[-75.5869886408826,6.15277871899749],[-75.5869886211196,6.15277875115057],[-75.5869694474782,6.15280898485422],[-75.5869623759403,6.15281979542806],[-75.5869618701888,6.15282056978096],[-75.5869567659613,6.15282599739631],[-75.5869567435034,6.15282602061795],[-75.586934583862,6.15284957720026],[-75.586922460199,6.15287136625646],[-75.5869092477778,6.15289321157963],[-75.5869027852976,6.1529038971121],[-75.5869027682296,6.1529039239063],[-75.586895364315,6.15291616707546],[-75.5868861601766,6.1529231210668],[-75.5868686789612,6.15294468951433],[-75.5868576683108,6.15295827596566],[-75.5868423726964,6.15296932321864],[-75.5868367824804,6.15297652192975],[-75.5868308329383,6.15298590526195],[-75.5868233409888,6.15299903353125],[-75.5868129546675,6.15301977850036],[-75.5868051348329,6.15303376418346],[-75.5867989661019,6.15304479803776],[-75.5867903791061,6.15306158103525],[-75.586787663499,6.15306645579435],[-75.5867871101368,6.1530674498594],[-75.5867811947306,6.15307595255379],[-75.5867705892204,6.15309068311426],[-75.5867687126398,6.15309392789235],[-75.5867678439689,6.15309542032952],[-75.5867549648226,6.15311808911865],[-75.5867436226939,6.15313805437185],[-75.5867130638045,6.15319184283596],[-75.5866920423286,6.15323049078718],[-75.5866691604417,6.15326589038601],[-75.5866414087876,6.15330913085655],[-75.5866388988947,6.15331304548816],[-75.5866385907725,6.15331352599734],[-75.5866564142461,6.15332501356086],[-75.5866564420939,6.15332503320993],[-75.5866992746649,6.15335263747925],[-75.5867123029315,6.15333558654903],[-75.5867145118888,6.1533326954557],[-75.5867204569393,6.15332491531548],[-75.5867247580729,6.15331928585565],[-75.5867294041596,6.1533153694378],[-75.5867414146349,6.15330771880259],[-75.5867506035019,6.1533018651645],[-75.586760054677,6.15329732265554],[-75.5867681161584,6.15329610441287],[-75.5867755847517,6.15329638217932],[-75.5867821577246,6.15329696093393],[-75.5867893343654,6.1532993331132],[-75.5868030884707,6.15330437578042],[-75.586814756688,6.15331092070867],[-75.5868376592361,6.1533204915943],[-75.5868694299528,6.15332513234842],[-75.5869099269041,6.15333355554929],[-75.5869668809914,6.15334959187287],[-75.5870002255565,6.15335433980351],[-75.5869999803164,6.15335459166888],[-75.5869996775841,6.15335490158838],[-75.5869763240817,6.15337881183054],[-75.5869740190047,6.15339016631481],[-75.586898136516,6.15337938969189],[-75.5868129555658,6.15336099190789],[-75.5868010223456,6.15335841519989],[-75.5867497501024,6.15339563232933],[-75.5867407974923,6.15340394924547],[-75.5866872965289,6.15345364888988],[-75.5865127889035,6.1536157635138],[-75.586530535122,6.15364179048416],[-75.5865500959373,6.15363662456693],[-75.5865593575678,6.15363689697442],[-75.5865743729078,6.15363808663582],[-75.5865958076088,6.15363978360035],[-75.5867555289646,6.15365166324489],[-75.586891435084,6.15367434987309],[-75.5868945414582,6.15367486789378],[-75.5868901972055,6.15369476435439],[-75.5869310975004,6.15370221045517],[-75.5869320820539,6.15372291073991],[-75.5869323371755,6.15372828207826],[-75.5869324539565,6.15373074267639],[-75.5869592399216,6.15373115977232],[-75.5869742974824,6.15373139377476],[-75.5869769241563,6.15373143396601],[-75.5869891187863,6.15373162509778],[-75.5869958606425,6.15373172959505],[-75.5870394343237,6.15373240838074],[-75.5870541550162,6.15373263791748],[-75.5870672515547,6.15373284155316],[-75.5870716973171,6.15373291121802],[-75.5870915869158,6.15373322113728],[-75.587113227331,6.15373355785071],[-75.5871284510801,6.15373379453253],[-75.5871452926951,6.15373405711544],[-75.5871440323587,6.15379504957803],[-75.5871504508214,6.15385925286776],[-75.5871532338022,6.15388709647052],[-75.5872037388841,6.15388846565233],[-75.587203841292,6.15388846833172],[-75.5872176987036,6.15388878896855],[-75.5872453578312,6.15390146618048],[-75.5872597263842,6.15390805129261],[-75.587345718513,6.15394746461162],[-75.5873874003422,6.15396656974114],[-75.5874116368886,6.15397767770661],[-75.5874121219789,6.15397789920498],[-75.5874185368483,6.15398084031055],[-75.5874650641901,6.15386575223912],[-75.5874907811601,6.15380213931499],[-75.5875299243503,6.15370085734943],[-75.587535995165,6.15368514703224],[-75.5875425079508,6.15366829706897],[-75.5875545202228,6.15363721135941],[-75.5875804303305,6.15358482070341],[-75.5875937819905,6.15356508232441],[-75.5876211437758,6.15352463293531],[-75.5876236141428,6.1535209799951],[-75.5876251296007,6.15351874000147],[-75.5876331632343,6.15350686392649],[-75.5876338827848,6.1535051607096],[-75.5876384776675,6.15349428405736],[-75.5876471338336,6.15347379186523],[-75.5876504540069,6.1534676515312],[-75.5876519910243,6.15346481045445],[-75.5876898604034,6.15339479456436],[-75.5877086181249,6.1533601148447],[-75.587725186652,6.15332058180141],[-75.5877258657784,6.15331896075276],[-75.5877271324029,6.15331594104728],[-75.5878133248561,6.15335436927712],[-75.5878139779313,6.15335466044063],[-75.5878789845168,6.15338364282289],[-75.5878795109296,6.15338387682548],[-75.587881298577,6.15338467350605],[-75.5878849843646,6.15338631688299],[-75.5879107731998,6.1533978151626],[-75.5879116041415,6.15339818581552],[-75.5879129381396,6.1533987806465],[-75.5879149611457,6.15339988456708],[-75.5879224459086,6.15340396800138],[-75.5879422672353,6.15341478124255],[-75.5879490126848,6.1534184600845],[-75.5879541043359,6.15342123774861],[-75.587954512171,6.15342146014038],[-75.5879650826469,6.15342728876923],[-75.5879653889724,6.15342745757264],[-75.5879660618106,6.1534278291187],[-75.5879726536482,6.15343146330359],[-75.5879733345711,6.15343183931532],[-75.5879821362643,6.15343669352885],[-75.5879826617787,6.15343698290605],[-75.5879926339767,6.15344248107313],[-75.5879938772451,6.1534431670043],[-75.5880117177866,6.15345300493629],[-75.588013237736,6.15345384270117],[-75.5880142851717,6.15345731165508],[-75.5880145807174,6.15345829142912],[-75.5880173053077,6.15346731928329],[-75.588017223561,6.15346746843758],[-75.5880155787457,6.15347046581375],[-75.5880120241121,6.15347694464764],[-75.588000416082,6.15349810312168],[-75.5879985790273,6.15350145060833],[-75.5879972459274,6.15350388441332],[-75.5879777237396,6.15353946619437],[-75.587973191739,6.1535477277336],[-75.5879530092895,6.15358451524979],[-75.5879519142432,6.15358575403402],[-75.5879282633984,6.15361253302909],[-75.5879198407943,6.15362207086317],[-75.5879128968171,6.15362993316788],[-75.5878924251101,6.15367318254021],[-75.5879139721005,6.15368820514063],[-75.5879409008978,6.15370674045673],[-75.5879569430121,6.15371689902075],[-75.588035122493,6.15376640482475],[-75.5880401719232,6.15376207578],[-75.5880793429612,6.15377491733249],[-75.5880875993769,6.15377762354365],[-75.5880999628902,6.15378167660833],[-75.588114852466,6.15378655761278],[-75.5881358577723,6.15380945948172],[-75.5881771955468,6.15381456823633],[-75.5882811692527,6.15382741693268],[-75.588295589908,6.15382917998886],[-75.5883826420489,6.15385533466766],[-75.5884378453197,6.15384657297543],[-75.5884454549485,6.15384536455855],[-75.5884464754347,6.15384520200728],[-75.5884582137205,6.15383539355613],[-75.5884664216272,6.15382853514257],[-75.5884680062554,6.1538272106176],[-75.5884695738156,6.15382590038284],[-75.5884952135304,6.15385928859332],[-75.5885339030714,6.15390967055317],[-75.5885638052922,6.15394776559937],[-75.588569788072,6.15395538853809],[-75.5885806972128,6.153969242012],[-75.5885801950546,6.1540295181505],[-75.5885762110263,6.15405365343324],[-75.5885760171549,6.154054831375083],[-75.588576211388,6.15405365342437],[-75.5885778585026,6.15405483204061],[-75.5886299697912,6.15409212729714],[-75.588651575229,6.15410669124363],[-75.5887225168809,6.15415261206735],[-75.5887367625799,6.1541618336728],[-75.5887886117723,6.15419490546531],[-75.5888122450638,6.15420794592104],[-75.5888404293457,6.15422349824022],[-75.5888593813912,6.15423395578477],[-75.5888842603042,6.15424768333229],[-75.5888877330227,6.15424959983047],[-75.5888937702502,6.15425293099071],[-75.5889010490684,6.15425776101017],[-75.5889013820639,6.15425798244053],[-75.5889175929062,6.15426873881666],[-75.5889747385116,6.15430665887238],[-75.5890103448848,6.15424703258361],[-75.5890824911406,6.15425770651578],[-75.5891443151696,6.15426685305366],[-75.5891783291474,6.15427174476818],[-75.5892274789322,6.15427611904419],[-75.5892971491929,6.15428090616659],[-75.5892977318558,6.15428094609856],[-75.589420462407,6.15428937865403],[-75.5894281620392,6.15434210264913],[-75.5894282314904,6.1543471808742],[-75.5894283544131,6.15435615770769],[-75.589429440332,6.15439300076054],[-75.5894497196186,6.15437550873832],[-75.5894655809839,6.15435816843705],[-75.5894705453917,6.15434973403213],[-75.5894903574944,6.15431107450392],[-75.5894971204318,6.15429124697468],[-75.5895012883661,6.15427902544432],[-75.5895041199056,6.15427042713643],[-75.589531331907,6.15427750577715],[-75.5895403377993,6.15427984863333],[-75.5895500197644,6.15428236674974],[-75.5895510307512,6.15427705314836],[-75.5895562260994,6.15425350937837],[-75.589562024275,6.15422723485969],[-75.5895663695988,6.15419757462319],[-75.5895689757745,6.15416517128804],[-75.5895726323899,6.15411393649072],[-75.5895727700611,6.15411215711655],[-75.5895725400976,6.15409630781381],[-75.5895715717741,6.15408348885288],[-75.5895710040942,6.15407597045566],[-75.5895709900253,6.15407578608861],[-75.5895702242438,6.15406752068133],[-75.589567607121,6.1540510110204],[-75.5895647165901,6.15404225807116],[-75.5895609196301,6.15403075785674],[-75.589559616077,6.15402714934282],[-75.5895565874984,6.15401876469432],[-75.5895491198928,6.15400146786596],[-75.5895427185214,6.15398945344502],[-75.5895384209889,6.15398266967937],[-75.5895299175482,6.15396924471331],[-75.5895312046498,6.15395585348824],[-75.5895374515325,6.15389086309636],[-75.5895301293497,6.15383683091453],[-75.5895250263066,6.15377290588695],[-75.5895249626115,6.15377209973908],[-75.5895231630196,6.15375532380683],[-75.589522872174,6.15375276010896],[-75.5895157105263,6.15368969876427],[-75.5895126251758,6.15367944127989],[-75.5894833526361,6.15358211845713],[-75.589468743511,6.15355264206598],[-75.589439282725,6.15349319640832],[-75.5894281101527,6.15347105401782],[-75.5894128528652,6.1534368951616],[-75.5893793197289,6.15335542349736],[-75.589400625742,6.15333787614891],[-75.5894421891467,6.15331299550083],[-75.5894503896615,6.15330808640047],[-75.5894539944615,6.15330592839469],[-75.5894835695104,6.15328822384338],[-75.5895648455718,6.15323905986749],[-75.589625053122,6.15320263985002],[-75.5896962713475,6.15316400559275],[-75.5897528714955,6.15313330154749],[-75.5897860002866,6.15311008363918],[-75.5898069846456,6.15309537651466],[-75.5898117052228,6.15309206732372],[-75.5899052243907,6.1530265251455925],[-75.589898392784,6.15301503592559],[-75.589892087509,6.1530044334574],[-75.5898693017418,6.1529670108783],[-75.5898396663206,6.15292011564929],[-75.5898303615709,6.15290255918769],[-75.5897814734565,6.15282233551991],[-75.589758883522,6.15278482093449],[-75.5897536238861,6.15277608601885],[-75.5897286947386,6.15272976238308],[-75.5897264148144,6.15272552353707],[-75.589725954877,6.15272476436746],[-75.5897066321152,6.15269283369148],[-75.5896899459088,6.15265716968476],[-75.5896562779503,6.15257894393634],[-75.5896430700207,6.15254107297048],[-75.5896289754538,6.15250745246048],[-75.5896282819544,6.15250579836311],[-75.5896143158467,6.15247185185436],[-75.5896094981819,6.15245695068677],[-75.5897205137813,6.15248313579987],[-75.5897541458072,6.15249554063727],[-75.589892816941,6.15254668636201],[-75.5899000115481,6.1525478787053],[-75.5899118459537,6.15254984004303],[-75.5899387837341,6.15255430396197],[-75.589965779905,6.15255877859853],[-75.590051333656,6.15257295542595],[-75.5900546780838,6.15257351006652],[-75.5900759645628,6.15257703797347],[-75.5901401024775,6.15258766724439],[-75.5902397930161,6.15262223715812],[-75.5902704237707,6.15263285838986],[-75.5905354743902,6.1527247697263],[-75.5905400863409,6.15272636934138],[-75.5905411885737,6.15272675071248],[-75.5906272220251,6.15275658429206],[-75.5908135622595,6.15281078274625],[-75.5908620829629,6.15282489526081],[-75.5909866074276,6.15293398433359],[-75.5909965248283,6.15299089970256],[-75.5910235183043,6.15314581933147],[-75.591037202341,6.15322435580915],[-75.5910399278296,6.15323999826135],[-75.5910422805173,6.15325349985684],[-75.5910426667929,6.15325571752309],[-75.5910077088536,6.15338306049583],[-75.5909697011339,6.1535215140925],[-75.5909689968548,6.15352408186828],[-75.5910649513001,6.15366097064836],[-75.5911276914362,6.15375047569044],[-75.591198092405,6.15381744414365],[-75.5912216085025,6.15383981370045],[-75.5912773238131,6.15389281166569],[-75.5913678443493,6.1538850833357],[-75.5914194965798,6.15388067301626],[-75.5914240142074,6.15388028628714],[-75.5916133889508,6.15394434487814],[-75.5916193250182,6.15394635354708],[-75.5918633811112,6.15395616914128],[-75.5919002120378,6.1539858329555],[-75.5919534713544,6.15402872682972],[-75.5920637503353,6.15411754320016],[-75.5920671010513,6.15414104703006],[-75.5920769142475,6.15420988923812],[-75.5920882114605,6.15428914453472],[-75.5920995544876,6.15436872670802],[-75.5920998931525,6.15437109709625],[-75.5920669213883,6.1544935829185],[-75.5920663680261,6.15449564160107],[-75.5921503640984,6.15458467939159],[-75.5921802950653,6.1546140198549],[-75.5922023001965,6.15463704047545],[-75.5922188211129,6.15465404670704],[-75.5922370191839,6.15466979718676],[-75.5922376021906,6.15467044113889],[-75.5922539596136,6.15468851913433],[-75.5922900476335,6.15475252671905],[-75.5923057492863,6.15478479755659],[-75.5923085637081,6.15478566657918],[-75.5923458940981,6.15479719251575],[-75.5923790994242,6.1547983491285],[-75.5924488688774,6.15481252321673],[-75.592468744103,6.15481384238045],[-75.59247279281,6.15481427823141],[-75.5925251618962,6.154819924645],[-75.5926051631604,6.15481840720484],[-75.5926609170985,6.154800733805],[-75.592683820545,6.15479280721174],[-75.5927096255499,6.1547909950362],[-75.5927324068255,6.15478939721361],[-75.5927538505096,6.15477157465884],[-75.5927666793502,6.15472062206591],[-75.5928246727883,6.15465245602912],[-75.5928871308534,6.15457904101371],[-75.5928984136933,6.15456795181672],[-75.5929037146518,6.15455800940825],[-75.5929141126512,6.15453850596059],[-75.5929257988348,6.15453683043427],[-75.5929325838101,6.15451577471242],[-75.5929713838439,6.15446780874787],[-75.5929726962825,6.1544641477759],[-75.59299281046,6.15443825928217],[-75.5929949161111,6.15443699727839],[-75.5930358442537,6.15441245652844],[-75.5930434978999,6.15441087924689],[-75.5931060880173,6.15439377476235],[-75.5931870657503,6.15440167367428],[-75.5932271252221,6.15441359617241],[-75.5932927264924,6.154439877648],[-75.5933824502229,6.15448869566855],[-75.593430209155,6.15448346366737],[-75.5934575143464,6.15448047254889],[-75.593486070891,6.15442587681859],[-75.5934880265233,6.15442213725022],[-75.5934761166593,6.15431509287599],[-75.5934674326454,6.15429342981143],[-75.5934563375534,6.15426653831525],[-75.5934480694595,6.1542367351871],[-75.5934440548885,6.15420966059472],[-75.5934450636965,6.15418175002349],[-75.5934505461147,6.15415059735857],[-75.5934548274854,6.15413068394543],[-75.5934547187892,6.15408767754397],[-75.593446104844,6.15405317024527],[-75.5933878634708,6.15392689384076],[-75.5933846690617,6.15391996933615],[-75.5933915860894,6.15390527273791],[-75.5934123749017,6.15386110523775],[-75.5934162655052,6.15385283923769],[-75.5934209627958,6.1538427440891],[-75.5934749632225,6.15372668067993],[-75.5936611740994,6.15375675445775],[-75.5936859765844,6.15377826392429],[-75.5937184713432,6.15378254652567],[-75.5937433097608,6.15377275057732],[-75.5939039527881,6.15379877575372],[-75.5938922145023,6.15370533733517],[-75.5938788727237,6.15364834344649],[-75.5938570122212,6.15359484083319],[-75.5938448705919,6.15356447409649],[-75.5938311847585,6.1535386096737],[-75.5937967047229,6.15350272065263],[-75.5937544210225,6.15346494353221],[-75.5937273610712,6.15343743483469],[-75.5936640433184,6.15337306894255],[-75.593631466813,6.15330213846526],[-75.5936185481409,6.1532565668991],[-75.5936186119212,6.15325323816685],[-75.5936197096625,6.15319547077047],[-75.5936226983575,6.15316664914316],[-75.5936429939947,6.15300100379871],[-75.5936521136914,6.15292657662707],[-75.5936522807781,6.15292548431636],[-75.5936564857919,6.15289793093386],[-75.5936900225964,6.15290043887225],[-75.5939014105558,6.15291693517622],[-75.5939620153965,6.15292166435477],[-75.5940008792106,6.15292469745963],[-75.5941981366706,6.15294008984134],[-75.5942643811346,6.15294525933789],[-75.5942640694192,6.15302951730161],[-75.594263943655,6.1530635513025],[-75.5942638493319,6.15308909421798],[-75.59426378106,6.15310747504171],[-75.5942637675852,6.15311140575131],[-75.5942637002116,6.15312932482088],[-75.5942634370052,6.15320065902048],[-75.594262139838,6.15355134137549],[-75.5942615819842,6.15370170672474],[-75.5942615703061,6.1537052944645],[-75.5944925918443,6.15370719327824],[-75.5945832839588,6.15370793904939],[-75.5946385725696,6.15370839276406],[-75.5946585528981,6.15370855710164],[-75.5946978568867,6.153708880418],[-75.5948368756685,6.15382082288816],[-75.5949340581109,6.15389907703424],[-75.5951924989266,6.15410718100818],[-75.5953443734984,6.15422947575971],[-75.595350267345,6.15423422189619],[-75.5953504353299,6.15423435586693],[-75.5953500769021,6.15423296435759],[-75.5953191146692,6.15411243444843],[-75.5953184606957,6.15407496461098],[-75.5953184202715,6.15407257189296],[-75.5953177959424,6.15403679008459],[-75.5953173773275,6.15401282806998],[-75.5953164915886,6.15396208171932],[-75.5953164637408,6.15396043745103],[-75.5953163613329,6.15395458917895],[-75.595316287671,6.15395037892318],[-75.5953134058756,6.1537852491642],[-75.5953122533371,6.15371921939611],[-75.5953269946909,6.15369106318585],[-75.5953804291789,6.15358900238164],[-75.5953812170015,6.15358749833505],[-75.5953812152048,6.15356616927498],[-75.5953812143065,6.15355928585006],[-75.5953812143065,6.15355744866239],[-75.5953819796711,6.15355805063832],[-75.5954080191363,6.15357858480476],[-75.5956870529315,6.15379862392009],[-75.5956918804779,6.1537963901796],[-75.5956934731908,6.15379589448747],[-75.5956997560079,6.15379393940631],[-75.5957385237023,6.15377674201545],[-75.5957487132926,6.15377454400039],[-75.5957678716627,6.15377366604478],[-75.5958291583246,6.15377559701129],[-75.5958553567916,6.15377888197644],[-75.5958760440943,6.15378427564272],[-75.5958817636676,6.15378780443479],[-75.5958973108103,6.15379476466671],[-75.5959071752104,6.15380276451225],[-75.5959099033939,6.15380497681739],[-75.595910578927,6.15380579225323],[-75.595912026113,6.1538075374467],[-75.5959121617585,6.15380769999801],[-75.5959203193597,6.15381753524383],[-75.5959286386575,6.15383169328173],[-75.5959593817015,6.1538999746387],[-75.5959709349343,6.1539190583346],[-75.5960401312624,6.15400922425578],[-75.5960426240873,6.15401135796387],[-75.5960428944802,6.15401174469287],[-75.5960437362016,6.15401295221625],[-75.5960442141053,6.15401363636041],[-75.5960603029321,6.1540366927325],[-75.5961044416536,6.15408209453544],[-75.5961256311145,6.15409733237066],[-75.5961266803467,6.15409808707264],[-75.5961278158172,6.15409814959232],[-75.5961475086849,6.15409923832808],[-75.5961596575008,6.15409676076205],[-75.596171345481,6.15409001578049],[-75.5961770713426,6.15408504367865],[-75.5961860500039,6.1540738142486],[-75.5962102640923,6.15403053632846],[-75.596220035966,6.15400505061911],[-75.5962310277518,6.15398370460614],[-75.5962787543445,6.15391769093919],[-75.5963007370179,6.1538857648006],[-75.5963701210938,6.15380263322084],[-75.596375586444,6.15379477002553],[-75.5964199138117,6.15373099364845],[-75.5964210115529,6.15372949585424],[-75.596444315648,6.15369769474382],[-75.596445329846,6.15369631127134],[-75.5964513180157,6.15368813904831],[-75.5964557251505,6.15368114219631],[-75.5964620663581,6.15366889189968],[-75.5964729233966,6.15366154136428],[-75.5964738360849,6.15366092241884],[-75.5964779000632,6.15366114302421],[-75.5964788127516,6.15366119304002],[-75.5964837256379,6.15366145919548],[-75.5964838792498,6.15366150385246],[-75.5965673704689,6.15368590887991],[-75.5966114606814,6.15369654616692],[-75.5966586294203,6.15370792654544],[-75.5967008304757,6.15371373641525],[-75.5967295801581,6.15371683739417],[-75.5968151042647,6.1537260608414],[-75.5968639717178,6.15372896890223],[-75.5968872677281,6.15372745860406],[-75.5969150885525,6.15373410087926],[-75.5969371466843,6.15374594300986],[-75.5969471575098,6.15375271925566],[-75.5970144844437,6.1537982961381],[-75.5970676647085,6.15375386872558],[-75.5971004604029,6.15373056404858],[-75.5971157730852,6.15368324643214],[-75.5971200167266,6.15367389705152],[-75.5971249242231,6.15366308381566],[-75.5971338786298,6.15364900704895],[-75.5971385103434,6.15363363969566],[-75.5971417667363,6.15361110221999],[-75.5971416760065,6.15360807358474],[-75.5971412133741,6.15359269372636],[-75.5971138210462,6.15356516895893],[-75.5970847138343,6.15353592043101],[-75.5970440497964,6.15348655750788],[-75.5971509735697,6.15351473695059],[-75.597206947595,6.15353022666738],[-75.5972248429338,6.15353517823219],[-75.5972466567238,6.15354600040207],[-75.5972667565283,6.15355320357104],[-75.5973198927757,6.15357224530183],[-75.5973285543317,6.15357534896099],[-75.5973446323786,6.1535811114959],[-75.597407951928,6.15360145095703],[-75.5974179376008,6.15360465822019],[-75.5975030942964,6.15365247600158],[-75.5975252844806,6.15366940188213],[-75.5975415951912,6.15367636836756],[-75.597575893767,6.15370082519641],[-75.5975862073248,6.15369196793576],[-75.5975891834433,6.15368941266471],[-75.5975946173525,6.15368600980464],[-75.5975978333212,6.15368135387028],[-75.597598357039,6.15367908440372],[-75.5975987181618,6.15367638087153],[-75.5975987082803,6.1536630641666],[-75.5975970724482,6.15364684565206],[-75.5975966295787,6.15364447794005],[-75.5975948230667,6.15363934328271],[-75.5975925000234,6.15363508479493],[-75.5975876131882,6.15362135188609],[-75.5975856458778,6.15361582514038],[-75.5975837639072,6.15360472699192],[-75.5975824352989,6.15358552539035],[-75.5975700484295,6.15354360500227],[-75.5975551516671,6.15350703719556],[-75.5975482490125,6.15349301579936],[-75.5975268188031,6.1534094188324],[-75.5975259537255,6.15340554528595],[-75.5975071492916,6.15332142045966],[-75.5975062994854,6.15331925102321],[-75.5975009338482,6.15330846546744],[-75.5974985667874,6.15330508404024],[-75.597495152291,6.15330137840332],[-75.5974840140798,6.15328666035263],[-75.5974708402861,6.15326611188469],[-75.5974654674624,6.15325773244662],[-75.5974461303276,6.15322625551776],[-75.5974330894846,6.15320365103931],[-75.5974249920707,6.15317364242938],[-75.5974160026296,6.15313440857413],[-75.5974148689557,6.15312945968503],[-75.5974139230297,6.15312509133693],[-75.5974086885466,6.15310089259908],[-75.5974059406001,6.1530906589995],[-75.5974013609888,6.15307359912946],[-75.5974001850941,6.15306993725477],[-75.5973991655062,6.15306676482087],[-75.5973968981585,6.15306023775242],[-75.5973881081434,6.15303924627818],[-75.5973876922234,6.15303826203763],[-75.5973788267499,6.15301727860078],[-75.5973774289713,6.15300222650777],[-75.5973800763065,6.15298835782523],[-75.5973872906765,6.15297141495331],[-75.5973918424401,6.15295592789963],[-75.5973923032758,6.15295115495753],[-75.5973924110736,6.15294616498224],[-75.5973899074689,6.15292637567047],[-75.5973868774515,6.15290150706826],[-75.5973872592355,6.15288925496734],[-75.5973905812054,6.1528608950771],[-75.5973966861561,6.15282632607202],[-75.5973999991428,6.15280797113964],[-75.5974033660285,6.15279196605965],[-75.5974048599268,6.15278636696092],[-75.5974056351729,6.15278346157438],[-75.5974089840923,6.15277090490981],[-75.5974095590141,6.152768080799],[-75.5974125243528,6.15275350117034],[-75.5974129438661,6.15274936146316],[-75.5974130031549,6.15274878270801],[-75.5974132645646,6.15274411694091],[-75.5974123967921,6.15272763581496],[-75.5974098904924,6.15270982748131],[-75.5974090891952,6.15270403189079],[-75.5974072000381,6.15269047133406],[-75.597405447425,6.15267263799121],[-75.597405299203,6.15266423889469],[-75.5974046308564,6.15262639204967],[-75.5974012253432,6.15260418677973],[-75.5974035447933,6.15259025735323],[-75.5974078620965,6.152575122186],[-75.5974186266086,6.15256000220175],[-75.5974313763974,6.1525492085923],[-75.5974386249034,6.1525447723607],[-75.5974581623625,6.15253435654965],[-75.5974837760262,6.15252189812469],[-75.5974974178421,6.15251564881642],[-75.5975048334348,6.15251196014366],[-75.5975055736466,6.15251152339765],[-75.5975067019306,6.15251085800754],[-75.5975084814932,6.15250971835949],[-75.5975204740022,6.15250060653375],[-75.5975312618705,6.15249808162379],[-75.5975437331816,6.1524974215925],[-75.5975627496178,6.1524989202833],[-75.5975851320414,6.15250130943584],[-75.5975967598345,6.15250541520558],[-75.5976082654566,6.15250963886991],[-75.5976252265475,6.15251591050677],[-75.5976281838014,6.15251700371148],[-75.5976438827593,6.15252281002174],[-75.5976649042353,6.15253057141776],[-75.5976793554333,6.15253590704255],[-75.5976861925109,6.15253841051695],[-75.5976917306246,6.15254041740492],[-75.5977009796788,6.15254359877335],[-75.5977030386174,6.15254429363711],[-75.5977142226427,6.15255105650114],[-75.5977170496409,6.15255274721713],[-75.5977202835759,6.1525546728292],[-75.5977353330519,6.15256357655213],[-75.5977546324574,6.15257516684307],[-75.5977640216488,6.15258151975499],[-75.5977715728871,6.15258507266984],[-75.5977746532102,6.15258603994153],[-75.5977781584364,6.15258700632005],[-75.5977943442812,6.15259040472148],[-75.5978074902271,6.15259289211912],[-75.5978149758883,6.15259430774753],[-75.5978246678119,6.15259713900443],[-75.5978255346862,6.15259734174743],[-75.5978288324016,6.15259811520748],[-75.5978291504052,6.15259808930643],[-75.5978293300683,6.15259798123636],[-75.5978375316868,6.15259301090686],[-75.5978569335003,6.1525928546072],[-75.5978638756808,6.15259874933759],[-75.597867087158,6.15261005471578],[-75.5978688846868,6.15262157266127],[-75.5978697704257,6.15262429316852],[-75.5978708178613,6.15262681629161],[-75.5978740329317,6.15263144097525],[-75.597875993954,6.15263426419366],[-75.5978842872007,6.15264255164805],[-75.5978888560322,6.1526473826471],[-75.5978890213223,6.15264755680956],[-75.5978916677591,6.15265035591308],[-75.5978986135329,6.15265523782108],[-75.5979008629143,6.15265603271646],[-75.5979032569246,6.15265658378439],[-75.5979130925786,6.15265656502842],[-75.5979266337832,6.15265460994306],[-75.5979360454324,6.15265330059854],[-75.5979574064716,6.15265038806616],[-75.5979801149836,6.15264805428904],[-75.5979864714626,6.15264740050992],[-75.5980105463122,6.15264799802117],[-75.5980288162484,6.15264903853027],[-75.598035294,6.15264940650433],[-75.5980452401468,6.1526498146697],[-75.598051451997,6.15265007010798],[-75.5980535899874,6.15265015852893],[-75.5980562121697,6.15265026659897],[-75.5980703300927,6.15265084624744],[-75.5980904074393,6.15265167150959],[-75.5981222086987,6.15265297817468],[-75.5981487512204,6.15265406869969],[-75.5982420286862,6.1527574256306],[-75.5983998105793,6.15283665613589],[-75.5984376709753,6.15280506307378],[-75.5984318849265,6.15279764822035],[-75.5984316989753,6.15279740885864],[-75.5984372011564,6.15275596445241],[-75.5984399140685,6.15273552492711],[-75.5984430734434,6.15271172272603],[-75.5984465238724,6.15268573054261],[-75.5984506417497,6.15265470818856],[-75.5984586619085,6.15259429077786],[-75.5984593392383,6.15258918826348],[-75.598459102083,6.15258731534684],[-75.5984575327262,6.15257495874122],[-75.5984473853568,6.15249504405078],[-75.5984339645264,6.15238934435921],[-75.5984334893176,6.15238559227254],[-75.5984338279825,6.15238476165108],[-75.5984397433887,6.15237028829576],[-75.5984455977094,6.15235596409466],[-75.5984533618484,6.15233696519106],[-75.598458953861,6.1523281945424],[-75.598462190491,6.15232311881969],[-75.5984641056992,6.15232011607822],[-75.598464612349,6.15231932118233],[-75.5984837545494,6.15228929733907],[-75.5985497286205,6.15222166866168],[-75.5986312282746,6.1521512515872],[-75.5987117343921,6.15200706366227],[-75.5988527752816,6.15227366468348],[-75.5988794247028,6.15232862860913],[-75.5989719673467,6.15249365343003],[-75.5989745769526,6.15249830669537],[-75.5990426647596,6.15261972296641],[-75.5991213769414,6.1526824375324],[-75.5991615118717,6.15271441554547],[-75.5991632608915,6.15271580973818],[-75.5991818658994,6.15273063408843],[-75.5992071013723,6.15270994358961],[-75.5992198951786,6.15271887231787],[-75.5992208833254,6.15271956182253],[-75.599221999033,6.15272018255538],[-75.5992356767815,6.15272870401128],[-75.5992483026028,6.15273542936106],[-75.5992935749982,6.15278805142418],[-75.5993343513256,6.15279041914006],[-75.5993524128527,6.15280249440137],[-75.5993738098245,6.15281680072766],[-75.5994082144015,6.1528615765433],[-75.5994267574256,6.15290510285169],[-75.5994287121597,6.15290969091416],[-75.5994458645917,6.15294530935377],[-75.5994715617987,6.15296530944593],[-75.5995143386742,6.15299860303763],[-75.5995657321899,6.15303860143093],[-75.5995707007718,6.15304127192019],[-75.5996127077911,6.15306385764957],[-75.5996016234788,6.15309351704791],[-75.5996637850998,6.15311974678667],[-75.5997007974862,6.15314171267352],[-75.5997551985615,6.15317399879225],[-75.5997945438726,6.15321842178754],[-75.5998564925929,6.15327106881079],[-75.5999064281429,6.15327809424867],[-75.5999267138987,6.15328094783039],[-75.600028808329,6.1533696973403],[-75.6001139847876,6.1533606766296],[-75.6002134974599,6.15327769769457],[-75.6004343851034,6.15338879891805],[-75.6005375422407,6.1534448434272],[-75.6006101674382,6.1534666253139],[-75.6006587869563,6.15348428804047],[-75.6006783837042,6.15349140814833],[-75.6007206404552,6.15350675853605],[-75.600832286672,6.15353269709096],[-75.600905996136,6.15357391636552],[-75.6009956920188,6.15359027421201],[-75.6011597513391,6.15359750953341],[-75.6011758051316,6.15359821779284],[-75.6012542280559,6.15362933655086],[-75.601285826296,6.15364187533239],[-75.601383110248,6.15366365721099],[-75.6014560058383,6.15368073760428],[-75.6015182420196,6.15370107527537],[-75.6015662093608,6.15373660077546],[-75.6016829157875,6.15379562743893],[-75.6017432565235,6.15382437222216],[-75.6017904081944,6.15383666359963],[-75.6018324098239,6.15382427576319],[-75.6018698039942,6.15382065676433],[-75.6019342994383,6.15383846238134],[-75.6019679018199,6.15384415524852],[-75.6019963532615,6.15382326919565],[-75.6020473847562,6.15376884220107],[-75.6020659035258,6.15378493299302],[-75.6021323860433,6.15381864988121],[-75.6022188318214,6.15386131512536],[-75.6022811614274,6.15391510083684],[-75.6023300315755,6.15395758833865],[-75.6023801665515,6.15399266189345],[-75.6024346745263,6.15402195148059],[-75.6024962414626,6.15405503333225],[-75.6025434838634,6.15408377899459],[-75.6025859409387,6.15412011901131],[-75.6026498048672,6.1541611587195],[-75.6026746468781,6.15418113643745],[-75.6026935267704,6.1542092515374],[-75.6027059037584,6.15424839599948],[-75.6027150306417,6.15429142739578],[-75.6027436725262,6.15439792249497],[-75.6027495439149,6.15441256727755],[-75.602794698631,6.1544690948663],[-75.6027953535028,6.15447869609781],[-75.6028328249282,6.15453275594004],[-75.602866812687,6.15462370950438],[-75.6028850359109,6.15467740939749],[-75.6029288988496,6.15481103346381],[-75.6029424175963,6.15488435109521],[-75.6029495511179,6.15497771249665],[-75.6029744560109,6.15500227286946],[-75.6029956400819,6.15503877716057],[-75.6030180440651,6.15506483085536],[-75.6030523156915,6.15508776392893],[-75.6030810761536,6.15509182055616],[-75.6031245860544,6.15508422353471],[-75.6031907963824,6.15508430927586],[-75.6032552460125,6.15509899601697],[-75.6033041511949,6.15512615898459],[-75.6034038426318,6.15520070910099],[-75.6034293916169,6.15519939886962],[-75.6034550304334,6.15518575352859],[-75.6034984648757,6.15516263647305],[-75.6035308653113,6.15516274275631],[-75.6036063848806,6.1551887080245],[-75.6036469572905,6.15520265792505],[-75.6036674083362,6.15520969048248],[-75.6036728790763,6.1552115714281],[-75.6037128720727,6.15522532126543],[-75.603791662408,6.15524354660955],[-75.6038405927432,6.15529727234094],[-75.6038496935754,6.15530726564432],[-75.6038500349352,6.1553128138077],[-75.6038499136626,6.1553162613142],[-75.6038478619105,6.1553210253037],[-75.6038474082613,6.15532758806984],[-75.60384382039,6.15533024336428],[-75.6038378025759,6.15533407581244],[-75.6038338454971,6.15533881390085],[-75.6038277118003,6.15534366184496],[-75.6037967172281,6.15536816057448],[-75.6037850831469,6.1553773554127],[-75.6037654360933,6.15539288348007],[-75.6037605923773,6.15539671235523],[-75.6037310710421,6.15542004553953],[-75.6036804967899,6.15546001963588],[-75.6036768990372,6.15546286338138],[-75.6036870428134,6.15547415351534],[-75.6036863825516,6.15549445807175],[-75.6036358927411,6.1555651685449],[-75.603658293131,6.15567040763985],[-75.6036726679722,6.15572841144813],[-75.6036747853013,6.15578390107329],[-75.6036744619078,6.15579139805357],[-75.6036715666376,6.15585852165511],[-75.6036748320137,6.15592928120227],[-75.6036873545288,6.15597134609006],[-75.6037215767479,6.15604600058467],[-75.603766663192,6.15611348408748],[-75.6038053024273,6.15618177408257],[-75.6038364631878,6.15627947231852],[-75.6038361739303,6.15628714970499],[-75.6038346917101,6.15632652890839],[-75.6038345641494,6.15632991656828],[-75.6038326498395,6.15638081631193],[-75.6038229174917,6.15645758033264],[-75.6038100491252,6.15654096604025],[-75.6038084806667,6.15655112276385],[-75.6038102341782,6.15663004814467],[-75.6038107462179,6.15665310886888],[-75.6038226488954,6.15672900293773],[-75.603836158659,6.15682164950786],[-75.6038389353515,6.15686976262696],[-75.603856644739,6.15693707722289],[-75.6038769349863,6.15699416989659],[-75.6038828908167,6.15701092776159],[-75.6038977255953,6.15703877923738],[-75.6039153397614,6.15707184750418],[-75.6039438522885,6.15712537566817],[-75.6039604297987,6.15717141936997],[-75.6039612472656,6.15717368971475],[-75.6039647102711,6.15718330965316],[-75.6039782649504,6.15722095789801],[-75.6040057848391,6.15730244736431],[-75.6040269725034,6.15738194781112],[-75.6040532545137,6.15746974723581],[-75.6040719017423,6.157623616128],[-75.6040830444451,6.15764167526717],[-75.604093304104,6.15765830450064],[-75.604139492781,6.15773316417861],[-75.6041592018183,6.15776459171819],[-75.6041890034278,6.15781211349836],[-75.6041973658448,6.15782544885505],[-75.604263633665,6.15788969452805],[-75.6042941081127,6.15791923754979],[-75.6043044333486,6.15792924866651],[-75.6042964033083,6.15794091029094],[-75.6042928702342,6.1579462351438],[-75.6042366689351,6.15803091655198],[-75.6041680502238,6.15814477387876],[-75.6041679882401,6.15814487569576],[-75.6040472331063,6.15834327145545],[-75.6038799757836,6.15863260037002],[-75.603794351964,6.15875054989232],[-75.6037943016583,6.15875062580841],[-75.6037848091607,6.15876497216538],[-75.6033740733616,6.15938570828474],[-75.6032956549289,6.15948493496874],[-75.6032922736702,6.15948963104303],[-75.6032883534223,6.1594938868045],[-75.6032839516774,6.15949764241349],[-75.603209215439,6.15955181249293],[-75.6031093703901,6.15962418275299],[-75.6030529642751,6.15966328930454],[-75.6030482274586,6.15966971715454],[-75.6030456708533,6.15967065494007],[-75.6030364747998,6.15967042183336],[-75.6030114091084,6.15966546943264],[-75.6028700295541,6.15971244087523],[-75.6028720076443,6.15971557307864],[-75.6028723642755,6.15972382023174],[-75.6028700520119,6.15972993905838],[-75.6028677181888,6.15973427430638],[-75.602863957841,6.15973772446358],[-75.6028597986413,6.15973989208756],[-75.6028487619397,6.15974271258879],[-75.6025507431493,6.15981457016689],[-75.6024153921887,6.15986666368964],[-75.602274977425,6.15993457362243],[-75.6022428860098,6.15995056509029],[-75.602181756553,6.15998925095429],[-75.6020922627912,6.16004932456255],[-75.6020428949764,6.16008568739242],[-75.602034240607,6.1600920616496],[-75.60206284012244,6.160130956293684],[-75.6020628401941,6.16013095621018],[-75.6020704564895,6.16014131449836],[-75.6020772957431,6.16015061648195],[-75.6020962122623,6.16017634216168],[-75.6023383844331,6.1604123762751],[-75.602795364458,6.16085777259419],[-75.6030229889735,6.16106036013051],[-75.6033675554229,6.16136702632342],[-75.6033677664003,6.16136721374125],[-75.6037682579651,6.16172365189177],[-75.6038086927446,6.16176003129771],[-75.6038354397888,6.16178409470147],[-75.6047726042264,6.16290086969469],[-75.6047984431371,6.16292632589948],[-75.6050204579465,6.16319622451107],[-75.6047431070444,6.16339319955578],[-75.604352744758,6.16368437783893],[-75.6041114565069,6.16386863928355],[-75.6040763269219,6.16389546695593],[-75.6038827564712,6.16408756450869],[-75.6037299055091,6.16426489602625],[-75.603633100403,6.16439810618712],[-75.6035627244584,6.16451080056741],[-75.6035099151729,6.16459777429578],[-75.6034885467752,6.1646408092285],[-75.6034026658401,6.16482054058782],[-75.6033365202928,6.16497966686609],[-75.6032869858519,6.16514182986307],[-75.6032471623815,6.16530552979596],[-75.6032128856519,6.16546931870874],[-75.603172720632,6.16565667688454],[-75.6031309668862,6.16585793964231],[-75.6030745829765,6.16611189121086],[-75.6030624391327,6.1661841081525],[-75.6030595038497,6.16619520078482],[-75.603034013391,6.16632709490987],[-75.6029772888192,6.1666047056289],[-75.6029219089846,6.16688512740225],[-75.6028595841586,6.16716544251274],[-75.6028183898256,6.1673668582667],[-75.6027886277976,6.16751128252642],[-75.6027855940884,6.16752933675714],[-75.602772038129,6.16757961256593],[-75.6027423894118,6.16771976082211],[-75.6026948552988,6.16794574962225],[-75.6026416967698,6.16820706008883],[-75.6025955548675,6.16844141186843],[-75.6025151714328,6.16883898211269],[-75.602473444658,6.16904280392199],[-75.6024305242115,6.16923664412442],[-75.602391159122,6.16937816710325],[-75.6023392574419,6.1695328983332],[-75.6022695812872,6.16971529611912],[-75.6021920361561,6.16989570424409],[-75.6021045992461,6.17006192969596],[-75.6019788469385,6.17026867591432],[-75.6019262433707,6.17033051656444],[-75.6018275315413,6.17047994545012],[-75.6017247362192,6.17061607535738],[-75.6016123293491,6.17074601268975],[-75.6014453031663,6.17091990091208],[-75.6012816716944,6.17107344684336],[-75.6010939847948,6.17123066473046],[-75.6009595721931,6.17134517035471],[-75.6009569169176,6.17134743240439],[-75.6009535486179,6.17135872424484],[-75.6009300248257,6.17137330899656],[-75.60088948864,6.17139844361567],[-75.600868568199,6.17139764924296],[-75.6007340295678,6.17152340214138],[-75.6005660161955,6.17167060209494],[-75.6003493863784,6.17188688357827],[-75.600249104177,6.17198700452778],[-75.6000807297116,6.17214512514888],[-75.5999181167444,6.17227764294145],[-75.5998094004352,6.17236517062266],[-75.5996988871282,6.17245474274146],[-75.5996222980137,6.17251895151538],[-75.5995254343128,6.17259222341182],[-75.5994200416668,6.17266646250328],[-75.5993731716621,6.17269463525597],[-75.5992852020888,6.17275631564399],[-75.5991751296559,6.17282573556058],[-75.5990699179331,6.17289947691488],[-75.5989639291311,6.17297786407254],[-75.5988888135308,6.17302802568893],[-75.5986887668305,6.17316506603882],[-75.5985072105223,6.1732948444871],[-75.5982909774876,6.17344748889554],[-75.5982716621004,6.1734613139759],[-75.5981161871131,6.17357259347734],[-75.5980836964857,6.1735952344673],[-75.5979416576838,6.17369421706287],[-75.5979085561853,6.17371770769717],[-75.5978626667574,6.17375027347175],[-75.5978477014222,6.17378571315187],[-75.5978315698529,6.17380430108596],[-75.5978257752382,6.17380981366387],[-75.5978133239812,6.17382166026206],[-75.59776154834,6.17386151332768],[-75.5977403399362,6.17387126969401],[-75.5977388899322,6.17387494568674],[-75.59772850409,6.17388164832385],[-75.5977382765743,6.17387650133134],[-75.5977354079488,6.17388377277544],[-75.5977443241606,6.17389350003767],[-75.5977403051475,6.17390214335044],[-75.5977133975475,6.17393186982037],[-75.597677646871,6.17396041296665],[-75.5976565005524,6.17396850497896],[-75.5976434835683,6.17396884046505],[-75.5976316952176,6.17396451980316],[-75.5976287431607,6.17396502269685],[-75.5976332521054,6.17395398251355],[-75.5976324680992,6.17395460847948],[-75.597629848878,6.17395812148481],[-75.5976195105277,6.17396659301789],[-75.5976187242135,6.17396672633685],[-75.5975627396649,6.1740094560344],[-75.5975494324049,6.17401727254624],[-75.5974498037705,6.17407579237275],[-75.5971980470292,6.17430072661749],[-75.597185401188,6.17430515774336],[-75.5971558196786,6.17432683852773],[-75.5971394248223,6.17433102544431],[-75.5971205895219,6.17432001486233],[-75.5971014023026,6.17430341795907],[-75.5970892721326,6.17429515522475],[-75.597075286377,6.17430291219682],[-75.5970700314691,6.17431398795507],[-75.5970549918189,6.17431641190931],[-75.5970360855014,6.174326112868],[-75.5970176418954,6.17434731438648],[-75.5970057473017,6.17438873849143],[-75.5969865908172,6.17443298377456],[-75.5969715792618,6.17445698768667],[-75.596927761681,6.17448638998967],[-75.5968601688186,6.17451385882459],[-75.5968451108351,6.17451048759195],[-75.5968345952897,6.17450306634096],[-75.5968245058833,6.17450033628668],[-75.5968257361316,6.17449814521083],[-75.5968163144282,6.1745056360408],[-75.5968156869883,6.17450700551126],[-75.5967360943239,6.1745672018186],[-75.5965083868253,6.1747221076491],[-75.5964202219985,6.17478208432836],[-75.5964123612456,6.17478743194765],[-75.5963772330536,6.17481132965837],[-75.596242989005,6.17491659567069],[-75.5961569431154,6.17496899025089],[-75.5960596158214,6.1750365012659],[-75.5959636246171,6.17510220416757],[-75.5959360277118,6.17512083834764],[-75.5958687811466,6.17516624412615],[-75.5957457371893,6.17525582435573],[-75.5956388711448,6.17532403236539],[-75.5956180845888,6.17533955196999],[-75.595483886633,6.17543986135524],[-75.5954224361456,6.17548535632175],[-75.5954136943284,6.17549182824955],[-75.5953088684381,6.17555904870131],[-75.5951803851539,6.17563690021091],[-75.5951037740586,6.17568869013367],[-75.5950521537928,6.17572457332738],[-75.5949503823426,6.17579460534948],[-75.5949322641759,6.17580707281341],[-75.594871234676,6.17585358529108],[-75.5946946558917,6.17598816222373],[-75.5944916155327,6.17614556796706],[-75.5943489029791,6.17626570523974],[-75.5943059136014,6.17630028197191],[-75.5940879703037,6.17647557775307],[-75.5940573659555,6.17650260641234],[-75.5939582696177,6.17659012578818],[-75.5937493876375,6.17677099744996],[-75.5935855972517,6.17693142601049],[-75.5935503716023,6.17696275798521],[-75.593388316628,6.17711953682747],[-75.5932819262966,6.17722536479299],[-75.5932265768383,6.1772782410686],[-75.5931692600951,6.17733299774581],[-75.5931585633067,6.1773444261725],[-75.5931010073973,6.17740592069054],[-75.5930684617237,6.17744367121434],[-75.593033580803,6.17748412849951],[-75.5929119719461,6.17762707543201],[-75.5928641952366,6.17767909033911],[-75.592826578087,6.17772291540824],[-75.5926434210382,6.17793630105359],[-75.592542642516,6.17805371248639],[-75.5925108811939,6.17809574459533],[-75.5924757841945,6.17814219117072],[-75.5924029041858,6.17823863998726],[-75.5922771984439,6.17839476370278],[-75.5922295554762,6.17845859829868],[-75.5921804458394,6.17852439774561],[-75.5921136190794,6.17861893281088],[-75.5920849326391,6.17865951344215],[-75.5920204717995,6.1787507025603],[-75.591970479212,6.17882142383031],[-75.5919137683938,6.17890164851327],[-75.5917438958625,6.17917341781716],[-75.5917364170178,6.17918065899297],[-75.5917022018955,6.17923076314646],[-75.5917021285299,6.17923132651854],[-75.5916377397301,6.17936505457597],[-75.5916333042304,6.17937338990868],[-75.5916324949861,6.17937594588244],[-75.5916021579234,6.17943895377896],[-75.5916013297573,6.17944025511878],[-75.5915379685418,6.17956182568643],[-75.591453180498,6.17969811577887],[-75.5913617371745,6.17985844467899],[-75.5912640254922,6.18000321900918],[-75.5912595436173,6.18000985955972],[-75.5911831094406,6.18010169742458],[-75.5911045079829,6.18022420899648],[-75.5910431867291,6.18032090868188],[-75.5910113582053,6.18040071085985],[-75.5909673701404,6.18048261138113],[-75.5909390899296,6.18052603377211],[-75.5909347266485,6.18052991240474],[-75.5909124079742,6.18056802878918],[-75.5908959418635,6.18061048376321],[-75.5908588001401,6.1806593135217],[-75.5908332190875,6.18068124666339],[-75.5908027151483,6.18069798161882],[-75.5907062481821,6.18085495665695],[-75.5907181899318,6.1808623513594],[-75.5906042365674,6.18104413456746],[-75.5904838607479,6.18124005671686],[-75.5903432607425,6.18146553334942],[-75.5903050706351,6.18152243658162],[-75.590285613727,6.181537498501],[-75.5901882495613,6.18169764171536],[-75.5901790669394,6.18171274490169],[-75.5900292621306,6.18195132159702],[-75.5899433092182,6.18209049583962],[-75.589863957942,6.18221981446158],[-75.5898259140548,6.18229610889724],[-75.5898026200937,6.18234769515783],[-75.5897837867667,6.18236766647912],[-75.5897638602784,6.18239517808262],[-75.5897554605154,6.18241370231494],[-75.58974128794,6.18243307641926],[-75.5896743303669,6.1825508506213],[-75.589604698333,6.18266163582332],[-75.5895496367886,6.18275195290707],[-75.5894964525021,6.18283794826543],[-75.5894102358975,6.18295592188551],[-75.5893851889184,6.1829986760708],[-75.5893306766729,6.18306934774819],[-75.5892492739016,6.1831668629222],[-75.5892441973304,6.18317179849299],[-75.5891621543242,6.18329768248323],[-75.589142861596,6.18333146843301],[-75.5890882728689,6.18339272382231],[-75.589050302431,6.18343832877551],[-75.5890384140032,6.18345577095221],[-75.589004106023,6.18350610311266],[-75.5888926909759,6.18365875266779],[-75.5888727557499,6.18367812869139],[-75.5886003729741,6.1839975872311],[-75.5884754852904,6.18413724184327],[-75.5883414056098,6.18428588710087],[-75.5882801417822,6.18435380640536],[-75.5880693429977,6.18458025261806],[-75.587866546184,6.1847820278947],[-75.5876728350432,6.18494792011073],[-75.5875042817104,6.18510752789169],[-75.5874013253433,6.18523939754808],[-75.5873845243305,6.18525944983189],[-75.5873207159602,6.18530289177757],[-75.5872920188524,6.18535108816957],[-75.5872617137343,6.18538232460094],[-75.5871895135122,6.18541402450352],[-75.5871810932338,6.18541772120415],[-75.5870638226156,6.18553855805397],[-75.5870408312126,6.18556224826521],[-75.5869080007538,6.18566150940908],[-75.5867888279535,6.18575183047509],[-75.5867302848786,6.18578811345343],[-75.5866629704628,6.18583202542233],[-75.5865214947771,6.18593725457268],[-75.5860341542679,6.1862777370882],[-75.585700546335,6.18653666266843],[-75.5853065162949,6.18681252985147],[-75.585170317514,6.18691006467585],[-75.5848926227626,6.18712441711823],[-75.5846430318124,6.18731512447049],[-75.5844251171973,6.18747523152235],[-75.5842194555505,6.18764451325865],[-75.5841207060811,6.18773398231214],[-75.5840323910415,6.18782290740042],[-75.5839749231628,6.1878942308082],[-75.583905531737,6.1879837693196],[-75.5838591476482,6.18804973878155],[-75.5838246679989,6.18807034375566],[-75.5837895292997,6.18809520642583],[-75.5837676253127,6.18811736578315],[-75.5836714150795,6.18824301478389],[-75.583603209562,6.18833735444405],[-75.5834807762005,6.18852543817553],[-75.5834721786756,6.18855524432229],[-75.5833443475576,6.18877780761356],[-75.5833188650668,6.18881916721276],[-75.5832741805635,6.18889432417371],[-75.583259203834,6.18892745779935],[-75.5832447889181,6.1889315637758],[-75.5832326455554,6.18890469465023],[-75.5830803104808,6.18850267597917],[-75.5830683143601,6.18847101816749],[-75.5829928483874,6.18829667895512],[-75.5829678476427,6.18823892461307],[-75.5829665453258,6.18823419247462],[-75.5829489653994,6.18817030634077],[-75.5828440516628,6.18815854047441],[-75.5828241036648,6.18815312356634],[-75.5827791817972,6.18814092365287],[-75.5827294824603,6.18812672326161],[-75.5818443547219,6.18787382298335],[-75.5817445231103,6.18784529847644],[-75.5817160833476,6.18783717291271],[-75.5817035299331,6.18783358631499],[-75.581571451289,6.18778315530819],[-75.5814845331534,6.18775745519411],[-75.581398286968,6.18763302471034],[-75.5813388476555,6.18761707999501],[-75.5813087024189,6.18758972482225],[-75.5812007056568,6.18747495862531],[-75.5811337504039,6.18739507020529],[-75.5811144889256,6.18737208918559],[-75.581044207085,6.18728996744708],[-75.5810319243712,6.18727829144801],[-75.5810273851486,6.18727397705316],[-75.581009428407,6.18725690783367],[-75.5808457583807,6.18711797815601],[-75.5807482236088,6.18704270053378],[-75.5805895050827,6.18691969170104],[-75.5805731543082,6.18690229791399],[-75.5804612192356,6.18675858434051],[-75.5804068804763,6.18665211624949],[-75.5803906380097,6.1866187031048],[-75.58037393965,6.18656011691897],[-75.5803696820466,6.18654518021061],[-75.580316892145,6.18635997115324],[-75.5802847480397,6.18624719569093],[-75.580234545238,6.18603134143418],[-75.580194548356,6.18585936986843],[-75.5801871647976,6.18581985433487],[-75.58018800111,6.18581822574811],[-75.5801892993619,6.18581481505685],[-75.5801895604175,6.18581322335184],[-75.5801901917467,6.1858093743196],[-75.5801904678776,6.18580416583506],[-75.5801690130558,6.18572060225558],[-75.5801628767173,6.18569670268698],[-75.5801539018979,6.18566174669866],[-75.5801415689229,6.18558683892642],[-75.5801122556023,6.18540879144324],[-75.5800896965708,6.18529210723228],[-75.580059386146,6.18514988732833],[-75.5800231918033,6.18498006090076],[-75.5800120490941,6.18489898565732],[-75.5800128522435,6.18486002187756],[-75.5800128816275,6.18485859263634],[-75.5800131604884,6.18484507315072],[-75.5800141557968,6.18479675105073],[-75.5800145713014,6.18477660426007],[-75.5800120463967,6.18473744830968],[-75.5800046010514,6.18462197060796],[-75.5799997877063,6.18453879202925],[-75.5799949050921,6.18445443126825],[-75.5799685045806,6.18433097730395],[-75.5799572846136,6.18427850803363],[-75.5798969739786,6.18413134962833],[-75.5798763183493,6.18409021826518],[-75.5798719817309,6.18408310914283],[-75.5798429892794,6.18403558234123],[-75.5798338513965,6.1840212271036],[-75.5798333054143,6.18402043497182],[-75.5798275943913,6.1840121573008],[-75.5797963881801,6.1839691294274],[-75.5797917666935,6.18396285546297],[-75.5797680043352,6.18393401586325],[-75.5797676698969,6.18393361002748],[-75.5797594793259,6.18392366975435],[-75.5796527522383,6.18380646411535],[-75.5796321941845,6.18378453073004],[-75.5796258877428,6.18377842423912],[-75.5796264343166,6.18377782608134],[-75.5794243424003,6.18354257352943],[-75.5792386743345,6.1834242385621],[-75.5791935910234,6.18339596087413],[-75.5789810819579,6.18326266428668],[-75.578934226949,6.18323357439713],[-75.5788205013656,6.18316195685153],[-75.5787540105468,6.18311892822774],[-75.5786159474014,6.18303160529528],[-75.5785636501609,6.18299119960991],[-75.5785404442236,6.18297738577064],[-75.5783971059837,6.18289828922727],[-75.5780891115201,6.18272022027117],[-75.5780128239347,6.18266646749736],[-75.5779609531262,6.18262991862662],[-75.5779581466655,6.18262827320866],[-75.577538305201,6.18238218389971],[-75.5774332922116,6.18232616902733],[-75.5773058335321,6.18224435518719],[-75.5772057826042,6.18218052779567],[-75.577164744273,6.18215133270196],[-75.5770829333568,6.18209877952314],[-75.5769140932892,6.18198875040893],[-75.576856789097,6.18194782619101],[-75.5766971957145,6.18196521476629],[-75.5766730224721,6.18195684448495],[-75.5766724331205,6.18196791242299],[-75.5766544090427,6.18196915468015],[-75.5766417184085,6.18197002934931],[-75.5766392268813,6.18197020180137],[-75.5766273733797,6.1819710189675],[-75.5764188470992,6.18198539517586],[-75.5763838625972,6.18198679463342],[-75.5763497796266,6.18197315417314],[-75.5761120864788,6.18191351400606],[-75.5759945924903,6.1819083980049],[-75.5758132328793,6.18184904903786],[-75.575704159999,6.18175801764498],[-75.5756228528783,6.18159619838744],[-75.5755645521628,6.1814203173466],[-75.5755464876726,6.18136674623784],[-75.5754916038507,6.18120399551308],[-75.5753655292627,6.18098920279312],[-75.5750123133746,6.18067031975457],[-75.5745785537121,6.18043186619535],[-75.5741306534177,6.18032517174776],[-75.573736662813,6.18018647048222],[-75.5735212929961,6.18000564522037],[-75.5733263455976,6.17984196657031],[-75.5729339628458,6.1795616065886],[-75.572845097529,6.17949811186518],[-75.5726250766394,6.17941734963654],[-75.5725960856731,6.17940670836174],[-75.572589052217,6.17940412653686],[-75.5723766878034,6.17932617477036],[-75.572356968091,6.17931893614207],[-75.5719790572443,6.17925636131906],[-75.5715977346169,6.17926837265154],[-75.5715922178844,6.17926811606002],[-75.571475377612,6.17927179623785],[-75.5713421303177,6.17932028216368],[-75.5712250876671,6.17936485267875],[-75.5711090417251,6.17937706214476],[-75.5709435728407,6.17934575716256],[-75.5707237303893,6.17929507471379],[-75.5707209093786,6.17929499314346],[-75.5705419180202,6.17923330676052],[-75.570193414075,6.17924053337295],[-75.5700668213626,6.1792254463331],[-75.5699862002651,6.17921583751158],[-75.5698533054434,6.17916003193428],[-75.5696905782822,6.17910822690262],[-75.5696067567158,6.17903497988606],[-75.5695637544274,6.17899740258872],[-75.5694359631379,6.17891910100804],[-75.5692711350808,6.17881308834847],[-75.5691112941644,6.1788220285454],[-75.5689559839695,6.17883424641375],[-75.5688190607469,6.17877483687841],[-75.5686688847436,6.17865905897077],[-75.5685945721478,6.17860276964358],[-75.5682886669085,6.17837105921692],[-75.5681481068081,6.17826332473583],[-75.5679882933947,6.17810581589023],[-75.5678929212005,6.17793875862222],[-75.5677744517417,6.17775329173762],[-75.5676561589654,6.17756056277135],[-75.5676233496375,6.17752905121946],[-75.5675829481738,6.17749024877222],[-75.5675555327297,6.17747610713152],[-75.5675379102056,6.17746362937141],[-75.5675367263139,6.1774617768506],[-75.5675110774347,6.17738137605112],[-75.5675059779456,6.17737140967368],[-75.5675029854637,6.17736556308394],[-75.5674936658071,6.1773574291109],[-75.5674795018417,6.17735176929671],[-75.5673867040625,6.17725282464428],[-75.5673402831928,6.17725588893352],[-75.5672637642489,6.17726093945731],[-75.567226330175,6.17725678934302],[-75.5671885539035,6.1772404086505],[-75.5671484102337,6.17721593597314],[-75.5669470670191,6.17710201549167],[-75.5668945607042,6.17706842115603],[-75.5667347039019,6.17696913077025],[-75.5667004342485,6.17708016749944],[-75.5666855110389,6.17709919523432],[-75.5666683825306,6.177113834974],[-75.5664898763864,6.17708581281414],[-75.5663690795996,6.17706763775493],[-75.5663274667418,6.17706105856568],[-75.5663095991165,6.17705297651418],[-75.5662276344001,6.17706215606722],[-75.5661769866955,6.17705982456848],[-75.5660989429192,6.17702214337543],[-75.5659970592186,6.17696208977441],[-75.5660086130947,6.17684207245913],[-75.5660181875161,6.17679074659979],[-75.5660198367519,6.17674222983879],[-75.5660788438951,6.17670839114957],[-75.5661573503097,6.17666856878721],[-75.5663505694869,6.17656392391621],[-75.5662991597861,6.17647958149848],[-75.5662794941229,6.17644120540211],[-75.5662553390112,6.17640332458492],[-75.5662256525564,6.17637999318109],[-75.5662211762757,6.17637647391954],[-75.5661751884711,6.17634960571958],[-75.5661085965222,6.1763212005762],[-75.5660819215557,6.17631602047283],[-75.5659675537609,6.17630904186896],[-75.5658561751923,6.17626180496049],[-75.5658272079334,6.17625374670587],[-75.5657787339221,6.17624026228453],[-75.5657364502081,6.17622275055516],[-75.5657145902639,6.17622336493282],[-75.5656847898528,6.17622875366282],[-75.5655812609201,6.176261290383],[-75.5654279423024,6.17633933722763],[-75.5653808966334,6.17635444388459],[-75.5653549368218,6.17636277962904],[-75.5652881827548,6.17637432373251],[-75.5652227828672,6.17638563353028],[-75.5651731184322,6.17639675016317],[-75.5651307709666,6.17640622823421],[-75.5649200378496,6.17644644910413],[-75.5648234464497,6.17644920687639],[-75.5648078099105,6.17644762707247],[-75.5647837185998,6.17644519315577],[-75.5647085637221,6.17642215780969],[-75.5646467136997,6.17638208981561],[-75.5645598514858,6.17628535618194],[-75.5644894470119,6.17619413771788],[-75.5644683549399,6.17612165077594],[-75.5644488074325,6.17608834548983],[-75.5644229727016,6.1760615590903],[-75.5643975354003,6.17604383925044],[-75.5643716388878,6.17603828625262],[-75.5643197066845,6.17602715081094],[-75.5643057958071,6.17602866043833],[-75.5642905382653,6.17603666068155],[-75.5642531627731,6.17606967216896],[-75.5642403324612,6.17608100487481],[-75.5642271058293,6.17608819943221],[-75.5641819742022,6.17611274707161],[-75.5641145279206,6.17614943222873],[-75.5640952609946,6.17615323842601],[-75.5640716844962,6.17614982042447],[-75.5640026371121,6.17612381012137],[-75.5639786882093,6.17611478857215],[-75.5639240444028,6.17607447073014],[-75.5638689634469,6.17603383048232],[-75.5638460984471,6.1760189897855],[-75.5638456107273,6.17601867385631],[-75.5638092370208,6.17599506537311],[-75.5637326458481,6.17594473864669],[-75.5637184717495,6.17593542491446],[-75.5636474719904,6.17585448513636],[-75.5636204537491,6.17583502953369],[-75.5635774472886,6.17582067356149],[-75.5635340974663,6.17582440688982],[-75.5635218629899,6.17583013333153],[-75.5634810552341,6.17584923148571],[-75.5633913024613,6.17589192966146],[-75.5633048178295,6.17592015344432],[-75.5632212541312,6.17594931822197],[-75.5631656463999,6.17597565325161],[-75.5630206028869,6.17606284256847],[-75.5629648039481,6.1760980342662],[-75.562920026099,6.17613125798972],[-75.5628320800491,6.17617441659019],[-75.5627742728327,6.176203639572],[-75.5627675920482,6.17620701645593],[-75.562646241712,6.17624296063261],[-75.5626180939607,6.17624439877453],[-75.5625585751904,6.17623476051129],[-75.5625401206066,6.17622281820973],[-75.5624944159873,6.17620190960325],[-75.5624532676316,6.17618308457079],[-75.5623787986111,6.1761617581551],[-75.5623320343899,6.1761592807354],[-75.5623100234669,6.1761605055716],[-75.5622961457406,6.17616127832396],[-75.5622808983543,6.17616548454474],[-75.5622653061998,6.17616978573978],[-75.5622567788673,6.17617692736525],[-75.5622565889034,6.17620762024604],[-75.5622519103437,6.17622842180479],[-75.5622402390488,6.17624859112013],[-75.5622258042471,6.17626338141572],[-75.5622087587896,6.17627545986788],[-75.5620964137956,6.17631408888857],[-75.5620508594049,6.17632343646425],[-75.561942335376,6.17634208709163],[-75.5617101668143,6.17635815020685],[-75.561635017879,6.17635182599521],[-75.5615022964028,6.17634065530792],[-75.5614002926284,6.17633721730822],[-75.5613730807043,6.17633674811917],[-75.5613650339619,6.17633808402659],[-75.5613648010369,6.17633812264285],[-75.5613535845312,6.17633998536401],[-75.5613526250951,6.17633991029905],[-75.5613337218675,6.17633843622565],[-75.5613250173865,6.17633775812251],[-75.5613104605271,6.17633662266428],[-75.5611909349022,6.17630620942487],[-75.5610883004849,6.17623911943372],[-75.5610487995062,6.17621927453329],[-75.560951612419,6.17617714500239],[-75.5609213873187,6.17617245272377],[-75.5608024304337,6.17614386652097],[-75.5607560998047,6.17612226795823],[-75.5606910075154,6.17610235154792],[-75.560609475457,6.17608400775784],[-75.560454449279,6.17603275562153],[-75.5602856928165,6.17600539737886],[-75.5601923634766,6.17598014664598],[-75.5601098601681,6.17595974714536],[-75.5600330286394,6.17593462667886],[-75.5599422378862,6.17585306163832],[-75.5598755742105,6.17580366390352],[-75.5597680355005,6.17575443789101],[-75.5597449651158,6.17573943936571],[-75.5596735407377,6.17571121401271],[-75.5596059098804,6.17568524884561],[-75.5595394629992,6.17565760260772],[-75.5594368108061,6.17562007469788],[-75.5593284048811,6.17558995000776],[-75.5592062683178,6.17558036550325],[-75.5591164619338,6.17554384673441],[-75.5590590930121,6.17551963010913],[-75.5590369941514,6.17551456976686],[-75.5589681660216,6.17549880910817],[-75.5588671586157,6.17546484264216],[-75.5587723475377,6.17543906692571],[-75.5586656937946,6.17542157285899],[-75.5585725444798,6.17541360696031],[-75.558470109629,6.17537398102699],[-75.5583416143862,6.17535400030265],[-75.5582405273293,6.17533718851312],[-75.558238917036,6.17533692090032],[-75.5581340337003,6.17533473228807],[-75.5581334818908,6.17533475461486],[-75.5580817138736,6.17533685575938],[-75.5580139505041,6.17534834662293],[-75.5580124717158,6.17534859752085],[-75.5580104207874,6.17534968075691],[-75.558007523877,6.17535121200289],[-75.5579935804603,6.17535858016931],[-75.5579365783964,6.1753887016829],[-75.5579034949327,6.17540786021731],[-75.5579006759822,6.17540949339429],[-75.5578986316546,6.17541067695206],[-75.5578957739259,6.17541233193215],[-75.5578916320685,6.17541473083453],[-75.5578885047063,6.17541654114325],[-75.5578834096721,6.17541949230992],[-75.5578830586285,6.17541960447465],[-75.5578784481257,6.17542107449824],[-75.5578448020206,6.17543180509763],[-75.5578014139205,6.17545171727916],[-75.5577804487467,6.17546133868097],[-75.5577382118606,6.17547655606361],[-75.5577291588423,6.17547981745379],[-75.5577292449456,6.17547927392968],[-75.5577370847015,6.17542975265934],[-75.5577386869134,6.17541963099618],[-75.5577658118018,6.17524828259476],[-75.5577766005431,6.17519256546259],[-75.5577770844459,6.17519020747276],[-75.5577873341127,6.17514625245929],[-75.5577907971545,6.17513749784227],[-75.5578038985984,6.17510437979476],[-75.5578264865674,6.17505660644748],[-75.5578627626103,6.17500546751408],[-75.5579046438859,6.17495881564769],[-75.5579203284142,6.17494483554261],[-75.5579209329802,6.1749442959999],[-75.5579237269678,6.17494180593157],[-75.5579315241798,6.17493485532683],[-75.5579377122146,6.17492933927576],[-75.557939415784,6.17492839440983],[-75.5579858937727,6.1749026285768],[-75.5580183626175,6.17488462883357],[-75.5581589975696,6.17482251823788],[-75.5582116948446,6.17479924449786],[-75.5582180737266,6.17479642716034],[-75.5582229929812,6.17479425479736],[-75.5582248197716,6.17479344789485],[-75.5583793996139,6.17472517858877],[-75.558386921095,6.17472139353665],[-75.5584378432962,6.17469576807581],[-75.5584777593761,6.17466580346429],[-75.5584800551011,6.17466407953709],[-75.5585214734252,6.1746273553945],[-75.5585423851242,6.17460175740422],[-75.5585568705539,6.17458402554365],[-75.5585727327291,6.17455792544142],[-75.5585744617256,6.17455508036387],[-75.5585943618225,6.17452233661472],[-75.5586165062358,6.17447782058026],[-75.5586167810883,6.17447726839523],[-75.5586169948585,6.17447683751179],[-75.5586170667166,6.174476693581],[-75.5586172948629,6.17447623553853],[-75.5586586609165,6.17439308015999],[-75.5586849128247,6.174340307607],[-75.5586851984554,6.17433973369672],[-75.558695444304,6.1743191363073],[-75.5587273692806,6.17425495888009],[-75.5588126153989,6.17408359336961],[-75.5588331492994,6.17404231530771],[-75.5588365606896,6.1740354582603],[-75.5588407130965,6.17402711031623],[-75.5588448250871,6.17401884474567],[-75.5588451493398,6.1740181929867],[-75.5588471406664,6.17401419100469],[-75.5588519218182,6.17400457937226],[-75.5588542364968,6.17399992653775],[-75.5588591785276,6.17399067785231],[-75.558867384997,6.17397532101335],[-75.558883176134,6.17394576976006],[-75.5588868107735,6.17393896813715],[-75.5588874065139,6.17393785369523],[-75.5589050762651,6.17396124799604],[-75.5589360878516,6.1740023048347],[-75.5589423457823,6.17400959689338],[-75.5589531601736,6.17404407935283],[-75.5589545872707,6.17404863047087],[-75.5589639998364,6.1740954541761],[-75.5589666989575,6.17410888232664],[-75.5589674014401,6.17411237601217],[-75.5589707013827,6.17412879281352],[-75.5589795611684,6.17416618787092],[-75.5589838594598,6.17418433208591],[-75.5589943808086,6.17422874272604],[-75.5589958394731,6.17423490191345],[-75.5590180692905,6.17431017303477],[-75.5590302539671,6.1743404590752],[-75.5590561871408,6.17442649788236],[-75.5590760567729,6.17446567021685],[-75.5590943870015,6.17450180589046],[-75.5591031227882,6.17451310556438],[-75.5591309153481,6.17453921972626],[-75.559170916018,6.17457187535101],[-75.5592475204158,6.17461901817329],[-75.5593120381543,6.17465131895733],[-75.5593867440351,6.17467768483929],[-75.5595173243727,6.17471283894653],[-75.5595593650579,6.17472228673244],[-75.5596264998824,6.17473784775446],[-75.5596621421394,6.17474665164905],[-75.5597108838384,6.17475869231716],[-75.5597870412351,6.17478083979801],[-75.5598652048571,6.17480271952719],[-75.559866580636,6.1748031044003],[-75.5598709040291,6.17477440135409],[-75.5598767705568,6.17473545929705],[-75.5598819098758,6.17470134825654],[-75.5598955895747,6.17461054374641],[-75.5599092692724,6.17451973923674],[-75.5599229489667,6.1744289338236],[-75.5599334235878,6.17435940767777],[-75.5599366286624,6.17433812931488],[-75.5599366676799,6.17433786886377],[-75.5599411878026,6.17430748027619],[-75.559941427931,6.17430223750387],[-75.5599435880837,6.1742550163972],[-75.5599439320719,6.17424749624324],[-75.559943955924,6.17424697910781],[-75.5599447750216,6.17422907105197],[-75.5599449112628,6.17422609571774],[-75.5599461168952,6.17419972726397],[-75.5599475422638,6.17416857802173],[-75.5599475541848,6.1741683176461],[-75.5599480744322,6.17415694700659],[-75.5599480752524,6.17415691717342],[-75.5599503555129,6.17407948335417],[-75.559949968727,6.17406934102027],[-75.5599498586566,6.17406646219265],[-75.5599485676976,6.17403259415312],[-75.5599479431711,6.1740162114947],[-75.5599464136069,6.17397611669246],[-75.5599429685645,6.17388577209559],[-75.5599395226212,6.17379542659672],[-75.5599369797293,6.17372872816141],[-75.5599366056148,6.17371891935572],[-75.5599360775859,6.17370508109471],[-75.5599355047036,6.17369005424227],[-75.5599341407648,6.17365429982635],[-75.5599338367978,6.17364633039767],[-75.5599336789538,6.17364218705348],[-75.5599326997993,6.17361650537181],[-75.5599326017307,6.17361566857172],[-75.5599318707348,6.17360939346227],[-75.5599316135073,6.17360718849974],[-75.5599313516531,6.17360494377552],[-75.5599292234191,6.17358666787861],[-75.5599272660738,6.17357170454403],[-75.5599268784782,6.17356874061245],[-75.5599265670972,6.17356590031207],[-75.5599263863826,6.17356425107597],[-75.5599265983166,6.17356413477792],[-75.5599271791128,6.17356381857974],[-75.5599556776979,6.17354826238525],[-75.5599726298466,6.17353900916891],[-75.5599906564659,6.17350039302193],[-75.5599529187391,6.17345550590036],[-75.559952655031,6.17345519295838],[-75.5599485197979,6.1734560668607],[-75.5599433112621,6.1734571670323],[-75.5599222017985,6.17346162633896],[-75.55991521195,6.17345877209705],[-75.5599151712601,6.17345875593898],[-75.559907435404,6.17345559642606],[-75.5598900141294,6.17344848101124],[-75.5599079660887,6.17337391792933],[-75.5599095911847,6.17336716800261],[-75.5598476264763,6.17334864293365],[-75.5597417738319,6.17331699606199],[-75.5597698618391,6.17323238518413],[-75.559775535337,6.17321529616146],[-75.5599116767149,6.17280518951546],[-75.5599143647751,6.17279709423793],[-75.5599193100406,6.17278219665142],[-75.5599222309759,6.17277339563124],[-75.5599224092252,6.17277285908247],[-75.5599240694976,6.17277356316865],[-75.5599252622527,6.17277406878019],[-75.5599350399935,6.17275341031418],[-75.5598907611802,6.17272865465261],[-75.5600392610101,6.17223109458816],[-75.5600509262922,6.17218893091975],[-75.5600666201153,6.17213221301422],[-75.5600968628787,6.17202931883711],[-75.5601049049505,6.17200195867641],[-75.5601063929268,6.17199689503029],[-75.5601138211971,6.17197162383836],[-75.5601262144619,6.17192945814327],[-75.5601271861624,6.17192615053454],[-75.5601272872729,6.17192580764954],[-75.5601666100042,6.17179202133662],[-75.5601223222583,6.17178026564846],[-75.5601127826377,6.1717777339893],[-75.5601121509115,6.1717779237737],[-75.560080869665,6.17178733259333],[-75.560065530463,6.17179194576646],[-75.5600358830905,6.1718081596159],[-75.5600345416987,6.17180811996095],[-75.5599893219315,6.17180679773021],[-75.5599803447514,6.17180157158521],[-75.5599730611378,6.17179733056775],[-75.5599695875868,6.17179351555655],[-75.5599668614735,6.17179052107384],[-75.5599619736749,6.17178515156185],[-75.5599441362521,6.17174788367175],[-75.5599295937174,6.17173886099427],[-75.5599071868375,6.17172496071398],[-75.5598880736422,6.17171515527108],[-75.5598663430021,6.17171350366501],[-75.5598657461619,6.17171357131642],[-75.5598444811303,6.17171598084028],[-75.5598407492975,6.17171640343993],[-75.5598401818135,6.17171630919952],[-75.5598312565992,6.17171482984943],[-75.5598109717746,6.17171146752587],[-75.5598036017183,6.17171024599568],[-75.5597510891668,6.17169065770036],[-75.5597499342491,6.17169076577602],[-75.5596968776,6.17169574429158],[-75.5596962957149,6.17169566817044],[-75.5596851097917,6.17169420686325],[-75.5596811658053,6.1716936917347],[-75.5596599035369,6.1716769479911],[-75.5596552390379,6.17167327550365],[-75.559652602542,6.17166937680224],[-75.5596224837585,6.17162484897613],[-75.5596190182633,6.17162003143995],[-75.559617680844,6.17161817118322],[-75.5596016173366,6.17159583910273],[-75.559600290026,6.17159599104837],[-75.5595242649853,6.1716047180545],[-75.5595237652173,6.17160461458552],[-75.5595138367463,6.17160256400317],[-75.5595065191744,6.1716010521488],[-75.5595013667659,6.17159861764465],[-75.5594006863409,6.1715510463976],[-75.5593909443808,6.17154493105737],[-75.5593486432667,6.17151837724835],[-75.5593122857742,6.17149555473999],[-75.5593056314003,6.1714925015805],[-75.5592448286308,6.17146460714586],[-75.5592269500913,6.17145640458749],[-75.5592264201627,6.17145682369513],[-75.5590922491937,6.17156298837018],[-75.5590645247031,6.17163120386068],[-75.559052347684,6.17167873851324],[-75.5590515837145,6.17168172011523],[-75.5590501494147,6.17168172501064],[-75.5590358452541,6.17168177385649],[-75.5590173244753,6.17167615661767],[-75.5590141966985,6.17167520802028],[-75.5589927569613,6.17166870487971],[-75.5589642987112,6.17166007344227],[-75.5589552561812,6.17165733065687],[-75.5589515869203,6.17165621813984],[-75.5589513314508,6.17165106714128],[-75.5589481378489,6.17158675785282],[-75.5589232706326,6.17150588310594],[-75.5589187045201,6.17150576202413],[-75.5588989695212,6.17150523930182],[-75.5588484559486,6.17150390277027],[-75.5588104960067,6.1714963083947],[-75.5587459946453,6.17148990516385],[-75.5587264277159,6.17147965256664],[-75.5587110555536,6.17146817607794],[-75.5587049955263,6.17146155510522],[-75.5587043402368,6.17146106607403],[-75.5586753193356,6.17142936060727],[-75.5586612940292,6.17141403670018],[-75.5586188068138,6.17136761865582],[-75.5586146810327,6.17136311120024],[-75.5586090205398,6.17135692663459],[-75.5585695417109,6.17133936479915],[-75.5585624444758,6.17133620800059],[-75.5585548064468,6.17133281044303],[-75.5584836016759,6.1713011355244],[-75.5584826174493,6.17130058684199],[-75.5584817444909,6.17130010022383],[-75.5584807557432,6.17129954974605],[-75.5584800845151,6.17129917556269],[-75.5584350806098,6.1712741008425],[-75.5584298776475,6.17127004746091],[-75.5584017800218,6.17124815739563],[-75.5583552982354,6.1712119435698],[-75.5583517566788,6.17120802839306],[-75.558349542415,6.17120558118379],[-75.5583413240877,6.17119649747273],[-75.5583333285831,6.17118731551318],[-75.5582979785592,6.17114671901961],[-75.5582419493355,6.17108237585523],[-75.5582331999903,6.17107526969144],[-75.558211286345,6.17105747185032],[-75.5581989748889,6.17103319026419],[-75.558204260229,6.17099339285631],[-75.5581980252763,6.17098394746268],[-75.5581979626911,6.17098385272012],[-75.5581931481546,6.170976559339],[-75.5581900111014,6.17097487041176],[-75.5581878989261,6.17097373276655],[-75.5580452505581,6.17091150075378],[-75.5579544912207,6.17088309824159],[-75.5579654280851,6.17083128404325],[-75.5579669703723,6.17082397750404],[-75.5580274565499,6.17053742784574],[-75.5580285085112,6.17053244315502],[-75.5580315752557,6.17051791509942],[-75.5580543743435,6.17040990350535],[-75.5580779365465,6.17029827663159],[-75.5580914569558,6.1702342245696],[-75.5580924964422,6.17022930138347],[-75.5580964038651,6.17021079082118],[-75.5581104850175,6.17014408043958],[-75.5581716007786,6.16987839623309],[-75.5581824948956,6.16983103781363],[-75.5581882520806,6.16980601082994],[-75.5581995495792,6.16975689759198],[-75.5581995986636,6.16975668411913],[-75.5582191190486,6.16975963282475],[-75.5582272162773,6.16976544903769],[-75.5582367968386,6.16977233142376],[-75.5582371316963,6.16977257185205],[-75.5582475837272,6.16978428623353],[-75.5582476433867,6.16978430324302],[-75.5582477175102,6.16978432473215],[-75.5582613876059,6.16979958275805],[-75.558277877936,6.16981953628492],[-75.5583142064246,6.16984660943905],[-75.5583460935431,6.16986610794027],[-75.5583950087696,6.16989202335904],[-75.5584094710794,6.16990926428911],[-75.5584368623532,6.16991230228524],[-75.5584759077065,6.16993383558825],[-75.5584763862401,6.16993409911994],[-75.5584917912766,6.16992978412792],[-75.5584966955469,6.16992841092187],[-75.5584971468032,6.16992828401543],[-75.5585148921339,6.16993049639146],[-75.5585163269388,6.16993067500258],[-75.5585163070745,6.16991408635031],[-75.5585161957389,6.16981965821518],[-75.5585161881159,6.16981333407976],[-75.5586065121944,6.16973221123791],[-75.5586571701405,6.16968671378145],[-75.5588740984165,6.16949188307893],[-75.5588740952266,6.16948943333625],[-75.5588740915296,6.16948680099358],[-75.5588718626183,6.16913136541466],[-75.5588721298326,6.16913131585722],[-75.559246317843,6.16907707287772],[-75.5594738085493,6.16904409508736],[-75.559482632228,6.16904285469981],[-75.5594839133911,6.16904267486139],[-75.5595069912248,6.16906925598194],[-75.559536241682,6.16910235651108],[-75.5595495780385,6.16911744909838],[-75.5595624865811,6.16911899783259],[-75.5595636302968,6.16911908595067],[-75.5595938460598,6.16908870270017],[-75.5595941829205,6.1690883636791],[-75.5595991394567,6.16908987759078],[-75.5596301388189,6.16909934354705],[-75.5596465885848,6.16910436631383],[-75.5596536025841,6.16910650818029],[-75.5596540383048,6.16910664165885],[-75.5596601383768,6.16910850403078],[-75.5596660784453,6.1691103180337],[-75.5596694421622,6.16911134461915],[-75.5596811324649,6.16911491529907],[-75.5596823130647,6.16911527540835],[-75.5596832027176,6.16911884631429],[-75.5596934668275,6.16912273644732],[-75.5597061107064,6.16912752844424],[-75.5597201985414,6.16913286784218],[-75.559748731476,6.16914177386711],[-75.5597729188853,6.16914932337819],[-75.5598025366182,6.16915856717628],[-75.5598398988924,6.16916599413937],[-75.5598588488837,6.16916976065756],[-75.559862471876,6.16917048097915],[-75.5598921569435,6.16917470214372],[-75.5599574427711,6.16918398677017],[-75.5599733749092,6.1691860522825],[-75.5600567599918,6.16919686122719],[-75.5600717132124,6.16920028721962],[-75.5600872132347,6.16920416638477],[-75.5601041350063,6.16920840227448],[-75.5601162121741,6.16921142587069],[-75.5601388516649,6.16921709309333],[-75.5601449508041,6.16921861918594],[-75.5601501705034,6.16921992535082],[-75.5601974768047,6.16923176579314],[-75.5603077412842,6.16925936517336],[-75.5603633349371,6.16927327972894],[-75.5604177224342,6.16928771289742],[-75.5604747601153,6.16930284919811],[-75.5605079370024,6.16931583721539],[-75.5605252370506,6.16932260947124],[-75.5605443328412,6.16933008543588],[-75.560553982945,6.16933468777744],[-75.5606143888027,6.16936349802536],[-75.5606170622533,6.16936477330914],[-75.560627548036,6.16936977377912],[-75.5606280400399,6.16937000924825],[-75.5607303203111,6.16941879081378],[-75.5607476597537,6.16942706082392],[-75.5607562761156,6.16943117066626],[-75.5607772359286,6.16944116620812],[-75.5608326015005,6.16946757235261],[-75.5608549360355,6.16947822666931],[-75.5608714032011,6.16948430427316],[-75.5609377365832,6.16950878152592],[-75.5610436714449,6.16954786864521],[-75.5611617290903,6.16959143456758],[-75.5611928976326,6.16960293568022],[-75.561215131193,6.16961008106238],[-75.561228843425,6.16961448766281],[-75.5612302353199,6.16961450186428],[-75.561244716409,6.16961898767913],[-75.5612820103741,6.16962749857444],[-75.5613043247149,6.16962342008061],[-75.5613236409666,6.16961435733294],[-75.561338342933,6.1696008364235],[-75.561350184076,6.16958329721858],[-75.5615129439557,6.16914740223015],[-75.5615179240638,6.16913433598417],[-75.5615182146488,6.16913359663402],[-75.5615517543953,6.16904584737483],[-75.5616019880303,6.16892457772807],[-75.5616517437389,6.16880456773424],[-75.5616774315147,6.16873976313159],[-75.5617110752473,6.16866213438964],[-75.5617288044312,6.16862122480857],[-75.5617451847415,6.16858342772602],[-75.5618014098265,6.16845649430713],[-75.5618198182168,6.16841493559352],[-75.5618543702432,6.16830018475606],[-75.5618745923129,6.16822876931276],[-75.5618916871364,6.16815886226418],[-75.5619101326334,6.16810499775595],[-75.5619304954816,6.1680562678566],[-75.5619577724584,6.16799326675917],[-75.5619620218914,6.1679876819659],[-75.5619636444487,6.16798554860401],[-75.5619683546404,6.16797935777338],[-75.5619804351895,6.16796347848561],[-75.5620268040471,6.16788157016169],[-75.5620439557589,6.16785127294477],[-75.5620459384997,6.16784776997431],[-75.5620686977915,6.16780756683653],[-75.5620876840665,6.16777829502805],[-75.5621396690907,6.1676989916482],[-75.5621500752588,6.16768252944744],[-75.5621734771238,6.16764798967326],[-75.5622082484073,6.16759454611256],[-75.5622110635734,6.16759189687789],[-75.5622111014099,6.16759186151775],[-75.5622476305132,6.16759269260389],[-75.562249042323,6.16759272482777],[-75.5622762387845,6.16754917278171],[-75.5622982229521,6.16754202893571],[-75.5623359746815,6.16752976175697],[-75.5623381810248,6.1675290396664],[-75.5623898648007,6.1675057396183],[-75.5625484787323,6.16745804267476],[-75.562549589743,6.16744540665356],[-75.5625512481619,6.16743831041776],[-75.5625514159719,6.16743759400893],[-75.5625552499521,6.16742747788615],[-75.5625565294441,6.16742410343048],[-75.5625634321768,6.1674184018588],[-75.5626205239394,6.16740306512133],[-75.5626386910985,6.1673981845873],[-75.5627558296979,6.16737522181906],[-75.5627673113789,6.16737297147693],[-75.5629180167727,6.16734671776631],[-75.5629892990437,6.16733306981011],[-75.5630066335112,6.16732951499259],[-75.5630074188559,6.16732935370479],[-75.5630505979498,6.1673398024722],[-75.5630637756441,6.16734299107666],[-75.5630650075518,6.16734328956608],[-75.5630813662804,6.16731887303366],[-75.5630834917664,6.16731538683866],[-75.5631123473867,6.16731175830884],[-75.5631741763657,6.1673025552753],[-75.5632044264815,6.16730052739114],[-75.5632454688542,6.16729777516252],[-75.5632460468016,6.16729773648817],[-75.5633119778157,6.16730041366798],[-75.5634287171803,6.16731931994785],[-75.5634428815846,6.16732200499352],[-75.5634588334829,6.16732502856001],[-75.5634612897076,6.16732549448312],[-75.5635136953668,6.16733636313108],[-75.5635553467086,6.1673453625398],[-75.5635566833628,6.1673456516962],[-75.5635730110537,6.16729647652821],[-75.5635736647588,6.16729607334407],[-75.5635760800618,6.16725557256622],[-75.56357628629301,6.167252115367352],[-75.5635762862138,6.1672521153709],[-75.5635906682415,6.16693949509709],[-75.5635917318468,6.16691637498101],[-75.5635967704972,6.16679474137967],[-75.5636001607391,6.16671354542025],[-75.5636005631843,6.16670388635744],[-75.5636009674262,6.16669421121836],[-75.5636011731404,6.16668591326593],[-75.5636025646308,6.16662945485505],[-75.5635992525423,6.16662887075629],[-75.5635636963251,6.16662260821731],[-75.5635259374387,6.16662446590145],[-75.5635257137582,6.16662441052816],[-75.5634633509146,6.1666089917497],[-75.5634282878724,6.16660032225909],[-75.5633404955197,6.16655625673741],[-75.5633276738656,6.16654982093281],[-75.5633096015588,6.16654074953833],[-75.5633006166093,6.16653619731836],[-75.5632971356376,6.16653443341129],[-75.5632966191063,6.16653417172785],[-75.5632718920798,6.16652164575447],[-75.5632728865148,6.16651848679772],[-75.5632726322915,6.16651274673121],[-75.5632689914197,6.16649266676883],[-75.5632578720731,6.16644725441679],[-75.5632096388306,6.16623381711387],[-75.5631975385237,6.16617060042998],[-75.5631804822114,6.16609630907229],[-75.5631715529575,6.16605741555701],[-75.5631358134839,6.16590173875862],[-75.5631348639646,6.16589760540579],[-75.5631289826945,6.16588835180398],[-75.5631084615801,6.16585606288596],[-75.5630318766089,6.16576315085027],[-75.5629768215601,6.16568894338867],[-75.562960532409,6.16566698784524],[-75.5629269596719,6.16562173618392],[-75.5629047326568,6.16559177650433],[-75.562814045034,6.16546953974361],[-75.5627920399028,6.16546290386711],[-75.5627908307704,6.16546297620977],[-75.5627539594196,6.16546516613835],[-75.5627664675616,6.16544526654639],[-75.5627907238709,6.16541083500794],[-75.5628012611091,6.16533876562521],[-75.5628096549672,6.16529732844975],[-75.5628115746669,6.16528795873191],[-75.5628160177343,6.1652662782527],[-75.5628214714064,6.16523309260465],[-75.5628409073559,6.16519640145939],[-75.56285115354,6.16517828631075],[-75.5628551842807,6.16517115921466],[-75.5628707008806,6.1651411593192],[-75.5628787542771,6.1651255859879],[-75.5629091119438,6.16506461179622],[-75.5629066882892,6.16506168861446],[-75.5629141505943,6.16505911732196],[-75.5629145386665,6.16505898335398],[-75.5629289206942,6.16505402832418],[-75.5629371699234,6.16505118641626],[-75.5629990854061,6.1650232362246],[-75.5630103996871,6.16502091232618],[-75.5630156844759,6.16501982629219],[-75.5630159665469,6.16501976823937],[-75.563061087127,6.16501049943921],[-75.5630854512341,6.16500119848655],[-75.5631144838858,6.16499532443561],[-75.5631148261439,6.16499525566537],[-75.5632452624215,6.16500303384834],[-75.5632474902434,6.16500316603013],[-75.5633094362687,6.16504093250525],[-75.563318098723,6.16504621352402],[-75.5633234975979,6.16504950556442],[-75.5633563660558,6.16506954360481],[-75.563454454,6.16507822115852],[-75.5634555238935,6.16507831582925],[-75.5635144821222,6.16506236738567],[-75.5635336377973,6.16505718639654],[-75.5635345190447,6.16505694793347],[-75.5636221982096,6.16509414370115],[-75.5636585413511,6.16510956252365],[-75.5637372553295,6.16514468624955],[-75.5637518107321,6.16515118101712],[-75.5637579686834,6.16515392914689],[-75.5638490695313,6.16519349346143],[-75.5638607215788,6.16519855387804],[-75.5639578195796,6.16524691988385],[-75.5639940558215,6.16526707759481],[-75.5640482790304,6.16529724092402],[-75.5641047659937,6.16532866444321],[-75.5641252332092,6.16534135924435],[-75.5641516903909,6.16535777031542],[-75.5643478321433,6.16547943282617],[-75.5643991493022,6.16551063394786],[-75.564452645774,6.16554315956349],[-75.5644069502722,6.16591691820187],[-75.5643964318985,6.1660029496264],[-75.5645298721424,6.16604178866546],[-75.5645937019349,6.16606036552681],[-75.5646499966588,6.166077262432],[-75.5646961646745,6.16609111826895],[-75.5647150328888,6.16609678153186],[-75.5648860451694,6.16615229418731],[-75.5649259716905,6.16616525511795],[-75.5649692201816,6.16617929404181],[-75.5649979204565,6.16618833596957],[-75.5650325478158,6.16619924540708],[-75.5652047997715,6.16625351304533],[-75.5652507225472,6.16626798155662],[-75.565262292848,6.16633889511859],[-75.5653497833668,6.16636964069964],[-75.565391613418,6.16638433963213],[-75.5655135803791,6.16642720124542],[-75.5655143304724,6.16642746471515],[-75.5655209528526,6.16642487199445],[-75.5655546279977,6.16641168689764],[-75.565555312514,6.16641141806919],[-75.5657175707121,6.16646866066056],[-75.5658317663477,6.16650894651601],[-75.565878551506,6.16653513004293],[-75.5660443059473,6.16662789457901],[-75.5660970631056,6.16665742014508],[-75.5661449792428,6.16668423688481],[-75.566172708439,6.16669270274331],[-75.5663048928382,6.16673306092422],[-75.5663595166956,6.16674973899429],[-75.5665809505148,6.16680883655327],[-75.5668283600188,6.166853047632],[-75.5668468554322,6.16685635216484],[-75.5668522246627,6.16685731137247],[-75.5670252743224,6.16686476175422],[-75.5670676882785,6.16686676054998],[-75.5671323804537,6.16686980786505],[-75.5671324954381,6.16686981322375],[-75.5672875877752,6.16686870754497],[-75.5672890223847,6.16686869682755],[-75.5673888836033,6.16686798590646],[-75.5673903173145,6.16686797518904],[-75.5673953901009,6.16686822615492],[-75.5673967717098,6.16686829492493],[-75.5674651361979,6.16687167447947],[-75.5674723245168,6.16687202904692],[-75.5675888306192,6.16687778965121],[-75.5676823200875,6.16688241153136],[-75.5676827449906,6.16688243296618],[-75.567818115714,6.16688912509132],[-75.5678195314589,6.16688919564755],[-75.5679231799747,6.16648309076193],[-75.5679435402906,6.16640331659823],[-75.5678872482617,6.16639218745793],[-75.5678839101221,6.16639152744392],[-75.5677941082381,6.16637377404879],[-75.5677013967108,6.16635544459207],[-75.5676117870663,6.16633772870667],[-75.5675203322822,6.16631964842859],[-75.5674253075931,6.16630086169361],[-75.5673606863848,6.1662880856417],[-75.5672948955701,6.16627507916508],[-75.5672346329875,6.16626316497138],[-75.5671697674375,6.16625034069021],[-75.5671067092978,6.16623787365593],[-75.567044750696,6.16622562454215],[-75.5669812685515,6.16621307444729],[-75.5668882839365,6.16619469139793],[-75.5668194586127,6.16618108474364],[-75.5667851285958,6.16595692366],[-75.566783904192,6.1659476647005],[-75.5667689032251,6.16583423685163],[-75.5667605327233,6.1657709477775],[-75.5667525772431,6.16571079354321],[-75.5667308478947,6.16552395392812],[-75.5667219446919,6.16548210682531],[-75.5667924417805,6.1653445316049],[-75.5667837038677,6.1653409501956],[-75.5665151300557,6.16526846996833],[-75.566300866589,6.16520090278304],[-75.5662561170132,6.16518853843287],[-75.5661940101894,6.16517137624276],[-75.5661061405816,6.1651453802037],[-75.5660724357921,6.16513540941349],[-75.5660111464352,6.1651150364556],[-75.5659498570783,6.16509466439008],[-75.5658538810733,6.16506038823175],[-75.5657558084005,6.16502536274347],[-75.565694169599,6.16500298561987],[-75.5656649249449,6.16499236910114],[-75.5656301385838,6.16497974038256],[-75.5656030948022,6.1649699232059],[-75.5655647645874,6.16495600750059],[-75.5655521746986,6.16495143740465],[-75.5655261046908,6.1649254824383],[-75.56545712845,6.16485681131254],[-75.5654113332351,6.1648105967983],[-75.5653656206653,6.16476446623333],[-75.5653469707417,6.16474564729095],[-75.5653077502964,6.16470606775998],[-75.5652892746459,6.16468742297404],[-75.5652357449364,6.1646334034631],[-75.5652328155303,6.16463063478888],[-75.5652186499966,6.16461724333654],[-75.5651930237565,6.16459301654258],[-75.5651691860621,6.16457048221148],[-75.5651532212029,6.1645553893624],[-75.5652065865206,6.16453779130886],[-75.5652707828258,6.1645076136465],[-75.565371309696,6.16441833012561],[-75.5654825768237,6.16435989231682],[-75.5654886206889,6.16435148358082],[-75.5655002907028,6.16432778907498],[-75.5655018537714,6.16429753905788],[-75.5654864287996,6.16421001405769],[-75.5654819093754,6.16418437075448],[-75.5654749070078,6.16410697641412],[-75.5654734894663,6.16410717022154],[-75.5654601081618,6.16410899844146],[-75.5653008880659,6.1641307477383],[-75.5653009401682,6.1641305494653],[-75.5653240080064,6.16404376572863],[-75.5652714080532,6.16398147137859],[-75.5652215937758,6.16394903765874],[-75.5652207179184,6.16394585278615],[-75.5651996650014,6.1638692943732],[-75.565205123165,6.16378665557365],[-75.5652083696765,6.16373749544908],[-75.5652140623004,6.16365129307077],[-75.5649232192525,6.16345911900156],[-75.5648804064443,6.16337576385365],[-75.5647685383437,6.16326749859902],[-75.5647561604574,6.16325551913982],[-75.5647083467281,6.16322399636116],[-75.5645876463916,6.16316463225206],[-75.564585103261,6.16316338098647],[-75.5645362214348,6.16314503980823],[-75.5645086233927,6.16303207221177],[-75.5645069049155,6.16302503707856],[-75.564447488546,6.16297161221863],[-75.5644019888768,6.16293070180119],[-75.5643221816487,6.16287394290104],[-75.5642990913526,6.16285752103563],[-75.564274272698,6.16283987023147],[-75.5643386145302,6.16275846914131],[-75.5644092310947,6.16266913084548],[-75.5644177650899,6.16265833297586],[-75.5644233651874,6.16265124782276],[-75.5644358382951,6.1626377759393],[-75.5644370788685,6.16263621654467],[-75.5644478137361,6.16262271697398],[-75.5644809364173,6.1625703977613],[-75.5645232928812,6.16249258520334],[-75.5645558298608,6.16244972327214],[-75.564561195498,6.16244265419251],[-75.5645628187537,6.16244104478229],[-75.5646616810457,6.16234305473532],[-75.5646787741889,6.16232611394809],[-75.5646791999904,6.1623250430917],[-75.5646990886908,6.16227503704262],[-75.5647137204501,6.16225582593016],[-75.5647269894652,6.16223840463905],[-75.5647322859321,6.1622314480903],[-75.5647655379707,6.16217195793954],[-75.5648086867487,6.16213348658461],[-75.5648521571236,6.16207705269675],[-75.564852682638,6.16207637124233],[-75.5648830942037,6.16203689154227],[-75.5649451138909,6.16195103988589],[-75.5649672968885,6.16191985284485],[-75.5650007986587,6.16187275030819],[-75.5650047835853,6.16184789016298],[-75.5650101707821,6.16183238282627],[-75.5650658609398,6.16167209983201],[-75.5651192594952,6.16153892762757],[-75.5650839817557,6.16152126070328],[-75.5650835784122,6.16152178139572],[-75.5650816793736,6.16152423302648],[-75.5650806094801,6.16152376592158],[-75.5649695399818,6.1614752450656],[-75.56493611906,6.16145776658877],[-75.5649240025834,6.1614514298593],[-75.5649156186069,6.16144704550338],[-75.5649118861069,6.16144509312975],[-75.5648995261869,6.16143862957619],[-75.5649248452031,6.16136875495819],[-75.5649316176021,6.16135006361242],[-75.5649681098639,6.16124935736656],[-75.565030744897,6.16109380151574],[-75.5650309865438,6.16109291106844],[-75.5650312587334,6.16109202955243],[-75.5650315605673,6.16109115696766],[-75.5651112995235,6.16086605952258],[-75.5652538765321,6.16052926298699],[-75.5654122198723,6.16020601231284],[-75.5654375469735,6.16017296031754],[-75.5655117639856,6.16001173903723],[-75.5655218727275,6.15998977968638],[-75.5655269976162,6.15997864594591],[-75.5655274171294,6.15997773406166],[-75.5655355576625,6.15998502913568],[-75.5655460436968,6.15999442663411],[-75.5655373300386,6.16001224901362],[-75.5655657787853,6.16006041007259],[-75.5656047198546,6.16009348886873],[-75.5656256874316,6.16015234155885],[-75.5656825516874,6.16024063889096],[-75.565734862383,6.1602809225399],[-75.5657364335365,6.16028213362153],[-75.5657946551467,6.16031623682167],[-75.5658288710775,6.16033627861331],[-75.5658305446389,6.16033725926781],[-75.5658383384223,6.16033933400406],[-75.565895589852,6.16035457165974],[-75.566029853851,6.16036331359575],[-75.5660716219184,6.16042069438137],[-75.5660936800502,6.16048448424518],[-75.566129274895,6.16061769065299],[-75.5660906060153,6.16062874935735],[-75.5660763299888,6.16066112433368],[-75.56606889104,6.16067799640326],[-75.5660324544737,6.16076142878388],[-75.5660358869364,6.16077944762558],[-75.5661405056327,6.16090281348617],[-75.5662299401058,6.16101537605631],[-75.5663550960861,6.16110729933909],[-75.5663885035332,6.16113183620712],[-75.5664805296459,6.16119667540915],[-75.5664666363017,6.16122697383182],[-75.5665891521334,6.16128293177375],[-75.5666223826124,6.16130092023147],[-75.5666582936642,6.16132036001884],[-75.5666747508002,6.16132926895357],[-75.5667256098183,6.16136414017501],[-75.5667319788737,6.16136850756223],[-75.5667494232582,6.16138046830835],[-75.5667528781788,6.16138283687903],[-75.5667820177299,6.16140588935869],[-75.5668485855874,6.16145855164661],[-75.5668594516091,6.16146935757874],[-75.5669178645605,6.1615274518524],[-75.5669268099841,6.16153832834007],[-75.5669388887314,6.16155301400954],[-75.5669619448915,6.16158104655162],[-75.567006861554,6.1616437305863],[-75.5670487958098,6.16170753191381],[-75.5670599367159,6.16172535334264],[-75.5670882327491,6.16177061873317],[-75.5671353745385,6.16184602978273],[-75.5671615173099,6.16187163122208],[-75.5671827220422,6.16189239549341],[-75.5672170960766,6.16192605738618],[-75.5672187920958,6.16192771859922],[-75.5672203093503,6.16192920386652],[-75.5672207396433,6.16192962542167],[-75.5672278569954,6.16192661469638],[-75.5673444116068,6.16187732132378],[-75.5673619916369,6.16186988605512],[-75.5673904439769,6.16185785297683],[-75.5674142313657,6.16184779191918],[-75.5674316901232,6.16184040845136],[-75.5674652664536,6.16182620865009],[-75.5674661503958,6.16182583443052],[-75.5674725455023,6.16183013661577],[-75.5674729623206,6.16183041616405],[-75.567497196172,6.16182366413567],[-75.5675702004586,6.16181086832722],[-75.567615205156,6.16179848335616],[-75.5676204917414,6.16179702756157],[-75.5676428301476,6.16178346098514],[-75.5676461054051,6.16178236333387],[-75.5676478643065,6.16178177476417],[-75.5676969500502,6.16176533142995],[-75.5678196311719,6.16172423604248],[-75.5678386467098,6.16171786627055],[-75.5679137800036,6.16169269888284],[-75.5679192767948,6.1616908572577],[-75.5679439364477,6.1616825967383],[-75.5679457231968,6.16168199745096],[-75.5679506854904,6.16167976017109],[-75.567973948263,6.16166927130287],[-75.5680304738539,6.16164326258842],[-75.5680599960874,6.16162937180341],[-75.5680827432271,6.16161866679771],[-75.568082845635,6.16161861856894],[-75.5680828725845,6.16161860606516],[-75.5680983658282,6.16161131458613],[-75.5680984511681,6.16161127528859],[-75.5681122196465,6.1616047956608],[-75.568137955481,6.16159316716252],[-75.5682096320576,6.16156078241862],[-75.5684754704996,6.16144066947623],[-75.568489185079,6.16143447296733],[-75.5684924109292,6.16143301538554],[-75.5685132617253,6.16140952795463],[-75.5685145391296,6.16140808912841],[-75.5685080200556,6.16139408401706],[-75.568507998496,6.16139403936075],[-75.5685078125448,6.16139363834711],[-75.5685082796687,6.16139343650057],[-75.5685395554137,6.16137991189074],[-75.5685708302603,6.16136638638745],[-75.5686765035787,6.16133856907749],[-75.5686768359554,6.16133848155109],[-75.5688149474387,6.16134895167021],[-75.5688437070026,6.16135704160772],[-75.5688654911482,6.16136316934681],[-75.5688671647096,6.16136364002431],[-75.5688682956885,6.16136395797724],[-75.5688828672607,6.16134848724459],[-75.5688879157926,6.1613431267008],[-75.5688886164786,6.16134238272661],[-75.5688894186741,6.16134152979103],[-75.5688941456091,6.16133650952828],[-75.5688960150032,6.16133452500171],[-75.5689014183697,6.1613287866654],[-75.5689168873589,6.16131235939339],[-75.5689151104912,6.16130195089928],[-75.5689150503041,6.16130159811439],[-75.5689150278462,6.1613014668248],[-75.5689340308077,6.16130748292371],[-75.5689799275322,6.16132831241533],[-75.5689883698993,6.16133282806181],[-75.568997592004,6.1613377607982],[-75.5690173136177,6.16134830951246],[-75.5690477638109,6.16137115478832],[-75.5690547006015,6.16139231205475],[-75.5690636325504,6.1614195524024],[-75.5690701085053,6.16142819161139],[-75.5690781106978,6.16143957986238],[-75.5690926669987,6.16146793750831],[-75.5690951508405,6.16147357581306],[-75.5691403109464,6.16157607719931],[-75.5691438691733,6.16158528711319],[-75.5691521660132,6.16160580667923],[-75.5691600397467,6.16162527950108],[-75.5691775784543,6.16166749219645],[-75.5691897937455,6.1616951576578],[-75.5691938110115,6.1617042559289],[-75.5692266210789,6.16176150260071],[-75.569248833721,6.16178963605493],[-75.5692659951362,6.16180900348119],[-75.5692734242035,6.16181655932268],[-75.569276969854,6.16182016576328],[-75.5692800932962,6.16182334261053],[-75.5693018765435,6.16184255641802],[-75.5693338350081,6.16186897328097],[-75.5693437604937,6.16187738652194],[-75.5693488719076,6.16188123678536],[-75.569352933191,6.16188409925211],[-75.5693747766255,6.1618994967329],[-75.5693903354462,6.16190878344991],[-75.5694226244908,6.16192555009103],[-75.5694416418253,6.16193410891052],[-75.5694554677959,6.16194033220734],[-75.5694615799331,6.16194308303311],[-75.5694747222857,6.16194900266721],[-75.569519148468,6.16196803427263],[-75.5695320150379,6.16197256509675],[-75.5695524049982,6.16197974582333],[-75.5695712175169,6.16198537697761],[-75.5695974267636,6.16199322308224],[-75.5696209464544,6.16199958302649],[-75.5696632310531,6.16201258156985],[-75.569659583893,6.16202280160062],[-75.5696568359466,6.16203050033906],[-75.5696648174779,6.16203461943203],[-75.5697336257337,6.16207013544338],[-75.5697904217175,6.16209185445756],[-75.5698044399276,6.16209791877624],[-75.5698278383458,6.16210973660599],[-75.5698956737261,6.16214895640131],[-75.5699860128027,6.16220475080418],[-75.570008890198,6.16221597559665],[-75.5700657670302,6.1622441920874],[-75.5700664192071,6.16224451629167],[-75.5701401151964,6.16227798524721],[-75.5702460903488,6.16232314609502],[-75.570273124249,6.16233505769781],[-75.5702814803777,6.1623387400505],[-75.5703159675998,6.16235269065631],[-75.5703417501468,6.16236245697328],[-75.5704024322425,6.1623854442123],[-75.5705154160507,6.16242824362995],[-75.5705319540351,6.1624347384308],[-75.5705392717114,6.16243767948953],[-75.5705443229383,6.16243970956132],[-75.5705678875448,6.1624491802525],[-75.5705980691417,6.16246195550372],[-75.5706446126532,6.16248165693399],[-75.5706994341401,6.1625060356555],[-75.5707431910776,6.16252549236804],[-75.5707977251035,6.16255064899874],[-75.5708797951879,6.16259035194163],[-75.5709142644436,6.16260872797092],[-75.5709153235574,6.16260929242537],[-75.5709155068137,6.16260901466375],[-75.5709225837415,6.16259829270849],[-75.5709448511808,6.16256456030153],[-75.5709537660616,6.16255105447715],[-75.5709920792085,6.16249301211678],[-75.5709935749034,6.16249074715347],[-75.5710136800978,6.16246028982678],[-75.5710451947946,6.16240909057615],[-75.5710654940251,6.16237951922428],[-75.5710738348825,6.16236781572053],[-75.5710831270558,6.1623547778884],[-75.571108465835,6.16231922438487],[-75.5711105517231,6.1623162333105],[-75.5711637697172,6.16223560022733],[-75.5711772408532,6.16221518964684],[-75.5712517093936,6.16210235939369],[-75.5712665944778,6.16207274962035],[-75.5713017365718,6.16201154911718],[-75.5713061670627,6.16200383430221],[-75.5713168112005,6.1619852957032],[-75.5713453273209,6.16194254537171],[-75.5713459794978,6.16194156650644],[-75.5713862518703,6.16188119034285],[-75.5714179803662,6.16182911845278],[-75.5714398947675,6.16179538331755],[-75.5714505487868,6.16177629454594],[-75.571461704066,6.16175630550307],[-75.5714748823512,6.16173856445658],[-75.5714927273843,6.16171535569439],[-75.5715531669349,6.16163222176775],[-75.5715567395348,6.16162730868284],[-75.5715654145655,6.16161537652227],[-75.5715867899777,6.1615772471942],[-75.5716280918195,6.16150357145025],[-75.5716341752106,6.1614953663017],[-75.5716872961867,6.16142372330142],[-75.5716915919303,6.16141793048537],[-75.5717223143131,6.16137096901805],[-75.5717240983672,6.16136824319685],[-75.5717451755387,6.16133602634698],[-75.5717464574347,6.16133406682794],[-75.5717464565363,6.16133373815746],[-75.5717464475532,6.16129646621048],[-75.5717464448582,6.16128531106239],[-75.571753325055,6.16127040210391],[-75.5717576549346,6.1612610198112],[-75.5717577438679,6.161260827789],[-75.5717498108456,6.1612557905561],[-75.5717187596795,6.1612358916994],[-75.5717166234857,6.16123431175874],[-75.5717078289791,6.16122780801194],[-75.5716728827179,6.16120451438041],[-75.5716727910898,6.16120501185186],[-75.571650382615,6.16119047711115],[-75.5716434125867,6.16118595521159],[-75.5716139424555,6.16116608046666],[-75.5716048488099,6.16115994825968],[-75.5715813084579,6.161141224754],[-75.5715582846371,6.16112141431254],[-75.5715420969957,6.16110630439597],[-75.5715049714216,6.16106572875725],[-75.5714874749349,6.16104791355815],[-75.5714689606568,6.16102807721252],[-75.5714594169553,6.16101785359006],[-75.5714545956971,6.16101296282767],[-75.5714465018764,6.16100475499218],[-75.571443585945,6.16100179874237],[-75.5714168502855,6.16098256436253],[-75.5714134654336,6.16098012880556],[-75.5714011953451,6.16097151548995],[-75.5713692575418,6.16095435494972],[-75.5713423404226,6.16093770974318],[-75.5713423071849,6.160937687415],[-75.5713381982908,6.16093495444654],[-75.571334292416,6.1609324402942],[-75.5713138826927,6.1609193023966],[-75.5712768478485,6.16090038239448],[-75.5712658641475,6.1608947717706],[-75.5712469384411,6.16088387651407],[-75.5712239882823,6.16087174159695],[-75.5710963610366,6.16080425334008],[-75.571053455702,6.16078156433706],[-75.5710429606845,6.16077840981176],[-75.5710071915665,6.1607630105122],[-75.5709677986447,6.16074221583039],[-75.5709657388077,6.16074118694775],[-75.5709566721116,6.16073666147186],[-75.5709401691615,6.16072842237265],[-75.5709358868925,6.16072628601216],[-75.5709338028011,6.1607252446257],[-75.5709241710646,6.16072043602832],[-75.5709046039611,6.16071307933865],[-75.5708997862962,6.16071126807643],[-75.5708801814634,6.16070389709658],[-75.5708784387318,6.1606971218326],[-75.5708761076036,6.16069602507221],[-75.5708744807547,6.16068967493672],[-75.570873735153,6.1606867687003],[-75.5708603008479,6.16067783474719],[-75.5708594591265,6.16067756948837],[-75.5708557814237,6.16067695412359],[-75.5708529229845,6.16067647630044],[-75.5708332013707,6.1606731806604],[-75.5708037761553,6.160668263101],[-75.5707784005451,6.16066402342523],[-75.5707947328153,6.16062416136155],[-75.5708197212516,6.1605676692599],[-75.5708516635464,6.1605025450733],[-75.5708791942149,6.16044563944053],[-75.5708894826199,6.16041238918577],[-75.5708918371043,6.16040477616412],[-75.5709136625724,6.16034069423791],[-75.5709268597222,6.16029858950547],[-75.5709271705393,6.16029600389987],[-75.5709282997216,6.16028661265864],[-75.5709290345435,6.16028050009033],[-75.5709348906609,6.16023179424317],[-75.5709371490255,6.16016456669839],[-75.5709444873631,6.16012068016101],[-75.5709473556838,6.16010352137954],[-75.5709515651892,6.16008128694891],[-75.5709565158047,6.16005513704238],[-75.5709694802909,6.16002696062603],[-75.5709842378144,6.15999797324751],[-75.5710029982308,6.15996112276338],[-75.5710149251628,6.15994055937048],[-75.5710154623553,6.15993963319608],[-75.5710124988132,6.15993424763047],[-75.5709985875027,6.15990946688295],[-75.5709974376592,6.15990741447324],[-75.5709952008541,6.15990342129491],[-75.5709905682422,6.15989515003015],[-75.5709410045947,6.15984709345227],[-75.5709511223198,6.15982772059562],[-75.5709596437385,6.15981140045264],[-75.5709552446886,6.15980702144194],[-75.5709541703035,6.15980595236671],[-75.5709380419509,6.1597898992686],[-75.5709124579316,6.15976443259132],[-75.5708134725704,6.15966094930634],[-75.5707853040981,6.15962948168822],[-75.5707433572659,6.15958385797026],[-75.5707014005522,6.15953494396007],[-75.5706597546557,6.15949051434797],[-75.5706165950978,6.15943861459741],[-75.570603113182,6.15942430219754],[-75.5705806759612,6.15941240660576],[-75.5705558743745,6.15940918776703],[-75.5705229996284,6.15940329936412],[-75.5704385750597,6.15938954427613],[-75.5704197310999,6.15938647369674],[-75.5703598179621,6.15937472189798],[-75.5703174534133,6.1593666480066],[-75.5702483909342,6.15935279288717],[-75.5702482777465,6.15935276966582],[-75.570242526732,6.15935161484925],[-75.5702398704138,6.15935086194099],[-75.5701834687903,6.15933489010391],[-75.5701166727607,6.15931593253387],[-75.5701066933763,6.15931215102284],[-75.5701039391416,6.15931110695424],[-75.5700953512475,6.15930785238969],[-75.5700654463317,6.1592959773373],[-75.5700381689881,6.15928337706327],[-75.5700140222732,6.15926971307144],[-75.5699956660987,6.15925665998001],[-75.569982742935,6.15924561821657],[-75.5699581776053,6.15922045874983],[-75.5699322881588,6.15919183036549],[-75.5699068838026,6.15916535352957],[-75.5698776795727,6.15913905442522],[-75.5698489227038,6.15911911619145],[-75.5698249834998,6.15910387582091],[-75.5697998558247,6.15909103082471],[-75.5697792844047,6.15908391347129],[-75.5697596678938,6.15907631472069],[-75.5697429277885,6.15907181691761],[-75.5697159010748,6.15906376088423],[-75.5696929383395,6.15905593259891],[-75.5696718881175,6.15904857677928],[-75.5696491580459,6.15903859426386],[-75.5696279416355,6.15902669330465],[-75.5696087060103,6.15901502902467],[-75.5695815158033,6.15899370375504],[-75.5695732486077,6.15898790555367],[-75.5695463144206,6.15896901674228],[-75.5695288143405,6.15895674334618],[-75.5695076078116,6.15894257294109],[-75.5695068640065,6.1589421933607],[-75.5694489289589,6.1589033922066],[-75.5694484025462,6.15890300726741],[-75.5694435687116,6.15889977770801],[-75.5694284850997,6.15888844031096],[-75.5693853408132,6.15885558114981],[-75.5692489765531,6.1587432646258],[-75.5692197103395,6.15871915992259],[-75.5691889906517,6.1586941335074],[-75.569188227982,6.15869351188841],[-75.5691688746775,6.1586777445585],[-75.5691631425277,6.15867164804803],[-75.5691547783141,6.15866410198622],[-75.569126411314,6.15863850843039],[-75.5691213645788,6.15863395614264],[-75.5690851660661,6.15860129792015],[-75.5690900070872,6.1585950772636],[-75.5692554893389,6.15842124270585],[-75.5693943590004,6.15827536310541],[-75.5694011080431,6.15826884681852],[-75.5695512488664,6.15812387906362],[-75.5696095162907,6.15806761980333],[-75.5696098486673,6.15806729916902],[-75.5696741904996,6.15800517470572],[-75.5697085573474,6.15798290267569],[-75.5697092822878,6.15798237126221],[-75.5697099425496,6.15798176035996],[-75.5697517519395,6.15793835414717],[-75.5698231437501,6.15788132945303],[-75.5698234051598,6.15788111152881],[-75.569823793232,6.15788074891716],[-75.5699212263044,6.15778342430508],[-75.5699560324284,6.15774865645182],[-75.5700552738094,6.15765144613648],[-75.57008079315,6.15762644199927],[-75.5701166916254,6.15758628408063],[-75.5702851068765,6.15742579349073],[-75.5702854051172,6.15742549250494],[-75.5703205301431,6.15738798449648],[-75.5703205759572,6.15738793537417],[-75.5704467596102,6.157250890363],[-75.5704644429466,6.15723168532067],[-75.5705817521429,6.15710653948538],[-75.5707015496726,6.15698395423465],[-75.5707016269277,6.15698387385263],[-75.570716657539,6.15696805020455],[-75.5707565598056,6.15692604255627],[-75.5708236100584,6.15685545462358],[-75.5708660842017,6.15681051212844],[-75.5709789871615,6.1566909277399],[-75.5709793321146,6.15669053118838],[-75.5709794713535,6.15669036595857],[-75.5710214657964,6.15663956359623],[-75.5710265258705,6.156633443112126],[-75.5710212123598,6.15662753364183],[-75.5710310374667,6.15661564705616],[-75.5710425071393,6.15660176986142],[-75.571049077074,6.15659405875052],[-75.5711516654116,6.15647364220396],[-75.5711695342142,6.15645266726129],[-75.5711799028114,6.15643682160399],[-75.5711858825863,6.15642768388282],[-75.5712285845088,6.15636272311401],[-75.5712384295259,6.1563401868852],[-75.5712517585002,6.15630064640465],[-75.5712634102513,6.15625237833798],[-75.5712730698487,6.15620227176325],[-75.5712789508566,6.15616037289908],[-75.5712859355912,6.15610846407776],[-75.5712925115644,6.1560586318992],[-75.5712964031998,6.15602914278067],[-75.571310690128,6.15591222944547],[-75.5713153715144,6.15587381961995],[-75.5713175567988,6.15585588611384],[-75.571318786764,6.15584580167844],[-75.5713189542778,6.1558446604086],[-75.5713227551423,6.15581888863933],[-75.57133034452,6.15576680366182],[-75.5713370698641,6.15572065109852],[-75.5713384957144,6.15571085176719],[-75.5713417134023,6.1556887372558],[-75.5713281975534,6.15568207762343],[-75.5713276675544,6.15568181605359],[-75.571327398214,6.15568239443963],[-75.5713206197792,6.15569693828485],[-75.5713197628156,6.15569570315824],[-75.5713013213107,6.15566911950746],[-75.5713213464028,6.15563374292475],[-75.5713311597142,6.15560762076622],[-75.5713410967395,6.15558116741105],[-75.571348543569,6.1555614645877],[-75.5713526444306,6.15555061278877],[-75.5713542851411,6.15554627369533],[-75.5713773556888,6.15546657904585],[-75.5713866165196,6.15541986616193],[-75.5713876142009,6.15541651147574],[-75.5713991382902,6.15535908481875],[-75.5714008801313,6.15531756093401],[-75.5714025558713,6.15527759295419],[-75.5714066018305,6.15526066848736],[-75.5714134306006,6.15524183700648],[-75.5714313603128,6.15521326047314],[-75.5714339616618,6.15520362327741],[-75.5714339619437,6.15519596580813],[-75.5714771156138,6.15514564165169],[-75.5715076046915,6.1551204966632],[-75.5715489656619,6.15508638466886],[-75.5715765252237,6.15506365603405],[-75.5716159959541,6.15503282619192],[-75.5716390455533,6.15501482253601],[-75.5716577647917,6.15500020187723],[-75.571687375461,6.15497488035645],[-75.5717590914195,6.154913551849],[-75.5717654428058,6.15490812114177],[-75.5718335708339,6.15484986168124],[-75.5718605119055,6.15482333270205],[-75.5718882700028,6.15476532726568],[-75.5719097687498,6.15458506033359],[-75.5719095808958,6.15456147014796],[-75.5719093995283,6.15453858503496],[-75.5719198366183,6.15444869108983],[-75.5719338013603,6.15435969846441],[-75.5719406829893,6.15434201486785],[-75.5719449185981,6.15433349310737],[-75.5719897221186,6.15424335832641],[-75.5720421722827,6.15413264331885],[-75.5720508273827,6.1541177326345],[-75.5720535365362,6.15411306421961],[-75.5720672594019,6.15409588938563],[-75.5720890645966,6.15406859827977],[-75.5721278128446,6.15404946139305],[-75.5721679443951,6.15404408707633],[-75.5721918406747,6.15404402017569],[-75.5721932749211,6.15404401616031],[-75.572339568785,6.15406034885649],[-75.5724648793021,6.15407486725783],[-75.5724655460697,6.15407494493945],[-75.5725003056752,6.15407125977873],[-75.5725844752567,6.154047345688],[-75.5726557452424,6.15402526207652],[-75.5727105197873,6.15400071254319],[-75.5727366927843,6.15397537530502],[-75.57274505970463,6.153962127175965],[-75.5727353094247,6.15393546797253],[-75.5727294973248,6.15390262547461],[-75.5727294586972,6.1539024066556],[-75.5727299294144,6.15390228697501],[-75.5727722840818,6.15388895866493],[-75.5727744193772,6.15386981334136],[-75.5727958064675,6.15383137532426],[-75.5728124729109,6.15380932372459],[-75.5728496101631,6.15376588680414],[-75.5729298988883,6.15369470987287],[-75.5730793300425,6.15359681288475],[-75.5731711342713,6.15355669485279],[-75.5731956906179,6.15354596378335],[-75.5732380812178,6.15352743917931],[-75.5732329850752,6.15351919103688],[-75.5732638449002,6.15350047797948],[-75.5733594193582,6.15344252662325],[-75.5733633997932,6.15344201396115],[-75.5734186659461,6.15343725531363],[-75.5734740461851,6.15343202866093],[-75.5734995798987,6.15342777195776],[-75.5735438407911,6.15341775003852],[-75.5735744931052,6.15341057723448],[-75.5736062611269,6.15339922810946],[-75.5736265495776,6.1533919802814],[-75.5736463915656,6.15338489143212],[-75.5736727400512,6.15336051675758],[-75.5737231840477,6.15332199832107],[-75.5737234212029,6.1533218170137],[-75.5737684510532,6.15332848072933],[-75.5737695236416,6.1533286397082],[-75.5737925968697,6.15331826589006],[-75.573806832472,6.15330936575233],[-75.5738464589558,6.15328459094768],[-75.5739059678518,6.15325859521971],[-75.5739431419349,6.15324355921006],[-75.5740052460637,6.15322062337745],[-75.574106149328,6.1531834517859],[-75.5741087544423,6.1531824916604],[-75.574111029875,6.15318165389509],[-75.5741164592925,6.15318026595558],[-75.5741218967949,6.15317887622976],[-75.5741994519467,6.15315905120105],[-75.5742562425406,6.15314453320979],[-75.5742586302627,6.1531438061938],[-75.5742609003054,6.15314311401026],[-75.5742710297085,6.15314061143183],[-75.5742875533199,6.15313652888863],[-75.5743528195185,6.15313457112565],[-75.5744278171666,6.15313232041268],[-75.5744315604464,6.15311635910629],[-75.5744301509898,6.15309980207499],[-75.5744272377533,6.15306555908164],[-75.5744248203869,6.15303715900948],[-75.5744227129392,6.1530262055376],[-75.5744226985662,6.15302612962069],[-75.5744217113177,6.15302071897706],[-75.5744216897581,6.1530206046551],[-75.5744198113808,6.15300972709983],[-75.574419788923,6.15300959312878],[-75.5744197781432,6.15300953507468],[-75.5744180093604,6.15299844405863],[-75.5744164301221,6.15298767635919],[-75.5744158435222,6.15298341607987],[-75.5744147314079,6.15297489016235],[-75.5744142624873,6.15297108538454],[-75.5744142049951,6.15297062273784],[-75.5744129482521,6.15295960138593],[-75.5744118289512,6.15294856574358],[-75.5744118037984,6.15294828708379],[-75.5744113510475,6.15294335159005],[-75.5744113223014,6.15294304167031],[-75.574411289962,6.15294269513187],[-75.574410429376,6.15293223467157],[-75.5744096011293,6.15292029427737],[-75.5744090055463,6.15290977665564],[-75.5744084836251,6.1528978568032],[-75.5744080371624,6.15288191424574],[-75.5744078916353,6.15286978271836],[-75.5744078961269,6.1528597929417],[-75.574408021891,6.15284953343636],[-75.5744082294019,6.15284057077095],[-75.5744083255216,6.15283748764975],[-75.5744083991835,6.1528351199341],[-75.5744088402563,6.15282421915338],[-75.5744090109362,6.15282076984444],[-75.5744091052593,6.15281888353152],[-75.5744091106492,6.15281877278208],[-75.5744093100752,6.15281519932654],[-75.5744093963134,6.15281366312473],[-75.5744093999067,6.15281359613918],[-75.5744094026016,6.15281354880272],[-75.574410079033,6.1528031062027],[-75.5744109611787,6.15279169990372],[-75.5744113348778,6.15278738782069],[-75.5744114354891,6.1527862320967],[-75.5744123877033,6.1527762834029],[-75.5744124910096,6.15277530720018],[-75.5744129734049,6.15277073610624],[-75.5744130659314,6.15276984921753],[-75.5744149236474,6.15275411833056],[-75.5744161651191,6.15274478590329],[-75.5744180201402,6.1527320256017],[-75.5744197781432,6.152721005138],[-75.5744197925162,6.15272092207591],[-75.5744207087978,6.15271551142917],[-75.5744224021221,6.1527075410409],[-75.5744225305812,6.15270671756511],[-75.5744298347828,6.15267145011388],[-75.5744335933339,6.15265330774366],[-75.5744362775,6.15264034559004],[-75.574450976633,6.15256938196876],[-75.5744533823213,6.15255887416464],[-75.5744554987521,6.15252904503967],[-75.5744568480217,6.15251002381373],[-75.5744445114579,6.15239920553239],[-75.5744260735367,6.15223358584988],[-75.5744260690451,6.15223319465386],[-75.5744257627196,6.15220843944816],[-75.5744253629693,6.15217609789599],[-75.5744250593387,6.15215150077376],[-75.5744249093201,6.15213944425362],[-75.5744243290084,6.15213133006088],[-75.5744194026474,6.15206247061386],[-75.5744193685114,6.15206199278296],[-75.5744484604519,6.15207137345191],[-75.5744495734645,6.15207173249493],[-75.57447086713,6.1520475649691],[-75.5745066721806,6.15197741313473],[-75.5745182406848,6.1519369841671],[-75.5745362590928,6.15185450427632],[-75.5745433548852,6.15182202515875],[-75.5745474512029,6.15177539241258],[-75.5745539684803,6.15170119817949],[-75.5745488058623,6.15167368135239],[-75.5745487852011,6.15167356703015],[-75.5745569167511,6.15167418419162],[-75.574581955493,6.15167608479889],[-75.574582684925,6.15167614017373],[-75.574578320011,6.1517482846485],[-75.5745779076843,6.15175511004264],[-75.5745773525255,6.15176427546967],[-75.5745766868738,6.15177528255607],[-75.574581391351,6.15177601671907],[-75.5746622055906,6.15178861181228],[-75.5746631416351,6.15178875739448],[-75.5746689618198,6.15179124300955],[-75.5746703542085,6.15179183784236],[-75.5747322050125,6.15181824716693],[-75.5747326164409,6.15181842311594],[-75.5747335726975,6.15181883038883],[-75.5747814856906,6.15183928870534],[-75.5747816725402,6.15183055645361],[-75.5747825816353,6.15178819739424],[-75.5747827244674,6.15178153633875],[-75.5747834134752,6.15174945645133],[-75.5747372993584,6.15174695297322],[-75.5747259455515,6.15174633670494],[-75.5747265132868,6.15173405689002],[-75.574731115356,6.15163450633384],[-75.5747296798482,6.15163454831152],[-75.5747264899306,6.15163464119836],[-75.5747103220521,6.15163511188452],[-75.5747103202555,6.15163507347936],[-75.5747092584468,6.15161253502582],[-75.574707754667,6.15158063911558],[-75.574706249989,6.1515487101572],[-75.5747064988223,6.15154438556009],[-75.5747065643993,6.15154324055108],[-75.5747067781983,6.15153951168017],[-75.5747075417663,6.15152619849426],[-75.574707543563,6.15152616098228],[-75.5747233179793,6.15152652449137],[-75.5747268079342,6.15152378432936],[-75.5747470820119,6.15152482484069],[-75.5747977694518,6.15150394316237],[-75.5748699427967,6.1514616555284],[-75.5749053669616,6.15144089978075],[-75.574946818822,6.15143213090359],[-75.5749601857535,6.15142930321309],[-75.5750127488757,6.15141818358352],[-75.5750357924594,6.15141004258549],[-75.5750390740051,6.15140888328594],[-75.575059650815,6.15139620512142],[-75.5750745853066,6.151384028903],[-75.5750905483692,6.15137105153497],[-75.5751012041851,6.15135655671661],[-75.5751046671905,6.15134930439498],[-75.5751062069029,6.15134608104166],[-75.5751087293722,6.15133954859323],[-75.5751104505443,6.1513350909161],[-75.5751150705798,6.15131655819675],[-75.5751198909396,6.15127124904443],[-75.5751249897772,6.15122783335202],[-75.5751253832393,6.15121406108264],[-75.5751259401948,6.15119456019172],[-75.5751313974601,6.15115527974692],[-75.575125744362,6.15112515937845],[-75.5750953866953,6.15106210255476],[-75.5750788684739,6.15102313112787],[-75.5750735270912,6.15101052976451],[-75.5750586321255,6.15097538545458],[-75.5750562785394,6.1509552191628],[-75.5750562731495,6.15095516557416],[-75.5750561437921,6.15095406164854],[-75.57505525446,6.15093758850539],[-75.5750545816219,6.15092824264906],[-75.5750545708421,6.15092810153236],[-75.5750545124516,6.15092729055779],[-75.5750528963824,6.15091595834951],[-75.5750528730262,6.15091579669048],[-75.5750306136717,6.15090170466754],[-75.5750166592421,6.15089341986545],[-75.5749758649484,6.15086919869742],[-75.5749764713113,6.15086455613558],[-75.5749808730561,6.15083084888457],[-75.5749809574978,6.15083020850038],[-75.5749827783829,6.15081626116452],[-75.5749838860056,6.15080778612144],[-75.5749850897481,6.15079856798242],[-75.5749863195417,6.15078915513785],[-75.5749875610134,6.15077965387187],[-75.5749878610507,6.15077735491913],[-75.5749897403263,6.15076296726186],[-75.5749899891597,6.15076106665133],[-75.5749907123034,6.15075552915818],[-75.5749920094707,6.150745590251],[-75.5749928871248,6.1507388720212],[-75.5749929859394,6.15073811552817],[-75.5749935015724,6.15073416693813],[-75.574993656981,6.15073297369762],[-75.5749946127884,6.15072566509941],[-75.5749959207355,6.15071564402241],[-75.5749959440917,6.15071546717983],[-75.5749987306657,6.15070875788113],[-75.5750006692301,6.1507040894167],[-75.5750013690177,6.15070240316055],[-75.5750023715375,6.15069998899189],[-75.5750113546904,6.15067835793319],[-75.5750106387331,6.15067481483019],[-75.5750090415285,6.15066691764917],[-75.5750084827764,6.15066415783355],[-75.5750062738191,6.15065323735915],[-75.5750049137698,6.15064651287617],[-75.5750025718618,6.1506349350472],[-75.5750000970032,6.15062269897068],[-75.5749958165309,6.15060153859589],[-75.5749864111699,6.15055503614176],[-75.5749851759864,6.15054893328605],[-75.5749461846115,6.15054727203745],[-75.5749355467618,6.15054681921325],[-75.5749247247576,6.15054561436144],[-75.5749103624929,6.15054401473977],[-75.5748651215385,6.15053897919153],[-75.5748561752166,6.15053798422864],[-75.5748292598941,6.15053498772909],[-75.5748291889272,6.1505349796908],[-75.5748291979103,6.15053408654634],[-75.5748195392244,6.15039339663049],[-75.5748144017593,6.15033139898974],[-75.5748108031082,6.15028252074664],[-75.5748316808538,6.15028121854146],[-75.5748447980535,6.15028000118501],[-75.5748513036528,6.15027939741908],[-75.5748685270518,6.15027779958292],[-75.5749345092077,6.15027167886114],[-75.5749441247745,6.15027078660941],[-75.5749623794394,6.15026909320675],[-75.5750082267565,6.1502648400508],[-75.5750531811483,6.1502606690642],[-75.5751317828374,6.15025337832239],[-75.5751326775594,6.1502313292537],[-75.575134038507,6.15019781756132],[-75.5751366526045,6.15013909774025],[-75.5751367693855,6.15013647814566],[-75.5751375895474,6.15011805702765],[-75.5751377368711,6.15011666997327],[-75.5751410229084,6.15008600115479],[-75.5751454129752,6.15004501650698],[-75.5751466822947,6.15003316714875],[-75.5751469365179,6.15003078870288],[-75.5751555262086,6.1499505994344],[-75.5751620380961,6.14990915927193],[-75.5751683909818,6.14986872836072],[-75.5751711820474,6.14985096369545],[-75.5751792084945,6.14981002725937],[-75.5751867597327,6.14977151660392],[-75.5752136561907,6.14967155929888],[-75.5752232771474,6.14963399268867],[-75.5752333903808,6.14960793515511],[-75.5752381766047,6.14959560527461],[-75.5752446265084,6.14957898829285],[-75.5752577589795,6.14955544139022],[-75.5752877052179,6.14950174991116],[-75.5752976360933,6.14948394504202],[-75.5753026199465,6.14947697135648],[-75.5753108467179,6.14946546048806],[-75.5753126280771,6.14946332765484],[-75.5753240546475,6.14944965358589],[-75.5753070836752,6.14944485203161],[-75.5753060056968,6.14944495742286],[-75.5752437749055,6.14945100848873],[-75.5751836030528,6.14947078631896],[-75.575152159323,6.14948112091374],[-75.5751446952213,6.14948357438636],[-75.57510659767,6.14953271260838],[-75.5751052852314,6.14953255898725],[-75.5750707665683,6.14952852911199],[-75.5749165581734,6.14951052328586],[-75.5748818544573,6.14950830560398],[-75.5748627814272,6.14950708556632],[-75.5748602266185,6.14947821104344],[-75.5748590794699,6.14946524077408],[-75.5748521597473,6.14943724689113],[-75.5748457862003,6.149411464437],[-75.5748283292394,6.14938757813132],[-75.5748252605944,6.14938338123659],[-75.5748013267803,6.14937029306957],[-75.574800263175,6.14937050027955],[-75.5747994412165,6.1493706592596],[-75.5747910275956,6.14937229103805],[-75.5747786955234,6.14937468109776],[-75.5747782751118,6.1493744890713],[-75.5747411414529,6.14935747731194],[-75.5747365007561,6.14935617421133],[-75.5746784111983,6.14933986982334],[-75.5746196523956,6.14932337698096],[-75.5745297022895,6.14928823077323],[-75.5744493003767,6.14924923152878],[-75.5743975825691,6.14921302247164],[-75.5743737134337,6.14918995070685],[-75.5743316552104,6.1491492991337],[-75.5742979037086,6.1491166760542],[-75.5742850353421,6.14910327259983],[-75.5742673178698,6.14908481929273],[-75.5742566818168,6.14907373980576],[-75.5742455013848,6.14906382855466],[-75.5742587847729,6.14906382855466],[-75.5742602193824,6.14906382855466],[-75.5742628298866,6.14906382766153],[-75.5742642644961,6.14906382855466],[-75.5742711455912,6.14906382855466],[-75.5742725802007,6.14906382855466],[-75.5742937418139,6.14906382766153],[-75.5742951764234,6.14906382676837],[-75.5743481635504,6.14907045123892],[-75.5743845920318,6.14908701286144],[-75.5743920049295,6.14908807124045],[-75.5743933649789,6.14908826505334],[-75.5744390964133,6.14896593964522],[-75.5744780617371,6.14886171383816],[-75.5745672985808,6.14862301750495],[-75.5745698156602,6.14861628495802],[-75.5745807158179,6.1485871290452],[-75.5746330112421,6.14844724512684],[-75.5746334091958,6.14844617960135],[-75.5746963415714,6.14851069256621],[-75.5747451093115,6.14856068472739],[-75.574760664539,6.14857663188017],[-75.5747879005601,6.14860455167715],[-75.5748354492864,6.14862174030383],[-75.5748365335529,6.14862213239566],[-75.574870160189,6.14858417451259],[-75.5748734372431,6.14858088504959],[-75.5748881857835,6.14856608112605],[-75.574892338695,6.14855151209996],[-75.5749110595855,6.14852960497118],[-75.5749083305037,6.1485124851139],[-75.5749054810476,6.14849460786668],[-75.5749000651048,6.14846062894852],[-75.574893697846,6.14842068469284],[-75.5748588512978,6.14820206703012],[-75.5748470025192,6.14812773743304],[-75.5748452930253,6.14811700982661],[-75.5748438844669,6.14811717773855],[-75.5748425055529,6.14811734207785],[-75.5743360695317,6.14818980410314],[-75.5743359042417,6.14818962725977],[-75.5743222157134,6.1481748947772],[-75.5743212293632,6.14817383818266],[-75.5743036655028,6.1481550231182],[-75.5742921473042,6.14814268337938],[-75.5742535952055,6.14810138508666],[-75.5742505076959,6.1480980759714],[-75.5742392895346,6.14808620156165],[-75.5742187630303,6.14806447393658],[-75.5742004562632,6.14804509439836],[-75.5741920677951,6.14803780273306],[-75.574108240606,6.14798180856335],[-75.5740587452305,6.14794874598306],[-75.5740476393586,6.14794132748932],[-75.5740026391528,6.14791126856602],[-75.5739537636148,6.14789057877284],[-75.5739714783922,6.14783624227213],[-75.5739943207532,6.14776617383821],[-75.5740122681943,6.14771112280549],[-75.5740289184681,6.14766004985387],[-75.5740559415885,6.14758207345209],[-75.5740598609381,6.14757046161675],[-75.574077716751,6.14751755590885],[-75.5740914924158,6.14747673718892],[-75.5740919721162,6.14747583957362],[-75.5741746943774,6.14732104244054],[-75.574182827724,6.14728391955976],[-75.5741838832445,6.14727910548185],[-75.5741934143697,6.14723560104166],[-75.5741956466832,6.14722541555928],[-75.574198290425,6.1472133473165],[-75.5742074146134,6.14705785880872],[-75.574215411416,6.14696211398431],[-75.5742166403113,6.14694740111708],[-75.5742211202097,6.14689377725419],[-75.5742236004582,6.14686408267716],[-75.5742319476038,6.14685581656833],[-75.5742623043722,6.14682575579744],[-75.5742622253204,6.14681702524967],[-75.5742622217272,6.14681656795654],[-75.5743110424679,6.14676957572482],[-75.5743115347447,6.14676579323137],[-75.5743116084065,6.14676522608063],[-75.5743212608043,6.14669543348927],[-75.57432139106,6.14668595805152],[-75.5743214808915,6.14667939517873],[-75.5743217827254,6.14665728254815],[-75.574321852794,6.14665218354938],[-75.5743220252706,6.14663956154001],[-75.5743239800046,6.14657632644741],[-75.5743239907844,6.1465759941952],[-75.5743240653446,6.14657358536675],[-75.5743248603536,6.14657024855427],[-75.5743270531412,6.14656105088431],[-75.5743306203512,6.14654365140736],[-75.5743314405131,6.14653964741081],[-75.5743357326635,6.14652275434986],[-75.5743365591135,6.1465195032796],[-75.5743437285678,6.14649128952642],[-75.5743451685672,6.14647390255132],[-75.5743461890534,6.1464615797434],[-75.5743470361647,6.14644615412757],[-75.5743471268946,6.14644521631871],[-75.574348182415,6.14643423591652],[-75.5743496870931,6.14641859505044],[-75.5743498398067,6.14641700434789],[-75.5743510839734,6.14640494591144],[-75.5743513112472,6.14640328643619],[-75.5743518682026,6.14639923152896],[-75.5743573685871,6.14635918172663],[-75.5743591463531,6.14634971074863],[-75.5743654076106,6.14631636225843],[-75.5743659555829,6.14631216355314],[-75.5743711765914,6.14627212446205],[-75.5743714074584,6.14627035602191],[-75.5743714335095,6.1462701550628],[-75.5743714757303,6.14626983978028],[-75.5743715035781,6.14626962274446],[-75.5743715188495,6.14626950663475],[-75.5743715287309,6.14626943071684],[-75.5743736757045,6.14625296725326],[-75.5743753798086,6.14624108387082],[-75.5743796755523,6.14621113292284],[-75.5743809179223,6.14620247024451],[-75.5743838590065,6.14618765375066],[-75.5743850304097,6.14618415974108],[-75.5743856017382,6.14618128111301],[-75.5743886200775,6.14617344906535],[-75.5743909215613,6.1461665807283],[-75.5743915440938,6.146165860848],[-75.5743959395505,6.1461607806007],[-75.5744099586588,6.14614457793411],[-75.5744286337352,6.14612299670664],[-75.5744361984482,6.14611605513051],[-75.5744582035794,6.14609586453937],[-75.5745069973707,6.1460633475577],[-75.5745070512696,6.14606331183161],[-75.5745071366096,6.14606325466992],[-75.5745071770338,6.1460632269822],[-75.5745072776451,6.1460631599958],[-75.5745089547997,6.14606204176958],[-75.5745603132812,6.14602172399624],[-75.5745684142884,6.14600897157171],[-75.5745749001247,6.14599345394807],[-75.57457612902,6.1459905136915],[-75.5745779669731,6.14598734746744],[-75.5745854679057,6.14596817417169],[-75.5745928969731,6.14595039865828],[-75.5745957617006,6.14594307391764],[-75.5745968818997,6.14593910385637],[-75.5745969950875,6.14593870193788],[-75.5746001625472,6.14592747054949],[-75.5746012584918,6.14592358712386],[-75.5746073293065,6.14590206036973],[-75.5746163250357,6.14583982462692],[-75.5746189346416,6.14581093740081],[-75.5746208830875,6.14579024395331],[-75.5746284765466,6.14570959049938],[-75.5746315308186,6.14568390164559],[-75.5746426645382,6.14561980990598],[-75.5746532655569,6.14556238286477],[-75.5746567671899,6.14554341051306],[-75.574656562374,6.1455325435227],[-75.5746565174582,6.14553021685958],[-75.5746564761357,6.14553043568201],[-75.5746560898601,6.14551011020257],[-75.574657670895,6.14549837506693],[-75.5746609497458,6.14547405094063],[-75.574675307519,6.14542918786711],[-75.5746753227904,6.14542913963688],[-75.5746787543547,6.14542879934556],[-75.5746795852964,6.14542871628234],[-75.5746832773722,6.14542835008958],[-75.5746863388307,6.14542688442552],[-75.5747016479198,6.14541843430484],[-75.5747114368614,6.1454130316222],[-75.574734249578,6.14540044084377],[-75.5747555127008,6.14538631026915],[-75.5747639676443,6.14538166408679],[-75.5747784862159,6.14537144462914],[-75.5747791509692,6.14537097751005],[-75.5747843450282,6.14536615180381],[-75.5748046415637,6.14534729823449],[-75.574805753678,6.14534626485631],[-75.5748120553597,6.14534041023744],[-75.5748175961684,6.14533855962409],[-75.5748179366299,6.14533844619364],[-75.5748488368791,6.14532812402251],[-75.5749487088774,6.14530215827283],[-75.5749690143961,6.1452924300479],[-75.5749791294262,6.14529063302357],[-75.5749893288979,6.14528882081565],[-75.5750004078203,6.14528675852481],[-75.5750023895038,6.14528650129669],[-75.5750050062963,6.14528603685703],[-75.5750813523156,6.14527247521797],[-75.5751786730986,6.145257284467],[-75.5751817947442,6.14525662531987],[-75.5751931584325,6.14525502300286],[-75.5751937629987,6.14525493815328],[-75.575218631959,6.14525143341973],[-75.5752457835385,6.14524760715098],[-75.575246141068,6.14524755624124],[-75.5752689313267,6.14524854138935],[-75.5752951297937,6.1452533947844],[-75.575297085426,6.14525375651149],[-75.5753087096258,6.14525654493608],[-75.5753094049219,6.14525671195574],[-75.5753131347269,6.14525760600217],[-75.5753133602041,6.14525754437459],[-75.575315568263,6.1452580740145],[-75.5753195046806,6.14525901718438],[-75.575326634609,6.14526136975013],[-75.5753321610446,6.14526322750897],[-75.5753358082047,6.14526538179469],[-75.575341367878,6.14526928219504],[-75.5753452764478,6.1452730504087],[-75.5753462394418,6.14527397928808],[-75.5753484987047,6.14527723215225],[-75.5753496916674,6.14527982765564],[-75.5753504741,6.14528153089888],[-75.5753513616355,6.14528346368252],[-75.5753520461517,6.14528495346213],[-75.575352066813,6.14528499811978],[-75.5753539838178,6.14529596336206],[-75.5753542173798,6.14529730219875],[-75.5753679580104,6.14528193013837],[-75.575369170736,6.14527982676246],[-75.575382858366,6.14525610729097],[-75.5754005632619,6.14522542390179],[-75.5754443767933,6.14516626588663],[-75.5754909715088,6.14509098644318],[-75.5755212788698,6.14504202018951],[-75.575604103539,6.14502078010204],[-75.5756079680914,6.14501978959461],[-75.5756229115661,6.14500675401632],[-75.5756253594753,6.1450039066423],[-75.5757254407811,6.14488752066176],[-75.5757256150542,6.1448530333086],[-75.5757302548527,6.14482576799665],[-75.5757325455567,6.14478477401201],[-75.5757285534435,6.14476144750623],[-75.5757272751409,6.14475554465059],[-75.575724631399,6.14474334148552],[-75.5757126343984,6.14473134999771],[-75.5757078122419,6.14471189709939],[-75.5757124268875,6.1446208034008],[-75.5757046223244,6.14459789488412],[-75.575704721139,6.14457654134832],[-75.5757026972347,6.14454988961931],[-75.5756936278436,6.14452291278073],[-75.5756882900542,6.14441755536936],[-75.5756880097798,6.14441201870334],[-75.5756875013334,6.14440198678954],[-75.575684403044,6.14438151925539],[-75.575678576571,6.14435884562811],[-75.5756768140764,6.14433527705873],[-75.5756784579934,6.14430552517704],[-75.5756833169808,6.14427758997082],[-75.5756750318189,6.14425923027764],[-75.5756555841913,6.14424330085855],[-75.5756464240704,6.14423117717252],[-75.5756348142436,6.14421314973137],[-75.5756268560685,6.14419552599577],[-75.5756194961714,6.14417424925514],[-75.575618224157,6.14415478115287],[-75.5756187847057,6.14413774243191],[-75.575599909305,6.14413231830054],[-75.5755853000035,6.14411375585611],[-75.5755841887875,6.14406411607343],[-75.5755557562104,6.14398987521384],[-75.575533117767,6.14395095953766],[-75.5755019704811,6.14391049869951],[-75.5754594999311,6.14387676510637],[-75.5754322037229,6.14386891784111],[-75.5753989184467,6.14385111814243],[-75.5753808614111,6.1438432083559],[-75.5753420577841,6.14383099534518],[-75.5753129272161,6.14382599545963],[-75.5752424013815,6.14380781616832],[-75.5752209936299,6.14379684196381],[-75.5751982033712,6.14378132070309],[-75.5751840504139,6.14376720794859],[-75.5751709978928,6.1437508819536],[-75.5751515691298,6.14373284556465],[-75.5751312177971,6.14372130152515],[-75.575098753581,6.14369654860278],[-75.5750750155996,6.14367413842736],[-75.5750329870207,6.14360981601146],[-75.5750087154401,6.14357946746092],[-75.5749894034581,6.1435388851253],[-75.5749786811669,6.14350278643089],[-75.5749610580176,6.14346771754327],[-75.5749501282155,6.14343866227502],[-75.5749491876795,6.14340854861488],[-75.5749620443678,6.14337512402206],[-75.5749574746379,6.14331517625082],[-75.5749424503148,6.14325743724929],[-75.574897797757,6.14321416648738],[-75.5748593354898,6.1431796620558],[-75.5748341530174,6.14315773059065],[-75.574818680435,6.14313005791233],[-75.5748102075252,6.14309950122888],[-75.5748014264933,6.14307758762354],[-75.5747489558976,6.14301324637927],[-75.5747318564661,6.14298336759537],[-75.574724946625,6.14296202292639],[-75.5747180987676,6.1429324424541],[-75.5747186853674,6.14289923665493],[-75.5747159482007,6.14288434683021],[-75.5747114853704,6.1428745658648],[-75.5746979010467,6.14285377226951],[-75.574685507889,6.14284258993968],[-75.5746726817434,6.14283286256295],[-75.574656793241,6.14282365946943],[-75.5746393955689,6.14281622929315],[-75.5746243299233,6.14280818283819],[-75.5745909090014,6.14278173019475],[-75.5745767003486,6.14275947271073],[-75.574565481289,6.142723745517],[-75.5745613436488,6.14269513232116],[-75.5745650545892,6.14262535795234],[-75.5745621179966,6.14256732592023],[-75.5745581618161,6.14255155007366],[-75.5745553653606,6.14253791959178],[-75.5745436558208,6.14248084233599],[-75.5745436576175,6.14248050382911],[-75.5745401676626,6.14246553986057],[-75.5745339890501,6.14243371753407],[-75.5745325876782,6.14241108044328],[-75.5745315582089,6.14238705895652],[-75.5745288300254,6.1423690323461],[-75.5745123100073,6.14231513292914],[-75.5745108942624,6.14231050994213],[-75.5745073773581,6.14228676622303],[-75.5745059741896,6.14227729517259],[-75.5745030636481,6.14225764301032],[-75.574500348041,6.14224611769513],[-75.5744653999832,6.14216794579158],[-75.5744615480072,6.14215302557899],[-75.5744953255602,6.14216393193737],[-75.57451275176197,6.142169558765883],[-75.5745127516339,6.14216955841198],[-75.5745145749605,6.14217014721208],[-75.5745738407637,6.14218928725718],[-75.5746505859149,6.14221407061903],[-75.5746858628128,6.14222546213861],[-75.57471147617,6.14223373310946],[-75.5748468552606,6.14227745121998],[-75.5748471544784,6.14227754801027],[-75.5748471751424,6.14227750908206],[-75.5748472595794,6.14227734432463],[-75.5748517582256,6.14226861302001],[-75.5749952521108,6.14199006952076],[-75.5750389812814,6.14190338734187],[-75.5750449470401,6.14189156038073],[-75.5750545028602,6.14187261913399],[-75.5750430191602,6.14186616264591],[-75.5750318792029,6.14185989954698],[-75.5750256095279,6.14185637447293],[-75.5750247094653,6.14185586806223],[-75.5750111823104,6.14184826293479],[-75.5749224684103,6.14175492863696],[-75.5749209075828,6.14175422430008],[-75.5749214193744,6.14175346986731],[-75.5749835514883,6.14166100325461],[-75.5750484591996,6.14156440590015],[-75.5750539147468,6.14155616186434],[-75.5750582352958,6.14154963310934],[-75.5750588709932,6.1415508797009],[-75.5750963189255,6.14162427870487],[-75.5751147892226,6.14166651342048],[-75.5751452639473,6.14176321437599],[-75.5751592249737,6.1417308740272],[-75.5751602820551,6.14172842494744],[-75.575177103073,6.14178710010706],[-75.5751792523025,6.14178860912951],[-75.5751993062703,6.14186265975911],[-75.5752450090417,6.14196283537997],[-75.5752673238267,6.14201174592381],[-75.5753387111155,6.14218118165673],[-75.5753653319185,6.14225195961976],[-75.5753772831582,6.14230386055224],[-75.5753845371478,6.14237421364579],[-75.575461053003,6.14241743652499],[-75.5755605048985,6.14246750774574],[-75.575656329819,6.14249177919538],[-75.5756696799089,6.14249516058437],[-75.5757107512148,6.14250611545435],[-75.5757478745547,6.14251601651307],[-75.5757808534761,6.14253406392682],[-75.5757815608317,6.14253445064875],[-75.5758396047883,6.14256621506388],[-75.5758460188719,6.14257325341826],[-75.5758547286207,6.14258281191354],[-75.575880341472,6.14261091754115],[-75.5758815300719,6.14261222224343],[-75.5758546978656,6.14266418298534],[-75.5758515690884,6.14267024196368],[-75.5758421854531,6.14268841437131],[-75.5758407023615,6.1426912867954],[-75.5758738975127,6.14270720205335],[-75.575920860899,6.14272971833241],[-75.5759240054161,6.14273122546601],[-75.575954753767,6.14279488848139],[-75.5759555622667,6.1427965630645],[-75.5759254960223,6.14286861437159],[-75.5759247711225,6.14287035110427],[-75.5759200117335,6.14288175706287],[-75.5759179294423,6.14288674643546],[-75.5759171184208,6.14288869132051],[-75.5759150567631,6.1428936309174],[-75.5759139066157,6.14289638760587],[-75.5759149545805,6.14289713857362],[-75.5759263980203,6.14290533527321],[-75.575955431512,6.14292613272519],[-75.5759563916937,6.14292682066147],[-75.5759431012744,6.14296738429079],[-75.575937302787,6.14298508473159],[-75.5759364547297,6.14298767334092],[-75.5759511429403,6.14300480383772],[-75.5759727457556,6.14302999818264],[-75.575973930056,6.14303137973317],[-75.575974013417,6.14303147622347],[-75.575981784097,6.14302593305601],[-75.5759818345752,6.14302589766009],[-75.5759985719683,6.14304815872157],[-75.5760003487815,6.14305052212176],[-75.575988601496,6.14305865904875],[-75.5759868455326,6.14305987527677],[-75.5760164785561,6.14309965965357],[-75.5760182826262,6.14310208083081],[-75.5760120810319,6.14310611269912],[-75.5760037578022,6.1431123688329],[-75.5760020381774,6.14311366089195],[-75.5760310408037,6.1431521561765],[-75.5760581931992,6.14318819334835],[-75.57605844521,6.14318852620392],[-75.5760585784648,6.14318870119903],[-75.5760603017346,6.14319097254482],[-75.5759895572105,6.14324536143917],[-75.5759888650693,6.14324589400378],[-75.5759880025952,6.14324655721604],[-75.5760163049376,6.14334143814217],[-75.5760758344763,6.14342768641563],[-75.5761581539632,6.14374166993988],[-75.5761849159702,6.14381086367782],[-75.5762060700146,6.1438557692293],[-75.5762353328229,6.14389491189951],[-75.5762645711114,6.14392496621038],[-75.5763661779638,6.14402752598274],[-75.5763915936262,6.14405806828917],[-75.576427118817,6.14411489204285],[-75.5764667084701,6.14419696378256],[-75.5764889986748,6.14432866356387],[-75.5764996031823,6.14436948112338],[-75.5765069080002,6.14441789306965],[-75.5765087310335,6.14445677907459],[-75.5765088136534,6.14445854699076],[-75.5765071389157,6.14450040688963],[-75.5765030359322,6.14452852163677],[-75.5764957171934,6.14455162389559],[-75.5764942355423,6.14455630152789],[-75.5764915497683,6.14456478007621],[-75.5764884317266,6.14457693353406],[-75.5763606714347,6.14507490418553],[-75.5763512083054,6.14511179063167],[-75.5763326789599,6.14516990128572],[-75.5763084007091,6.14523050942972],[-75.5762590132705,6.14533203525466],[-75.5762408834275,6.1453947766861],[-75.5762387035126,6.14540231912099],[-75.5762271393411,6.14544233916338],[-75.5762077484735,6.14553212070364],[-75.5761978046361,6.1456008830718],[-75.5761873498679,6.1457016904866],[-75.5761873200053,6.14570199249335],[-75.5761873590051,6.1457052782827],[-75.5761877490869,6.14573816600679],[-75.5761879912474,6.1457585378998],[-75.5761879947841,6.14575915619929],[-75.5761881683008,6.14594960404985],[-75.5761881765353,6.14595319184845],[-75.5761892335948,6.14621568472905],[-75.5761892463455,6.14621927251496],[-75.5761793132625,6.14636577460613],[-75.5761585880577,6.14658031556596],[-75.5761359190112,6.14670861866343],[-75.5761280121121,6.14678942150968],[-75.5761264728859,6.14680515384477],[-75.5761252456921,6.14685847472012],[-75.576130656795,6.14688565341061],[-75.576132128881,6.14689304549298],[-75.5761386153789,6.14690560230896],[-75.5761466719644,6.14692119745553],[-75.5761723340344,6.14695226876961],[-75.5762183602302,6.14699377887266],[-75.5762475231956,6.14702008010563],[-75.576249815496,6.14702203436932],[-75.5762890317986,6.1470554812433],[-75.5762991452716,6.14706410650214],[-75.5763251563523,6.147082727475],[-75.5763707399209,6.14710807236177],[-75.5764105050576,6.14713366678305],[-75.5764195766033,6.14713950624115],[-75.576479461828,6.14717805132363],[-75.5764635624224,6.14723128949798],[-75.5764557822805,6.14725734087417],[-75.5764477233807,6.14732931605743],[-75.5764442954078,6.14738529170314],[-75.5764485012386,6.14743423933725],[-75.576459394206,6.14749643022695],[-75.5764739161019,6.14756216169606],[-75.576506812349,6.1477040925395],[-75.5765254002093,6.14778429043743],[-75.5765826686311,6.1480313721437],[-75.5766049884855,6.1481009443508],[-75.5766085956417,6.14810832049615],[-75.5766146063539,6.14812061015792],[-75.5766149896872,6.1481213937206],[-75.5766241448241,6.14814094963825],[-75.5766431538246,6.14818155556761],[-75.5766814533371,6.14823686453822],[-75.5767185149512,6.14827810682674],[-75.5767545103732,6.14830274091864],[-75.5768329870369,6.14834689346011],[-75.5769116173178,6.14838978001075],[-75.5769811214497,6.14842185005083],[-75.5771242200447,6.14846433237677],[-75.5771880720897,6.14848961684663],[-75.5772254505073,6.14851916004252],[-75.5772548161697,6.14856166772792],[-75.5772683393408,6.14859743203605],[-75.5772776773556,6.14863131519656],[-75.5772823191942,6.14865661125665],[-75.5772834135511,6.14867939431959],[-75.5772835526531,6.14868230016243],[-75.5772813538738,6.14870792548097],[-75.5772796844151,6.1487168106756],[-75.5772796692817,6.14871688936266],[-75.5772789778296,6.14872057042301],[-75.5773063753888,6.14871694638183],[-75.57732475433,6.14871510404888],[-75.5773613036383,6.14871144075773],[-75.5773921293322,6.1487083503701],[-75.5774370586383,6.14870384637102],[-75.5774396039784,6.14871358572842],[-75.5775175922475,6.14870653738134],[-75.5775241909393,6.14872977956854],[-75.5775343717594,6.14876564093141],[-75.5775353587363,6.14876911750458],[-75.577456459143,6.14877809475444],[-75.5774417439056,6.14877976861478],[-75.5774402062913,6.14877994377958],[-75.5774522950314,6.14880660831876],[-75.577452783054,6.1488076853737],[-75.5774538390693,6.14881001462742],[-75.5774308906973,6.14881272674701],[-75.5774304835008,6.148812774896],[-75.5774334153093,6.14883763010023],[-75.577449715049,6.14883575292047],[-75.5774512499015,6.14884845106504],[-75.5774512702348,6.14884861643273],[-75.5774594588928,6.14884524336805],[-75.5774745651055,6.14883902148792],[-75.5775749977271,6.14879765544394],[-75.5775989717854,6.1487832287273],[-75.5776337900255,6.14876227660945],[-75.577635642922,6.14876116134407],[-75.577641546046,6.14875760938188],[-75.5776537030352,6.14875029384986],[-75.5776805350727,6.14873470022951],[-75.5777751455635,6.14867971787544],[-75.5777771076741,6.14867857789614],[-75.5778512142801,6.14863551125314],[-75.5778515118411,6.1486353377612],[-75.5778268464931,6.14867121921448],[-75.5776546378116,6.14892173093727],[-75.5776534126842,6.14892351337104],[-75.5776663213538,6.14894238436498],[-75.5776701030856,6.14894791321677],[-75.5776958469754,6.14898554964557],[-75.5777186933497,6.14901894830566],[-75.5777208009624,6.14902202941278],[-75.5777269397029,6.14903100387074],[-75.5777774374378,6.14906528850939],[-75.577896890105,6.14914639087323],[-75.5779552269305,6.14919016856234],[-75.5780121433591,6.14923565962064],[-75.5780635948971,6.1492886345383],[-75.5780719055116,6.14929719068446],[-75.5780741576718,6.14930221760985],[-75.5780891322995,6.14929222927827],[-75.5781587974988,6.1492721645691],[-75.5781672082941,6.14926974273932],[-75.5782920651068,6.1492453268121],[-75.578495240027,6.14921585646718],[-75.5785038259361,6.14921372160004],[-75.578535723677,6.14920579103904],[-75.5785517357255,6.1492018102131],[-75.5785937329389,6.14919136809732],[-75.5786014235238,6.1491894563104],[-75.5786170971139,6.14918555869399],[-75.578617134121,6.1491855504544],[-75.5786699772137,6.1491724129875],[-75.578666802467,6.14918526175524],[-75.5786660201311,6.14919936392151],[-75.5786649686707,6.14921830393396],[-75.5786630462903,6.1492529300995],[-75.5786682684963,6.14928257435485],[-75.5786745194354,6.14929676794713],[-75.5786832996788,6.14930982177079],[-75.5786928287532,6.14931936883734],[-75.5787484707701,6.14935935283927],[-75.5787490936877,6.14936022160243],[-75.5787811624212,6.14936463050249],[-75.5787823415185,6.149364792614],[-75.5788029074132,6.14937080762857],[-75.5788035799275,6.14937100461003],[-75.5788041206579,6.14937122998457],[-75.5789147925423,6.14941745394379],[-75.5789167782407,6.14941828362257],[-75.5789195031669,6.14941862308569],[-75.5789288551832,6.14941978460809],[-75.5789417077674,6.14941606846899],[-75.5789418096174,6.14941599405803],[-75.5789540900589,6.14940697237802],[-75.5789584091706,6.14940379999653],[-75.5789770146319,6.14938515235176],[-75.5789915843153,6.14937054951727],[-75.5789916077318,6.14937052594851],[-75.5790201814975,6.14934188865127],[-75.5790303977068,6.14933301921285],[-75.5791157204715,6.14925894307734],[-75.5791174431445,6.14925744760605],[-75.5791851230005,6.14919646790087],[-75.5792470667015,6.14913996535461],[-75.5792818699408,6.14910821990203],[-75.5793030930817,6.14908935879053],[-75.5793308288876,6.14906433967825],[-75.5793453503894,6.14905124116282],[-75.5793514143079,6.14904609505072],[-75.5793625807463,6.14903661818859],[-75.579364610761,6.14903489495905],[-75.5793768593323,6.14902449934382],[-75.579381886166,6.14902023298756],[-75.5794043803238,6.14900114231106],[-75.5794388221065,6.14897191178049],[-75.5794828688355,6.14893452855536],[-75.5795149011491,6.14897778789721],[-75.5795867220532,6.14906874309531],[-75.5795867519591,6.14906877916964],[-75.5795994054018,6.14908325486128],[-75.5796264039368,6.14912443658078],[-75.5796519124902,6.14917922346311],[-75.5796926054089,6.14920479868357],[-75.579734517456,6.14924286680936],[-75.5797550349762,6.14926543522935],[-75.5797550854673,6.14926540435277],[-75.5798091604163,6.14932562143913],[-75.5798362916664,6.14935583412272],[-75.5798473491379,6.14939634471119],[-75.5798493982827,6.14940980252229],[-75.5798570151783,6.14945982701497],[-75.5798769742659,6.14946749341673],[-75.5799226473575,6.14948503919843],[-75.5799231311598,6.1494875065513],[-75.5799255290786,6.14949972947605],[-75.5799304893683,6.14953739255855],[-75.5799408419844,6.14959803178212],[-75.5799416592527,6.14960282046908],[-75.5799486298796,6.14964365350694],[-75.5799549433622,6.1496453668345],[-75.5799630473995,6.14964756688047],[-75.5799739760092,6.14965053367614],[-75.5799995200825,6.1496574666209],[-75.580052757276,6.14966085680416],[-75.5800574690741,6.14966115632259],[-75.5800635873674,6.14966154589713],[-75.5800721527975,6.14966209130182],[-75.5800848744763,6.14966290162872],[-75.5801346130502,6.14966606932569],[-75.5801420005293,6.14966653939785],[-75.5801675262332,6.14962189517493],[-75.5802226876576,6.14951737520435],[-75.5802243759373,6.1495293650926],[-75.5802358133796,6.14958585207774],[-75.5802389337603,6.14960126123179],[-75.5802389749688,6.14960146269881],[-75.5802488122071,6.14964483863753],[-75.5802507214872,6.14966380556602],[-75.5802525081457,6.14968156062987],[-75.5802528515276,6.14970446057012],[-75.5802516606053,6.14973772058437],[-75.580250762432,6.14974593467746],[-75.5802473079853,6.14977752602193],[-75.5802451678065,6.14981238690643],[-75.580222804911,6.14988819165955],[-75.5802092209159,6.14992637966564],[-75.5801969673642,6.14995912390207],[-75.5801969431564,6.14995918724732],[-75.5801927648113,6.14997035295481],[-75.5801763494931,6.15000601512688],[-75.5801588969498,6.15004829719904],[-75.580158876314,6.15004834607089],[-75.5801474427925,6.15006499029226],[-75.5801388606825,6.15007748455133],[-75.5801190458577,6.15010351465436],[-75.5801100661927,6.15011595308203],[-75.5801065146139,6.15011970817541],[-75.5800754770342,6.15015252965234],[-75.5800719128512,6.15015629924438],[-75.5800683450631,6.15016007155842],[-75.5800501876858,6.15018453857247],[-75.5800420519583,6.1501955020761],[-75.580033701529,6.15020752110421],[-75.5800185865639,6.15022927852993],[-75.5800043509291,6.15025605407306],[-75.5799932948343,6.15027684730943],[-75.5799930351892,6.15027733617782],[-75.5799895205276,6.15028394677486],[-75.5799668686053,6.15034979070932],[-75.5799628214389,6.15036296645361],[-75.5799587554732,6.15037620191207],[-75.5799497171096,6.15040633822213],[-75.579941058641,6.15043120609207],[-75.5799441191546,6.15043365534998],[-75.5799512404369,6.15043935376843],[-75.5799698289137,6.150454228569],[-75.5799935580723,6.15047321548451],[-75.5800011310545,6.15047927511929],[-75.5800379359693,6.15050872564659],[-75.5800745215866,6.15053180387349],[-75.5800866999033,6.15053948581504],[-75.58009544075,6.15062436742128],[-75.5800990832424,6.15065974176124],[-75.5801000294713,6.1506628514317],[-75.5801003265827,6.15066573422632],[-75.5801025827555,6.1506731457705],[-75.580105236383,6.15068186422582],[-75.5801103485556,6.15069865897001],[-75.5801118672495,6.15070364545768],[-75.5801022195067,6.15073901921613],[-75.5800851544862,6.15080159137812],[-75.5800824868798,6.15081137429879],[-75.5800552362884,6.15084323145385],[-75.5799973964294,6.150873307072],[-75.5799610072381,6.1508719441098],[-75.5799221096661,6.1508704887649],[-75.5799129168256,6.15086008473743],[-75.5798987832749,6.15084409276952],[-75.5798939684984,6.15083864458873],[-75.5798679328958,6.15084420665874],[-75.5798647980442,6.15084487627017],[-75.5798599833871,6.15084590405433],[-75.5798366412466,6.15085089086085],[-75.5798193124586,6.15085459249873],[-75.5798112286775,6.15092748973659],[-75.5798107098347,6.15093216557036],[-75.5798085714045,6.15102845230989],[-75.5798085473017,6.15102951814592],[-75.5798074039406,6.15108100818217],[-75.5798059013334,6.15114865931253],[-75.5798103873996,6.15126799375333],[-75.5798108666564,6.15128074275376],[-75.5798128881057,6.15133451000149],[-75.579813697308,6.1513560454639],[-75.5798150969761,6.15139326657815],[-75.5798166698993,6.15142689396608],[-75.5798170465676,6.15143495080132],[-75.5798197705652,6.15149317530436],[-75.5798252742478,6.15161079839638],[-75.579826252371,6.15163169880362],[-75.579826423375,6.1516353448951],[-75.5798264778767,6.15163674226311],[-75.5798264915237,6.15163709928869],[-75.5798277805438,6.15167029447799],[-75.5798301598806,6.15173153646215],[-75.5798304147199,6.15174702599454],[-75.5798306804186,6.15176316634719],[-75.5798309024795,6.15177663200654],[-75.579831021128,6.1517838262861],[-75.5798299523065,6.15183837511003],[-75.5798289095365,6.15189158690461],[-75.5798318704621,6.15194026221568],[-75.5798328368397,6.15194958112707],[-75.5798346516914,6.15196707938862],[-75.5798363449354,6.15198340555682],[-75.5798442402037,6.15205951661907],[-75.579844565309,6.15206207571764],[-75.5798539590667,6.15213597509461],[-75.5798597113119,6.15217774895716],[-75.5798598337362,6.15217856850394],[-75.5798689243001,6.15224548745368],[-75.5798720479559,6.15226848624134],[-75.5798728678312,6.15227452147981],[-75.5798746681876,6.15229135898689],[-75.5798796593052,6.15233804439304],[-75.579880187649,6.15236022878263],[-75.5798803996321,6.15236913941819],[-75.5798812524081,6.1524048985575],[-75.5798822217406,6.15246350675087],[-75.5798830933848,6.15255036214253],[-75.5798839612248,6.15257379665652],[-75.5798845983784,6.15259098726792],[-75.5798874087959,6.15262979989775],[-75.5798893850097,6.1526407539416],[-75.5798925199788,6.1526581309727],[-75.5798937044164,6.15266469400143],[-75.5798945548973,6.15266940575692],[-75.5799049662692,6.15267534440474],[-75.5799092533036,6.15267778930482],[-75.5799115383957,6.15267909271288],[-75.5799199395123,6.15271533773489],[-75.5799270944972,6.15274620680022],[-75.5799213008655,6.1527836027255],[-75.5799167207915,6.1528131687561],[-75.5799153307191,6.15282214446409],[-75.5799194520217,6.15285336918503],[-75.5799215449864,6.15286923139929],[-75.5799216815606,6.15287026514459],[-75.5799257595014,6.15290116456187],[-75.579927256512,6.15290196487368],[-75.5799274175205,6.15290205120077],[-75.5799340107043,6.15290557797863],[-75.579940978368,6.15290930528566],[-75.5799465331431,6.15291227724209],[-75.579947212853,6.15293979366082],[-75.5799476611545,6.15295791588083],[-75.5799697766246,6.15296249096573],[-75.579981340436,6.15296488375104],[-75.5800220496405,6.15297330619553],[-75.5800849565533,6.15298632066011],[-75.5801427741301,6.15301576081919],[-75.5801429640707,6.15301585791231],[-75.5801509731847,6.15301993573322],[-75.5802240438135,6.15305714226164],[-75.5803682667081,6.15313057898065],[-75.5803748717751,6.15313415453199],[-75.5803808925011,6.15313741443825],[-75.5803814189528,6.15313769951157],[-75.580386120836,6.15314024538613],[-75.5804844316148,6.15319347039778],[-75.5805042522519,6.15320420155053],[-75.5805538862938,6.1532311209481],[-75.5805926176906,6.15325212659627],[-75.5806093772154,6.15326116601413],[-75.5806102672942,6.15326164622265],[-75.5806121749923,6.15326267498154],[-75.580614619993,6.1532639933027],[-75.5806259438456,6.15326905704238],[-75.5806334092394,6.15327216643676],[-75.5806765613245,6.1532901431211],[-75.5806856214592,6.15329476125255],[-75.5806860780723,6.15329494166284],[-75.5807036382315,6.1533018789262],[-75.5807247934262,6.15331023613093],[-75.5807285617123,6.15330163700718],[-75.5807303745091,6.15329749990681],[-75.5807412459061,6.15327268997522],[-75.5807470215836,6.15325656516481],[-75.5807553857139,6.15324041860366],[-75.5808058015885,6.15314574876576],[-75.5809036569014,6.15298582506131],[-75.5809202704832,6.15292848174997],[-75.5809344089769,6.152879681492],[-75.5809333423122,6.15280159147961],[-75.580933109113,6.15278449646405],[-75.5809327394329,6.1527615812409],[-75.5809279848179,6.15274702100063],[-75.5809184619372,6.15271786349587],[-75.580898560379,6.15267640611375],[-75.5808733799943,6.15263793038495],[-75.5808717783113,6.15263555748194],[-75.5808160431211,6.15255295784418],[-75.5808088836088,6.15254234744092],[-75.5807903576024,6.15251310047312],[-75.5807902550893,6.15251293895303],[-75.5807764892897,6.1524809603791],[-75.5807684056952,6.15244909055533],[-75.5807679289509,6.15244720985461],[-75.5807678403909,6.15244622840436],[-75.5807647886899,6.15241253107367],[-75.5807671468082,6.15237779071291],[-75.5807677446249,6.15237518833988],[-75.580774943422,6.15234385583784],[-75.5807879858279,6.15231157490452],[-75.5808059466256,6.15228175245396],[-75.5808094008166,6.15227387286298],[-75.5808209058129,6.15224762837614],[-75.5808267321958,6.15223347947924],[-75.5808285541172,6.15222905489475],[-75.5808334771666,6.15221710064141],[-75.5808338745609,6.15221613499847],[-75.5808348397964,6.15221379193137],[-75.5808359602212,6.15221107147651],[-75.5808377453666,6.15220673739148],[-75.5808399171368,6.1522014621007],[-75.5808361106154,6.15218873964921],[-75.5808258134006,6.15215432146887],[-75.5808215045081,6.15213991906744],[-75.5808073011629,6.15210200542463],[-75.5808042781276,6.1520939352522],[-75.5807905919222,6.15207741957531],[-75.5807585994512,6.15203881475733],[-75.5807115165822,6.15199374390591],[-75.580683546603,6.15196275626958],[-75.5806543444722,6.15193040440881],[-75.5806357026547,6.15190589359565],[-75.5806156519822,6.15187402490344],[-75.5806071920711,6.15186057881836],[-75.5806016368539,6.15184715890844],[-75.5805982102787,6.15183304328672],[-75.5805969945781,6.15181856889859],[-75.5805980187152,6.15180407916708],[-75.5806011057959,6.15179058431239],[-75.5806012583714,6.15178991947302],[-75.5806176777342,6.15172998144975],[-75.5806195471068,6.15172315762486],[-75.5806392224394,6.15165133151134],[-75.5806432538922,6.15163514020076],[-75.5806470709892,6.15161980554279],[-75.5806665057055,6.15154174098115],[-75.5806679686029,6.15153586564949],[-75.5807507173068,6.1514312535028],[-75.5807708587245,6.15139577517749],[-75.580776918582,6.15138403919625],[-75.5807827355288,6.15137039021733],[-75.5807868849491,6.15135889825828],[-75.5807894745323,6.15134513813637],[-75.5807915768261,6.15132767224979],[-75.5807974192699,6.15127841625115],[-75.5808114068495,6.15117268689169],[-75.5808149621084,6.1511458112217],[-75.5808178164125,6.15113497647043],[-75.5808347501293,6.15107070703823],[-75.5808356611248,6.15106481066111],[-75.5808500056397,6.15097200510516],[-75.5808465156475,6.15095460377212],[-75.5808284133605,6.15089837332427],[-75.58079260886,6.15081064904228],[-75.58076520574,6.15071907555663],[-75.580750033166,6.15063865775847],[-75.5807472936819,6.15062413613289],[-75.5807400361664,6.15055001292539],[-75.5807427753571,6.1505338876259],[-75.5807465141162,6.15051188739507],[-75.5807485798481,6.15049973056342],[-75.5807544981747,6.15050223776257],[-75.5807607176144,6.15050487157251],[-75.5807865665473,6.15051582080344],[-75.5808594847327,6.15054968852402],[-75.5808899975692,6.15056574645522],[-75.5809183424976,6.15058395196466],[-75.5809388898703,6.15060392857909],[-75.5809499243025,6.1506146564431],[-75.5809590217878,6.15061844192929],[-75.5810049540975,6.15063755432076],[-75.5810102140205,6.15063974336808],[-75.5810280905072,6.15065386260925],[-75.5810492283777,6.15067055889641],[-75.5810613509056,6.15067670333434],[-75.5811010695254,6.15069683388801],[-75.5811214507126,6.15070716391036],[-75.5811313684388,6.1507100404132],[-75.5811751892076,6.15072275056546],[-75.5812587920668,6.15074699894492],[-75.5812742110045,6.15075147081273],[-75.5813039786498,6.15076010478997],[-75.5813335928192,6.15077036813129],[-75.5813887700811,6.15078948971015],[-75.5814168184252,6.15079920965544],[-75.581424916058,6.15080201624785],[-75.5814282465411,6.15080347038028],[-75.5814981288096,6.15083398019905],[-75.5815407999252,6.15084543253117],[-75.581643587516,6.15087301937929],[-75.5816726058655,6.15088080752954],[-75.5817317159562,6.15089845990691],[-75.5817753353235,6.15091148695534],[-75.5819458297987,6.15097387348845],[-75.5819528076875,6.15097642650108],[-75.5821074387462,6.15103300813709],[-75.5821312827512,6.15103852653083],[-75.5821665071609,6.15091089502825],[-75.5822341632291,6.15092827016329],[-75.5822818220987,6.15094051019081],[-75.5824198800799,6.15097596680927],[-75.5824290855724,6.15097833093942],[-75.5824303931722,6.15097280135749],[-75.5824698488711,6.15080598941372],[-75.582474343299,6.15075822333999],[-75.5824678405288,6.15074027277577],[-75.5824333951671,6.1506451929426],[-75.5824220207944,6.15061379706467],[-75.5824153214191,6.15059530467768],[-75.582410785686,6.15058278407218],[-75.5824028411001,6.15056085382308],[-75.5823881509134,6.15055184477625],[-75.5823720764807,6.15054198629175],[-75.5823857003886,6.15051869086794],[-75.5823903618374,6.15051072018962],[-75.5823947787989,6.15050316782885],[-75.5824017522692,6.15049323266311],[-75.5824060827325,6.15048800191129],[-75.5824258772122,6.15046409429884],[-75.5824324831721,6.1504561154304],[-75.5824358847133,6.150452006396],[-75.582443882547,6.15044212981338],[-75.5824437070402,6.1504420263526],[-75.5823485845553,6.15038609794032],[-75.5823453521692,6.15038419788574],[-75.5823386169876,6.15032117389068],[-75.5823412344112,6.15031732830971],[-75.5823874585096,6.15024943013715],[-75.5824129113976,6.1502120430298],[-75.5824228794636,6.15020584543248],[-75.5825071662386,6.15015344325413],[-75.582529108424,6.15013980217444],[-75.5826305070524,6.15007435556365],[-75.5827078373176,6.15002444438456],[-75.5828490468672,6.14993330264991],[-75.5828579946177,6.14992752645459],[-75.5828795960624,6.14994398723136],[-75.5828845696622,6.149947777073],[-75.5828965723775,6.14995692385126],[-75.5829161155942,6.14997181573047],[-75.5830755306142,6.15009329237004],[-75.5830807639849,6.15009728034784],[-75.5832183712421,6.15020213855184],[-75.5833717963372,6.15031904978877],[-75.5834682870354,6.15039257781709],[-75.5835053162038,6.15042079442981],[-75.5835454327264,6.15045136437704],[-75.5835559999462,6.15045941596906],[-75.5835773977783,6.1504757208962],[-75.5837009551823,6.15051374734887],[-75.5837389690745,6.15051734458213],[-75.5837438610653,6.150517807174],[-75.5837535121729,6.1505799785915],[-75.5839040474795,6.15056669258608],[-75.5839035141929,6.15057296213358],[-75.583903508087,6.15057303898723],[-75.5839178388634,6.15056922816574],[-75.583976365942,6.15057998653908],[-75.5839871220219,6.15057491664028],[-75.5840007608214,6.15056848809851],[-75.5841035735822,6.15054343963625],[-75.5841426982527,6.15053063320158],[-75.584166503614,6.15051505776023],[-75.5841847515731,6.15048979852667],[-75.5841894675437,6.15046559712454],[-75.584188167398,6.15044136930096],[-75.5841639378858,6.15034799914489],[-75.5841717263851,6.15030516754781],[-75.5841721631604,6.15030407704686],[-75.5841886307119,6.15026301171164],[-75.5842315390291,6.15018711010759],[-75.5842844205996,6.1500908295735],[-75.5843082474182,6.15005786282896],[-75.5843155475826,6.15005170255782],[-75.5843415738981,6.1500297389093],[-75.5843845083322,6.15001091763454],[-75.5844577325807,6.14999854743384],[-75.5846194673768,6.14998154424346],[-75.5846283162905,6.14998173170973],[-75.5846703472254,6.14998557065988],[-75.5846800157188,6.14998782497185],[-75.5846918732652,6.14999833256774],[-75.5846968968438,6.15001954422163],[-75.5846880662696,6.15004575136084],[-75.5846841531053,6.15005066275465],[-75.5846208881568,6.15013006046175],[-75.5845913354078,6.15018168749471],[-75.5845744532563,6.15021117973131],[-75.5845598191423,6.15024774180575],[-75.5845549369969,6.15028540993165],[-75.5845603967094,6.15030145514332],[-75.5845785732801,6.15034097279893],[-75.5846060231872,6.15037712235971],[-75.5846653056689,6.15047299245691],[-75.5847213423986,6.15055130870987],[-75.5847711723223,6.15061800672579],[-75.5847767429327,6.15063301749241],[-75.5847792261,6.15065045324908],[-75.5847767199518,6.15068064978842],[-75.5847673152236,6.15070662984887],[-75.5847520433286,6.15072838961602],[-75.5847476449041,6.15074539552368],[-75.5847185141208,6.15077111757125],[-75.5846985806911,6.15077579484668],[-75.5846744217086,6.15077612516106],[-75.5846525223788,6.15077642378784],[-75.5846503321915,6.15077674816057],[-75.5846454874334,6.15077606035907],[-75.5846547438878,6.15082762219346],[-75.5846574030001,6.15084243145829],[-75.5846554408218,6.15084225981902],[-75.5846564618722,6.15084370688591],[-75.5846575948257,6.15084608380936],[-75.5846584251793,6.15084812712234],[-75.5846584806595,6.15084826436732],[-75.5846595739046,6.15085193496599],[-75.5846605636397,6.15085701422254],[-75.5846610971527,6.15086301318715],[-75.5846631976599,6.15088664303753],[-75.5846632353932,6.15088721332822],[-75.5846678322486,6.15093135506629],[-75.5846678851474,6.15093185842137],[-75.5846681116464,6.15093403270402],[-75.584669416515,6.15094646024584],[-75.5846694668978,6.15094703230878],[-75.5846778415482,6.15097507565508],[-75.5846830824282,6.15099262476132],[-75.5846845658861,6.15099759234173],[-75.5846884737497,6.15101067694725],[-75.5846883122143,6.15101906070489],[-75.5846882704473,6.15102122670492],[-75.5846881727009,6.15102628462291],[-75.5846880860481,6.15103079199951],[-75.5846873025002,6.15103382246808],[-75.5846869469098,6.15103519748684],[-75.5846845212197,6.15104458017861],[-75.5846843210923,6.15104535543487],[-75.5846831372742,6.15104993099228],[-75.584682074208,6.15105216495906],[-75.5846698776585,6.151077788603],[-75.5846640225062,6.1510929048306],[-75.5846584004892,6.15110742107653],[-75.5846551348732,6.15111585155921],[-75.5846539757972,6.15111959179009],[-75.5846510427426,6.15112905274993],[-75.5846479244051,6.15113910813265],[-75.5846456492026,6.15114644564796],[-75.5846425505641,6.15115644040995],[-75.5846424404777,6.15115679687984],[-75.584636918055,6.15117460686596],[-75.5846367596304,6.15117511714502],[-75.5846344361099,6.15118261570113],[-75.584634133584,6.15118359102095],[-75.584629991321,6.15119695054575],[-75.5846293612122,6.15119898351625],[-75.5846287167774,6.15120106082109],[-75.5846274735647,6.1512050715727],[-75.5846267530508,6.15120739406471],[-75.5846307623952,6.15121129507978],[-75.5846767009962,6.15125600716933],[-75.5846788555555,6.15125810369476],[-75.5846807428145,6.15128682613846],[-75.5846521741918,6.15137008711436],[-75.5846497294907,6.15137720996625],[-75.584649948878,6.15137878313721],[-75.5846513776541,6.15138902636775],[-75.5846537724888,6.15140620293811],[-75.5846646081654,6.15148389281925],[-75.5846661060883,6.15149463574294],[-75.5846684161221,6.15151120509282],[-75.5846710367805,6.15152999458967],[-75.5846722581588,6.15153875229903],[-75.5846740068065,6.15155129158255],[-75.5846783293697,6.15155384391204],[-75.584685043,6.15155780689937],[-75.5846959516356,6.15156424754733],[-75.5846959955606,6.15156445081382],[-75.5846960806686,6.151564842500385],[-75.5846959956487,6.15156445090437],[-75.5846959516313,6.15156424726786]],[[-75.5757989520098,6.17002599956741],[-75.5758158638952,6.169972202977421],[-75.5757989517174,6.17002599966033],[-75.5757465949075,6.170162145201818],[-75.5757989520098,6.17002599956741]],[[-75.5761500916258,6.17007239890219],[-75.576409659518,6.17018767175981],[-75.57641800861269,6.170191379522689],[-75.5764096596852,6.17018767159741],[-75.5761500914839,6.17007239859409],[-75.5758291692469,6.1699298794047],[-75.5758291691626,6.169929879672869],[-75.5761500916258,6.17007239890219]],[[-75.5764395262228,6.17020093556719],[-75.5764675390323,6.17021337565959],[-75.5764785211282,6.1702182528218765],[-75.5764675390373,6.17021337534188],[-75.5764395259735,6.17020093519414],[-75.57643293528436,6.170198008455718],[-75.5764395262228,6.17020093556719]],[[-75.57652938325268,6.170233805967207],[-75.5765289586499,6.17023367933428],[-75.5765289584508,6.170233679283957],[-75.57652938325268,6.170233805967207]],[[-75.5765550598894,6.17024124877805],[-75.57656911229644,6.170245409421651],[-75.5765550600988,6.1702412484524],[-75.57654914056121,6.1702395999243125],[-75.5765550598894,6.17024124877805]],[[-75.5766139533607,6.17025846975391],[-75.57661738485152,6.17025943715126],[-75.5766139536488,6.17025846942371],[-75.57659990167006,6.1702545390831585],[-75.5766139533607,6.17025846975391]],[[-75.5766244651253,6.17026143317304],[-75.5766340756746,6.1702641424044],[-75.57663517875095,6.17026449213709],[-75.5766340759112,6.17026414246633],[-75.5766244648359,6.17026143276684],[-75.5766223753284,6.170260844038081],[-75.5766244651253,6.17026143317304]],[[-75.5766731225692,6.17027546034017],[-75.5767131840684,6.17028720570114],[-75.57672569460662,6.170290538043106],[-75.57671318425,6.17028720527729],[-75.5766731229816,6.1702754599718],[-75.57666260822776,6.17027268157093],[-75.5766731225692,6.17027546034017]],[[-75.5767519419373,6.17029788082442],[-75.5768728406202,6.17033205904043],[-75.57687284062402,6.1703320590202315],[-75.576751942063,6.17029788063533],[-75.57675063279983,6.170297510633554],[-75.5767519419373,6.17029788082442]],[[-75.5769046782285,6.17013746973011],[-75.57691457545296,6.1700770351449155],[-75.5769046781192,6.17013746980521],[-75.57690051246298,6.170165135480176],[-75.5769046782285,6.17013746973011]],[[-75.5769163736571,6.17006605378479],[-75.576918462172,6.17005330568309],[-75.57692486495523,6.170014209491381],[-75.5769184618689,6.17005330565482],[-75.5769163732859,6.17006605392953],[-75.57691632961317,6.170066323812303],[-75.5769163736571,6.17006605378479]],[[-75.576942039403,6.16989934009667],[-75.57694874511614,6.169852409434718],[-75.5769420390518,6.16989934033895],[-75.57693609934009,6.169940916288952],[-75.576942039403,6.16989934009667]],[[-75.5769542663225,6.16980846853149],[-75.5769554630081,6.16979687729808],[-75.57696001365301,6.169757138304294],[-75.5769600134423,6.16975713815784],[-75.5769554625771,6.16979687717883],[-75.5769542660212,6.16980846887966],[-75.57695274887345,6.169823161672723],[-75.5769542663225,6.16980846853149]],[[-75.5769767946745,6.16976880260927],[-75.57701397869192,6.169776792643988],[-75.5769767948702,6.16976880220162],[-75.57696390167682,6.169759840701263],[-75.5769767946745,6.16976880260927]],[[-75.5771612907594,6.16981031000245],[-75.5771616079868,6.16981038142593],[-75.5771605471372,6.16977744049607],[-75.5772314533544,6.16981718861525],[-75.5774244548819,6.169842700787665],[-75.5772314537785,6.16981718833209],[-75.5771605470582,6.1697774403815],[-75.5771616079685,6.16981038103245],[-75.5771612908632,6.16981030958347],[-75.57715791773711,6.16980841920651],[-75.5771612907594,6.16981031000245]],[[-75.577578590848,6.16985853520235],[-75.5776280075328,6.16986762994978],[-75.57766064555823,6.169870423789896],[-75.5776280078741,6.16986762950862],[-75.577578590652,6.16985853495002],[-75.57755998025786,6.1698583655445045],[-75.577578590848,6.16985853520235]],[[-75.5777642584774,6.16978027615527],[-75.5777943431385,6.16975735557062],[-75.577829533484,6.16973662807043],[-75.57785212075585,6.169721778815946],[-75.57782953323,6.16973662783826],[-75.5777943435254,6.16975735518408],[-75.5777642580482,6.16978027601227],[-75.57773680011442,6.169814925867639],[-75.5777642584774,6.16978027615527]],[[-75.5779134094949,6.1697139690431],[-75.5779215182214,6.169718151699286],[-75.5779134098264,6.16971396869006],[-75.57789253233643,6.169701938238233],[-75.5779134094949,6.1697139690431]],[[-75.5779660526703,6.16973085674634],[-75.5779908707931,6.1697397559077],[-75.57801542634489,6.169747043396],[-75.5779908706551,6.16973975551693],[-75.5779660528987,6.1697308565477],[-75.57795919661179,6.169729302349904],[-75.5779660526703,6.16973085674634]],[[-75.5781293825535,6.16980176685663],[-75.5782132221899,6.16987598070972],[-75.5782682264204,6.16992466663501],[-75.5782875746033,6.169942525477584],[-75.5782682263974,6.16992466631112],[-75.5782132225525,6.16987598099798],[-75.578129382787,6.16980176696714],[-75.57812661482116,6.169800403991275],[-75.5781293825535,6.16980176685663]],[[-75.5783378351882,6.1699879880782],[-75.57834486345922,6.16999287685718],[-75.5783378350521,6.16998798793455],[-75.57833626772096,6.169986596041882],[-75.5783378351882,6.1699879880782]],[[-75.5784570310472,6.17001920121937],[-75.57845864538187,6.170018599408715],[-75.5784570308804,6.170019201231167],[-75.5784570310472,6.17001920121937]],[[-75.5785278408502,6.1699784355495],[-75.5785281498676,6.16997815716294],[-75.5785295715263,6.16997687586106],[-75.5785315178156,6.1699758678841],[-75.57854464293922,6.169963591342693],[-75.5785315181156,6.1699758675155],[-75.5785295714663,6.16997687583862],[-75.5785281494332,6.16997815745394],[-75.5785278404128,6.1699784352117],[-75.57849716155182,6.169997542909896],[-75.5785278408502,6.1699784355495]],[[-75.5786431679805,6.16987122088658],[-75.5786581231783,6.16984806358497],[-75.5786660122763,6.16983796039174],[-75.5786727641757,6.16982366422481],[-75.5786767266787,6.16980509386536],[-75.57867593037707,6.169792800575109],[-75.5786767262896,6.16980509380938],[-75.5786727638209,6.16982366428709],[-75.5786660120833,6.16983796033032],[-75.5786581230784,6.16984806321265],[-75.5786431679256,6.16987122071159],[-75.57864308628702,6.169871347338379],[-75.5786431679805,6.16987122088658]],[[-75.5786727172347,6.16977424761088],[-75.5786655659681,6.16976794999731],[-75.5785769502141,6.16968991147687],[-75.57857689163608,6.169689947354786],[-75.578576950411,6.16968991182029],[-75.5786655656206,6.1697679501727],[-75.5786727171085,6.16977424750587],[-75.57867340606421,6.16977697029916],[-75.5786727172347,6.16977424761088]],[[-75.5785463665577,6.16970849178628],[-75.57852558662428,6.169692827042937],[-75.5785463663689,6.16970849212623],[-75.57857021399808,6.169694004149126],[-75.5785463665577,6.16970849178628]],[[-75.57852480395368,6.169670914830157],[-75.5785130837876,6.1696842941445],[-75.57851308398575,6.169684294262686],[-75.57852480395368,6.169670914830157]],[[-75.5785864089377,6.16960560958524],[-75.5786038479806,6.16958727514014],[-75.5785901820855,6.169575265936417],[-75.5786038477673,6.16958727535585],[-75.5785864087727,6.16960560916641],[-75.57856601184535,6.169627054127806],[-75.5785864089377,6.16960560958524]],[[-75.5786215910653,6.16952035382861],[-75.5786221546409,6.169519704499332],[-75.5786215912908,6.16952035354813],[-75.57862001733226,6.169522167099118],[-75.5786215910653,6.16952035382861]],[[-75.5786369770133,6.16950262630328],[-75.57865746450234,6.169477319755917],[-75.5786369767366,6.169502626158],[-75.57863431537568,6.169505693187058],[-75.5786369770133,6.16950262630328]],[[-75.5787413809462,6.16937754856036],[-75.57876080287275,6.169355372362211],[-75.5787413807356,6.16937754841424],[-75.57873264885701,6.169387677050553],[-75.5787413809462,6.16937754856036]],[[-75.5788383416784,6.16926312687143],[-75.5788386270546,6.16926182978935],[-75.57887379681704,6.169217998701497],[-75.5788386269584,6.16926182957134],[-75.5788383412941,6.16926312726443],[-75.57883795385652,6.169263673552912],[-75.5788383416784,6.16926312687143]],[[-75.5790332973735,6.16902696571534],[-75.5790736289101,6.16897872702978],[-75.5790794287504,6.16897178996667],[-75.57911011485466,6.16893618442314],[-75.5790794284551,6.16897179017639],[-75.5790736289316,6.16897872698825],[-75.5790332972703,6.16902696582715],[-75.57902935205485,6.169031684402545],[-75.5790332973735,6.16902696571534]],[[-75.5791227003326,6.16892166637129],[-75.57912785412641,6.16891578333519],[-75.5791227003023,6.16892166596993],[-75.5791184724269,6.168926492797446],[-75.5791227003326,6.16892166637129]],[[-75.5791939541665,6.16883624472718],[-75.5792079878918,6.168812691264931],[-75.5791939537724,6.16883624501558],[-75.57918615337832,6.16884598539029],[-75.5791939541665,6.16883624472718]],[[-75.5793578458914,6.16861976803189],[-75.57935784585008,6.168619767809588],[-75.5793178100465,6.168668144211115],[-75.5793578458914,6.16861976803189]],[[-75.579308440636,6.16857586192543],[-75.57923210805069,6.1685260269513575],[-75.5793084404621,6.16857586213476],[-75.57933706913228,6.168594552715943],[-75.579308440636,6.16857586192543]],[[-75.5791669244944,6.16848347040708],[-75.5791041944371,6.16844251530032],[-75.57906200116076,6.168414871270519],[-75.5791041941092,6.16844251572013],[-75.5791669243638,6.16848347036818],[-75.5791786082516,6.168491098456341],[-75.5791669244944,6.16848347040708]],[[-75.5789996234711,6.16837400160835],[-75.5789390106675,6.16833405023012],[-75.57893637116193,6.168332112295347],[-75.5789390109964,6.16833405054909],[-75.5789996230236,6.16837400134486],[-75.57900929541188,6.168380338666262],[-75.5789996234711,6.16837400160835]],[[-75.578799319292,6.16823112773625],[-75.5786985112079,6.16815717508382],[-75.57868428950523,6.168146552820745],[-75.5786985113336,6.16815717544693],[-75.5787993193765,6.16823112802546],[-75.57881866989861,6.168245410143628],[-75.578799319292,6.16823112773625]],[[-75.5785137000619,6.16802175393867],[-75.5784692525838,6.16799003539888],[-75.5785772440237,6.16776964861282],[-75.57857726907649,6.167769597483983],[-75.5785772441601,6.16776964833394],[-75.5784692522899,6.16799003524013],[-75.5785137000319,6.16802175422082],[-75.57853881510479,6.168039979823145],[-75.5785137000619,6.16802175393867]],[[-75.5786492876849,6.1676243411319],[-75.57863581411164,6.167619220493365],[-75.5786492872493,6.1676243411114],[-75.57860150290401,6.167720503265132],[-75.5786492876849,6.1676243411319]],[[-75.5785836827791,6.16759940857547],[-75.57857454579629,6.167595936312641],[-75.5785836823858,6.16759940889339],[-75.57859741554049,6.167604627233984],[-75.5785836827791,6.16759940857547]],[[-75.5784518424383,6.16754725819278],[-75.57845110211024,6.167546967500728],[-75.5784518420414,6.16754725807738],[-75.57846275743148,6.167551540263202],[-75.5784518424383,6.16754725819278]],[[-75.5784054493798,6.16752930338251],[-75.57838195224777,6.167520323035929],[-75.5784054494469,6.16752930376984],[-75.57841040607717,6.167531197449276],[-75.5784054493798,6.16752930338251]],[[-75.5783529999029,6.16742545240918],[-75.57835454710553,6.167421733082642],[-75.5783529995124,6.16742545224934],[-75.578316918679,6.16749546986123],[-75.5783169187069,6.167495469871897],[-75.5783529999029,6.16742545240918]],[[-75.5783572704286,6.16741298923919],[-75.57835742766606,6.167410326581702],[-75.5783572701033,6.16741298881514],[-75.57835630121045,6.1674165959441085],[-75.5783572704286,6.16741298923919]],[[-75.5783573530055,6.16740220748084],[-75.5783560954995,6.1673960189005],[-75.57826491454,6.16733671025413],[-75.57816769865039,6.167273476067592],[-75.5782649143089,6.16733671044803],[-75.5783560951069,6.16739601871699],[-75.5783573527483,6.16740220711821],[-75.57835745502143,6.16740422825551],[-75.5783573530055,6.16740220748084]],[[-75.57813110771548,6.167249675347103],[-75.5781311075524,6.16724967537716],[-75.57816237081487,6.16727001056343],[-75.57813110771548,6.167249675347103]],[[-75.5783334903883,6.16722623942664],[-75.57838692141308,6.16725004666427],[-75.5783334907994,6.16722623911143],[-75.5782964064713,6.16722201863782],[-75.5783334903883,6.16722623942664]],[[-75.5786986793888,6.16738961905756],[-75.57874023280193,6.167392944752977],[-75.5786986793186,6.1673896186472],[-75.57863283162426,6.167369799740851],[-75.5786986793888,6.16738961905756]],[[-75.5789043046294,6.16735007081468],[-75.5789576081231,6.16733818087173],[-75.57901142919194,6.167337153906374],[-75.5789576079194,6.16733818051723],[-75.5789043045854,6.16735007057264],[-75.57888133776933,6.167358597220274],[-75.5789043046294,6.16735007081468]],[[-75.5790547975759,6.16733244432715],[-75.5790974918758,6.16732307106506],[-75.57915218197127,6.167319718483859],[-75.5790974917788,6.16732307077775],[-75.5790547975483,6.16733244403208],[-75.57904582600233,6.167334413607452],[-75.5790547975759,6.16733244432715]],[[-75.5793768370537,6.167343386566],[-75.5794710508035,6.16736281461314],[-75.5795285732827,6.16737440029017],[-75.57960964842871,6.167391984284541],[-75.5795285735207,6.16737439994898],[-75.5794710507998,6.16736281444677],[-75.5793768372895,6.16734338649134],[-75.57931291268952,6.167328629023237],[-75.5793768370537,6.167343386566]],[[-75.5797079765463,6.16741923432329],[-75.5797776950704,6.16743982788234],[-75.57981853368815,6.167452285580744],[-75.5797776952137,6.16743982784458],[-75.5797079769645,6.16741923437559],[-75.57968191627519,6.167411536338714],[-75.5797079765463,6.16741923432329]],[[-75.5799945230818,6.16749123562483],[-75.5800680886282,6.16750358232177],[-75.58008407281139,6.167509278052166],[-75.5800680882057,6.16750358203292],[-75.5799945233704,6.16749123559876],[-75.57996761704837,6.167487581906662],[-75.5799945230818,6.16749123562483]],[[-75.5802249206598,6.16758073939808],[-75.580355585145,6.16766978407514],[-75.58037082922012,6.167679190920978],[-75.5803555850292,6.16766978372859],[-75.5802249205795,6.16758073920193],[-75.58020977675814,6.167571248185416],[-75.5802249206598,6.16758073939808]],[[-75.5804113004189,6.16770416534955],[-75.58042771037654,6.167714291770266],[-75.5804113003397,6.16770416510588],[-75.58040578337244,6.167700760759197],[-75.5804113004189,6.16770416534955]],[[-75.5804669324598,6.16773849532551],[-75.5805358435988,6.16748002944026],[-75.5804669322136,6.167738495173581],[-75.5804669324598,6.16773849532551]],[[-75.5805982192073,6.16725641709533],[-75.580602544575,6.16723554694996],[-75.5806061515117,6.16721454052588],[-75.58060813948919,6.16719998827883],[-75.5806061512131,6.16721454018017],[-75.5806025444772,6.16723554716999],[-75.5805982190891,6.16725641751219],[-75.58059722897231,6.167259932982079],[-75.5805982192073,6.16725641709533]],[[-75.580612628113,6.16715095136093],[-75.5806128235856,6.167145022107699],[-75.5806126280663,6.16715095118362],[-75.58061231461527,6.16715560950136],[-75.580612628113,6.16715095136093]],[[-75.580613302896,6.16710833413437],[-75.5806125438214,6.16708703358631],[-75.5806113962718,6.1670706343863655],[-75.5806125436247,6.16708703351256],[-75.5806133027011,6.16710833434276],[-75.58061331922235,6.167120979473019],[-75.580613302896,6.16710833413437]],[[-75.5806088403146,6.16704457244147],[-75.58060631696208,6.1670264638287495],[-75.5806088398707,6.16704457206884],[-75.5806107593758,6.167062933521902],[-75.5806088403146,6.16704457244147]],[[-75.580602236718,6.16700246569448],[-75.58059831459502,6.16698379039318],[-75.5806022363551,6.16700246608222],[-75.58060539725798,6.1670205871601],[-75.580602236718,6.16700246569448]],[[-75.5805804678629,6.16692010415763],[-75.58057834684564,6.166914185678782],[-75.5805804674808,6.16692010374396],[-75.58058583512293,6.166936870373279],[-75.5805804678629,6.16692010415763]],[[-75.5804429400397,6.16652601448042],[-75.5803981141889,6.16639486260509],[-75.5803682119262,6.16627652292261],[-75.5803475219224,6.16611921922772],[-75.58032437713322,6.1659432535256435],[-75.5803475217512,6.16611921934134],[-75.5803682117488,6.16627652333681],[-75.5803981139697,6.16639486234565],[-75.5804429399024,6.16652601488547],[-75.58048649981463,6.166651016722141],[-75.5804429400397,6.16652601448042]],[[-75.5803141375772,6.16586540400839],[-75.58030826289152,6.16586544082],[-75.580314137578,6.165865404014475],[-75.5803141375772,6.16586540400839]],[[-75.5808026549865,6.16378145045777],[-75.5807513450141,6.16360296085816],[-75.58068633502894,6.163425072813771],[-75.5807513446755,6.16360296068866],[-75.5808026547688,6.16378145088341],[-75.58081101462824,6.163816654671086],[-75.5808026549865,6.16378145045777]],[[-75.5805884948262,6.16311763968005],[-75.5805425118634,6.16312769446175],[-75.58053900980983,6.163116964965913],[-75.5805425117113,6.16312769479547],[-75.58058849483531,6.163117639710355],[-75.5805884948262,6.16311763968005]],[[-75.5805268245836,6.16308803621524],[-75.58052723360242,6.163032462887566],[-75.5805268244579,6.16308803624862],[-75.58052751185862,6.163088932308063],[-75.5805268245836,6.16308803621524]],[[-75.5805284110084,6.16287235671339],[-75.5804342091761,6.16272956765184],[-75.58041403206767,6.162694458325349],[-75.5804342088664,6.1627295676101],[-75.58052841100832,6.162872356725395],[-75.5805284110084,6.16287235671339]],[[-75.58036398607203,6.162402098331494],[-75.5803639860063,6.16240209854271],[-75.58036329312912,6.162413212915339],[-75.58036398607203,6.162402098331494]],[[-75.5804373505847,6.1620498231003],[-75.58043257751211,6.16202793112078],[-75.5804373502824,6.16204982326341],[-75.58043911616893,6.162101474422255],[-75.5804373505847,6.1620498231003]],[[-75.5803463826874,6.16180846224718],[-75.5803287954708,6.16178495697039],[-75.5803040711392,6.16176452583071],[-75.5802892910918,6.161756758972937],[-75.580304071415,6.16176452619953],[-75.5803287951472,6.16178495740414],[-75.580346382356,6.16180846229422],[-75.58036226959577,6.1618405420353115],[-75.5803463826874,6.16180846224718]],[[-75.5802052133388,6.16167170149791],[-75.58017104046007,6.1616349146184595],[-75.5802052130163,6.16167170154953],[-75.58022202695064,6.161703159466174],[-75.5802052133388,6.16167170149791]],[[-75.580054848835,6.16155204586107],[-75.58003644549449,6.161545731780264],[-75.5800548485741,6.16155204606144],[-75.58007892214748,6.161564315634661],[-75.580054848835,6.16155204586107]],[[-75.5797692905759,6.16131346508377],[-75.5796714631431,6.16122950673846],[-75.57965927083292,6.161219043006939],[-75.5796714630415,6.16122950700585],[-75.5797692901762,6.16131346505607],[-75.5798896161316,6.16142479756474],[-75.57988961630377,6.161424797721859],[-75.5797692905759,6.16131346508377]],[[-75.57956238264502,6.161128071800717],[-75.5795623826721,6.16112807183958],[-75.57962811923744,6.161189813128142],[-75.57956238264502,6.161128071800717]],[[-75.5794003722516,6.16090807757671],[-75.57938370972528,6.160898054752742],[-75.5794003723708,6.160908077734968],[-75.5794003722516,6.16090807757671]],[[-75.5793593578707,6.16088365769794],[-75.57933554082013,6.160877513690452],[-75.5793593574915,6.16088365801064],[-75.57935980850175,6.160883774240319],[-75.5793593578707,6.16088365769794]],[[-75.5792865134843,6.16086025330352],[-75.5791851691472,6.16076171547771],[-75.5791407753042,6.16073466979801],[-75.579118226089,6.160724801191175],[-75.5791407749849,6.16073467004747],[-75.5791851689032,6.16076171535525],[-75.5792865132593,6.16086025353518],[-75.57930111933537,6.160866227290294],[-75.5792865134843,6.16086025330352]],[[-75.57906598312125,6.1606682722661406],[-75.5790638605978,6.1606706385918],[-75.57906386070925,6.160670638755121],[-75.57906598312125,6.1606682722661406]],[[-75.5790665376308,6.16066765398811],[-75.5789760557221,6.16050478861003],[-75.578969576174,6.16049312525566],[-75.5789541395241,6.16039515539098],[-75.57895200606201,6.1603832731515356],[-75.5789541395662,6.16039515577425],[-75.5789695759007,6.16049312503426],[-75.5789760556734,6.16050478866102],[-75.57906653737774,6.160667654270264],[-75.5790665376308,6.16066765398811]],[[-75.5789444206511,6.16034102648151],[-75.57893675147724,6.160325182027994],[-75.57894442067344,6.160341026605949],[-75.5789444206511,6.16034102648151]],[[-75.5789152667268,6.16027579598488],[-75.57891382988271,6.160270026475776],[-75.5789152666934,6.16027579610382],[-75.57891946107866,6.160286978702747],[-75.5789152667268,6.16027579598488]],[[-75.5789053268682,6.16018692437721],[-75.57890002923922,6.16014429858209],[-75.5789053265873,6.16018692418219],[-75.57890529994931,6.160224819209907],[-75.5789053268682,6.16018692437721]],[[-75.5788997977376,6.1601424358732],[-75.57889966533399,6.160141812289579],[-75.57889979773856,6.160142435880842],[-75.5788997977376,6.1601424358732]],[[-75.5788059552315,6.15977799743313],[-75.5787953506195,6.15976011520613],[-75.57878453987531,6.159748067945135],[-75.5787953503869,6.15976011554541],[-75.57880595527106,6.159777997551613],[-75.5788059552315,6.15977799743313]],[[-75.5787527920346,6.15966213359549],[-75.57869912692193,6.159611134726552],[-75.57875279213413,6.159662133989395],[-75.5787527920346,6.15966213359549]],[[-75.5785723348671,6.15948510466332],[-75.5784935624982,6.15935911177911],[-75.57849311544095,6.159357718629859],[-75.5784935621351,6.15935911137104],[-75.5785723347663,6.15948510508773],[-75.57858739702083,6.159502107349161],[-75.5785723348671,6.15948510466332]],[[-75.5784749871347,6.15934397948414],[-75.57839512877872,6.159292569203334],[-75.5783951287802,6.15929256943788],[-75.5784749870468,6.15934397982596],[-75.57848400179526,6.15934978290875],[-75.5784749871347,6.15934397948414]],[[-75.57838025890335,6.159028583399689],[-75.5783802586852,6.15902858359861],[-75.5783824377556,6.159065542367759],[-75.57838025890335,6.159028583399689]],[[-75.5784240041491,6.15898869418767],[-75.5784410721395,6.15890496054351],[-75.5784412099412,6.158903487824115],[-75.5784410719239,6.15890496051677],[-75.5784240037856,6.15898869442501],[-75.57840977928312,6.159001665164124],[-75.5784240041491,6.15898869418767]],[[-75.5785173319206,6.15861927307178],[-75.57851733142907,6.158619272952374],[-75.57847405224321,6.158745011481771],[-75.5785173319206,6.15861927307178]],[[-75.5792229673976,6.157323293684621],[-75.57921232617309,6.157323692955161],[-75.5792123261165,6.15732369321304],[-75.5792229673976,6.157323293684621]],[[-75.5792258129509,6.15726224000233],[-75.5792261911074,6.1572483170574],[-75.57922791550489,6.15718487422457],[-75.5792261907146,6.15724831724641],[-75.5792258125239,6.15726224029884],[-75.57921920851115,6.157292332510746],[-75.5792258129509,6.15726224000233]],[[-75.5792279657813,6.15718302448996],[-75.5792250628393,6.15709811741297],[-75.5792241949365,6.15707274119147],[-75.5792150313762,6.15698921580704],[-75.57920947001158,6.156953531882721],[-75.5792150309439,6.15698921568461],[-75.5792241946581,6.15707274153075],[-75.5792250624307,6.1570981172375],[-75.57922796577941,6.157183024559522],[-75.5792279657813,6.15718302448996]],[[-75.5791169146464,6.15676386179149],[-75.579104520586,6.15672991140147],[-75.57909791912735,6.156697638474703],[-75.5791045201976,6.15672991125503],[-75.5791169142536,6.15676386195741],[-75.57911756429677,6.156765271420578],[-75.5791169146464,6.15676386179149]],[[-75.5790819402968,6.15656827554729],[-75.5790845805624,6.15645518005937],[-75.5790840506654,6.15642472986287],[-75.57908209603679,6.1564159336183595],[-75.5790840502872,6.15642472995242],[-75.5790845802933,6.1564551804803],[-75.5790819401446,6.15656827540818],[-75.5790819176536,6.156569252245269],[-75.5790819402968,6.15656827554729]],[[-75.5790692281006,6.15635803313322],[-75.5790678834215,6.15635198219504],[-75.5790447106348,6.15629001135521],[-75.5790170266927,6.156251304500589],[-75.579044710366,6.15629001130876],[-75.5790678833071,6.15635198235352],[-75.5790692280851,6.15635803334076],[-75.5790707443369,6.156364855419196],[-75.5790692281006,6.15635803313322]],[[-75.5789755386118,6.15620263939385],[-75.5789371580904,6.15617864780456],[-75.5789127166075,6.15615503824385],[-75.5787459791928,6.15600698036598],[-75.57873453316452,6.155995281061225],[-75.5787459792115,6.15600698040083],[-75.5789127164097,6.15615503808746],[-75.578937157772,6.15617864811029],[-75.5789755382925,6.15620263950066],[-75.5789919609064,6.1562179399113415],[-75.5789755386118,6.15620263939385]],[[-75.5786007319349,6.15585044249102],[-75.57854836612448,6.155787625671361],[-75.5786007315116,6.15585044235147],[-75.57863495489887,6.155891059557304],[-75.5786007319349,6.15585044249102]],[[-75.5785089381232,6.15560098264094],[-75.5785234848714,6.15556110783708],[-75.57852995374401,6.1555446337226805],[-75.5785234844819,6.15556110745562],[-75.5785089380626,6.15560098240325],[-75.57850842203597,6.155615827730617],[-75.5785089381232,6.15560098264094]],[[-75.5785898710422,6.15543799164304],[-75.57859305545173,6.155432490449896],[-75.5785930554075,6.15543249049948],[-75.5785898708798,6.1554379913253],[-75.57856308148057,6.155484268884162],[-75.5785898710422,6.15543799164304]],[[-75.5787101021031,6.15530932466315],[-75.57871527649944,6.155303493798093],[-75.5787101022957,6.15530932432376],[-75.5786710462241,6.155348488091983],[-75.5787101021031,6.15530932466315]],[[-75.5787483600745,6.15526621298497],[-75.5787968556556,6.15522471771849],[-75.57883379487069,6.155182282403828],[-75.5787968552977,6.15522471750512],[-75.578748359747,6.15526621262762],[-75.5787421482243,6.155273212906502],[-75.5787483600745,6.15526621298497]],[[-75.5788725691566,6.15511165985463],[-75.5788859037079,6.15508526288323],[-75.5789291224986,6.15484324170024],[-75.5789130858476,6.15466094908718],[-75.57891259761979,6.1546599316016435],[-75.5789130856173,6.15466094887365],[-75.5789291223418,6.15484324177816],[-75.5788859034951,6.15508526314593],[-75.578872568903,6.15511165980296],[-75.5788441058119,6.155168005148275],[-75.5788725691566,6.15511165985463]],[[-75.5788789743376,6.15458789479437],[-75.5788690990002,6.1545643091349245],[-75.578878973891,6.15458789468702],[-75.5788837416718,6.154599281849471],[-75.5788789743376,6.15458789479437]],[[-75.5787419548328,6.15436290035351],[-75.5787106039395,6.15433086449294],[-75.57864141102745,6.154280743855786],[-75.5787106035556,6.15433086480106],[-75.5787419547591,6.15436290076889],[-75.57878652734904,6.154431189712724],[-75.5787419548328,6.15436290035351]],[[-75.5783831848283,6.15412748110099],[-75.5783513993212,6.1541059884137],[-75.57834571273712,6.154102143337391],[-75.5783513996129,6.1541059886684],[-75.5783831847026,6.15412748115114],[-75.57839969714793,6.154136273624721],[-75.5783831848283,6.15412748110099]],[[-75.5781577237788,6.15400435281327],[-75.57811238203631,6.153977129064741],[-75.5781577237359,6.15400435307787],[-75.57816396846918,6.154007475087338],[-75.5781577237788,6.15400435281327]],[[-75.5778347983218,6.1537581357584],[-75.57782033079981,6.153742353317822],[-75.5778347982559,6.15375813614381],[-75.57796854503935,6.153870312417571],[-75.5778347983218,6.1537581357584]],[[-75.577795052354,6.15371641126389],[-75.57777524871496,6.153696607723061],[-75.5777950522962,6.15371641136681],[-75.57780330568461,6.153724664869774],[-75.577795052354,6.15371641126389]],[[-75.5773973188769,6.15346615092321],[-75.5773085789618,6.15336870377176],[-75.57723213870128,6.153316201916454],[-75.5773085786372,6.15336870416898],[-75.5773973187126,6.15346615105685],[-75.57743575045242,6.153495686160334],[-75.5773973188769,6.15346615092321]],[[-75.5769292967683,6.15308033620243],[-75.57692563055728,6.153063381530663],[-75.5769292964495,6.1530803360857],[-75.57699071414858,6.153147164054246],[-75.5769292967683,6.15308033620243]],[[-75.5769139311306,6.15291221555951],[-75.5769221525421,6.15274876995602],[-75.5769307400736,6.15261540622968],[-75.57692977790775,6.152590686284002],[-75.5769307400422,6.15261540641629],[-75.5769221521481,6.15274877020402],[-75.5769139307666,6.15291221582221],[-75.5769137412221,6.15291437811517],[-75.57691374122345,6.1529143781337465],[-75.5769139311306,6.15291221555951]],[[-75.5767360350799,6.15199470049162],[-75.57668916239953,6.151919243516878],[-75.5767360346959,6.15199470079115],[-75.57679237190598,6.152119687013012],[-75.5767360350799,6.15199470049162]],[[-75.5766296826685,6.15177735150384],[-75.5766079602016,6.15170027840898],[-75.5765601584782,6.15148396097687],[-75.5765429863191,6.151413371608728],[-75.576560158038,6.15148396087807],[-75.5766079600892,6.15170027824275],[-75.5766296822511,6.15177735107372],[-75.57665643437379,6.151846057371827],[-75.5766296826685,6.15177735150384]],[[-75.5765047386288,6.15132088017939],[-75.576390197993,6.15118854175285],[-75.5762530144617,6.15101483196477],[-75.5762283503769,6.15097126697438],[-75.5762097204112,6.150868259702463],[-75.5762283500165,6.15097126716903],[-75.5762530141609,6.15101483203737],[-75.5763901976846,6.15118854219198],[-75.5765047382732,6.15132088011627],[-75.57652381908763,6.151361254895379],[-75.5765047386288,6.15132088017939]],[[-75.5761880731683,6.15068556741396],[-75.5761783949481,6.15059535575905],[-75.57617795589411,6.150587665598415],[-75.5761783947035,6.15059535535774],[-75.5761880731524,6.15068556739304],[-75.5761884117575,6.150688723417292],[-75.5761880731683,6.15068556741396]],[[-75.576175148615,6.15053848673813],[-75.5761589824313,6.15042586149126],[-75.57616144182988,6.150398866404089],[-75.5761589821102,6.15042586154505],[-75.5761751481921,6.15053848706898],[-75.57617612328853,6.150555562721011],[-75.576175148615,6.15053848673813]],[[-75.5761643783579,6.1503747083761],[-75.57616827675345,6.150360683354775],[-75.5761643782901,6.15037470847113],[-75.57616420943704,6.150375316316726],[-75.5761643783579,6.1503747083761]],[[-75.5761993814477,6.15024877880773],[-75.57620217636713,6.150201093887555],[-75.5761993811452,6.15024877862611],[-75.57619075874611,6.1502798008774775],[-75.5761993814477,6.15024877880773]],[[-75.5762047981896,6.15015636162405],[-75.5762387736168,6.15001920322579],[-75.5762454668697,6.14998204882779],[-75.57624732408979,6.149971739237843],[-75.5762454665159,6.1499820488697],[-75.5762387731687,6.15001920282223],[-75.5762047979863,6.15015636134154],[-75.57620328320198,6.150182209716814],[-75.5762047981896,6.15015636162405]],[[-75.5762950374829,6.14966753473851],[-75.57629855462177,6.14964418106036],[-75.5762950373499,6.14966753478353],[-75.57628764479267,6.149704522566238],[-75.5762950374829,6.14966753473851]],[[-75.5763228977671,6.14952531775963],[-75.57632323291917,6.149513171357482],[-75.5763228977001,6.14952531735852],[-75.57631713441097,6.1495481553744],[-75.5763228977671,6.14952531775963]],[[-75.5763122707393,6.14936557970451],[-75.5762923705238,6.14929926490727],[-75.57628143396133,6.1492817388194965],[-75.5762923702518,6.14929926470526],[-75.5763122706303,6.14936557993608],[-75.57631565152057,6.149387248225157],[-75.5763122707393,6.14936557970451]],[[-75.5762707671697,6.1492646450456],[-75.57624228827261,6.149246718190755],[-75.57627076733148,6.149264645304858],[-75.5762707671697,6.1492646450456]],[[-75.5758618611314,6.14895307289768],[-75.5757910586881,6.1488506139707635],[-75.5758618607368,6.14895307296846],[-75.57596363940573,6.149052087830953],[-75.5758618611314,6.14895307289768]],[[-75.5757021162118,6.14865574968139],[-75.57572489847918,6.148565236708526],[-75.5757021160247,6.14865574957876],[-75.57571652319629,6.148696631957922],[-75.5757021162118,6.14865574968139]],[[-75.5757681578609,6.14834523643411],[-75.57580031711721,6.148232285871134],[-75.5757681574695,6.14834523601172],[-75.57573746013459,6.148509033453574],[-75.5757681578609,6.14834523643411]],[[-75.5758510382421,6.14807473773342],[-75.57586446451137,6.148009872919648],[-75.5758510378342,6.14807473799997],[-75.57582511363798,6.1481525368673795],[-75.5758510382421,6.14807473773342]],[[-75.5758657747488,6.14800354291796],[-75.5758714838663,6.14790905302328],[-75.5758702563959,6.147884568301878],[-75.5758714834901,6.14790905266378],[-75.57586577471068,6.148003543102135],[-75.5758657747488,6.14800354291796]],[[-75.575971200283,6.14788961849345],[-75.57597189043373,6.147884139177015],[-75.57597120009933,6.147889618483609],[-75.575971200283,6.14788961849345]],[[-75.5759917529588,6.14781188167545],[-75.57599175494795,6.14781106958172],[-75.5759917526353,6.14781188163362],[-75.57599103969683,6.147818134855],[-75.5759917529588,6.14781188167545]],[[-75.5759919147084,6.14773898760345],[-75.5759941443185,6.14771918912254],[-75.5759855086559,6.14768870464764],[-75.5759806652857,6.147679198308241],[-75.5759855084457,6.14768870476075],[-75.5759941439506,6.1477191888356],[-75.575991914332,6.14773898727263],[-75.57599184134433,6.147772141642266],[-75.5759919147084,6.14773898760345]],[[-75.5759137513649,6.14755664276376],[-75.57589998614009,6.147532659848406],[-75.5759137510208,6.1475566428089],[-75.57591403113464,6.14755747088019],[-75.5759137513649,6.14755664276376]],[[-75.5758871596479,6.14751031247083],[-75.57588710020715,6.147510313562689],[-75.57588715964893,6.147510312472616],[-75.5758871596479,6.14751031247083]],[[-75.5758642703347,6.14748732292122],[-75.5758435270688,6.14743984537215],[-75.57583410153552,6.147417894670128],[-75.5758435270201,6.14743984564478],[-75.5758642700183,6.1474873227975],[-75.5758739260093,6.14751055540305],[-75.57587392603027,6.1475105554026594],[-75.5758642703347,6.14748732292122]],[[-75.5757921833388,6.14734521620952],[-75.57576577197591,6.147320853550728],[-75.5757921829117,6.14734521643322],[-75.57581968839092,6.147389037057768],[-75.5757921833388,6.14734521620952]],[[-75.5757020989877,6.14706952281228],[-75.5757065109888,6.14704499501511],[-75.5757166344469,6.1470333064415],[-75.57571663456845,6.1470333061393925],[-75.5757065105831,6.14704499476522],[-75.5757020989567,6.14706952245796],[-75.57570195936572,6.147072918481482],[-75.5757020989877,6.14706952281228]],[[-75.5757336812092,6.1469340019019],[-75.57573409914328,6.146868929658288],[-75.5757336810272,6.14693400207377],[-75.57572948671688,6.146993321316244],[-75.5757336812092,6.1469340019019]],[[-75.57574392816421,6.146753098709944],[-75.5757439281096,6.14675309887946],[-75.57574153698255,6.146773906503364],[-75.57574392816421,6.146753098709944]],[[-75.575762387616,6.14662478928068],[-75.5757644854404,6.14652044457471],[-75.57576554802694,6.146473737120341],[-75.5757644851566,6.14652044466092],[-75.5757623875904,6.14662478971586],[-75.57576238098235,6.146628355168616],[-75.575762387616,6.14662478928068]],[[-75.5757484191431,6.14632974835349],[-75.57573190230076,6.146287413328694],[-75.5757484187877,6.14632974791999],[-75.57575538684848,6.146362001526714],[-75.5757484191431,6.14632974835349]],[[-75.5756676342018,6.14617481071882],[-75.5756339592604,6.1460962767311],[-75.5755747214929,6.14595592827703],[-75.57557472148814,6.145955928270732],[-75.5756339590475,6.14609627717554],[-75.5756676341926,6.14617481112177],[-75.5756844526688,6.1461941346008695],[-75.5756676342018,6.14617481071882]],[[-75.5755452642576,6.1458899393847],[-75.57555091908365,6.145851117127368],[-75.5755452638879,6.14588993940092],[-75.5755496019363,6.145909524055001],[-75.5755452642576,6.1458899393847]],[[-75.57555192165344,6.14584502590713],[-75.575551711995,6.14584567388139],[-75.57555171198858,6.145845673925505],[-75.57555192165344,6.14584502590713]],[[-75.575575458069,6.14579209225425],[-75.57558649579603,6.145761846126274],[-75.5755754580613,6.14579209188562],[-75.57557459403834,6.145794334803652],[-75.575575458069,6.14579209225425]],[[-75.5757139487766,6.14543294449633],[-75.5757194904299,6.14538509404496],[-75.5757235867606,6.14535458743019],[-75.57572617561566,6.145340640394836],[-75.5757235866583,6.14535458725725],[-75.5757194903406,6.14538509379463],[-75.5757139486336,6.14543294446864],[-75.57571100523317,6.145446299769841],[-75.5757139487766,6.14543294449633]],[[-75.5757421081366,6.14524840233161],[-75.57574832837554,6.1452226086926895],[-75.5757421081229,6.14524840205744],[-75.57574062418462,6.1452573773151755],[-75.5757421081366,6.14524840233161]],[[-75.57576125666665,6.145153004345536],[-75.5757612566115,6.14515300434412],[-75.57575881590009,6.145169177073853],[-75.57576125666665,6.145153004345536]],[[-75.5757693613921,6.14515321205235],[-75.5757696587225,6.14515069639875],[-75.5757711974293,6.14513767775571],[-75.5757707007517,6.14512284966223],[-75.5757696670597,6.14509201120684],[-75.5757696686919,6.14508355464418],[-75.5757696748076,6.14505248638056],[-75.57576916721841,6.1450445942016305],[-75.575769674724,6.14505248616394],[-75.5757696684358,6.14508355451225],[-75.5757696666391,6.14509201089033],[-75.5757707006,6.14512284969591],[-75.5757711973684,6.14513767783041],[-75.5757696585543,6.14515069643554],[-75.57576936125916,6.145153212048942],[-75.5757693613921,6.14515321205235]],[[-75.5757651565962,6.14492927374671],[-75.5757655973006,6.14490278373309],[-75.575766184982,6.14486749053225],[-75.5757668217564,6.14484845584219],[-75.5757669665155,6.144844127437654],[-75.5757668216746,6.14484845589448],[-75.5757661847691,6.14486749079174],[-75.5757655972709,6.14490278376877],[-75.5757651561981,6.14492927381926],[-75.5757651748144,6.144937754370778],[-75.5757651565962,6.14492927374671]],[[-75.5757716027146,6.14479890898022],[-75.57577232489719,6.144788017707454],[-75.5757716025086,6.14479890906835],[-75.57577003624317,6.144810218953922],[-75.5757716027146,6.14479890898022]],[[-75.5757548921654,6.14460868279319],[-75.57575486704951,6.144608597800158],[-75.5757548920477,6.14460868240284],[-75.57575589533921,6.144612078034521],[-75.5757548921654,6.14460868279319]],[[-75.5757435934323,6.14456117964599],[-75.57574056598719,6.144545605770603],[-75.575743593038,6.14456117998496],[-75.57574513303757,6.144570536429947],[-75.5757435934323,6.14456117964599]],[[-75.575732748102,6.14450205570836],[-75.57572841179552,6.144487625544433],[-75.5757327476776,6.14450205583584],[-75.57573459051011,6.144512675519303],[-75.575732748102,6.14450205570836]],[[-75.5757209323999,6.14446604697268],[-75.57571455643901,6.144450085070847],[-75.5757209321367,6.1444660474154],[-75.5757253026267,6.14447812567686],[-75.5757209323999,6.14446604697268]],[[-75.5757077710273,6.14439776425844],[-75.57570855942717,6.14439282055131],[-75.5757077709195,6.14439776395395],[-75.57570778940507,6.144400716666625],[-75.5757077710273,6.14439776425844]],[[-75.5757230157186,6.14433290751471],[-75.5757305669623,6.14432446324486],[-75.5757358329206,6.14431721318339],[-75.5757371433594,6.1443146097188],[-75.57573869705168,6.144308798090687],[-75.5757371431343,6.14431460945534],[-75.5757358324923,6.14431721300178],[-75.5757305665681,6.14432446363297],[-75.5757230153298,6.14433290751894],[-75.57572087923663,6.144340187149984],[-75.5757230157186,6.14433290751471]],[[-75.5757456772258,6.14425707578635],[-75.5757454248284,6.14424853225084],[-75.57574510191314,6.1442437216351315],[-75.5757454247029,6.1442485320673],[-75.5757456771295,6.14425707598785],[-75.57574549125839,6.144259890599424],[-75.5757456772258,6.14425707578635]],[[-75.5757320973755,6.14416510593684],[-75.57573126633541,6.144162910737878],[-75.5757320972973,6.1441651060262],[-75.57573761587234,6.144179675413748],[-75.5757320973755,6.14416510593684]],[[-75.575722723644,6.14414710721092],[-75.5757169966805,6.1441329048485],[-75.57571605150902,6.14413067061105],[-75.5757169966174,6.14413290510348],[-75.5757227233774,6.14414710716381],[-75.5757274936465,6.144155540640496],[-75.575722723644,6.14414710721092]],[[-75.57570299545135,6.144101407909041],[-75.5757029954754,6.14410140798516],[-75.57570330226687,6.1441020978080605],[-75.57570299545135,6.144101407909041]],[[-75.5756980272437,6.14408567720108],[-75.5756934468244,6.14407259524971],[-75.5756843331812,6.14406266003317],[-75.5756797447194,6.14405800483212],[-75.575674397136,6.14404252772419],[-75.575670503765,6.14402773716839],[-75.57566874728748,6.144021088441848],[-75.5756705034116,6.1440277369639],[-75.57567439671,6.14404252761638],[-75.5756797443809,6.14405800510487],[-75.5756843329754,6.14406266023031],[-75.5756934463839,6.14407259568973],[-75.5756980268935,6.14408567684181],[-75.57570223475805,6.144098999460202],[-75.5756980272437,6.14408567720108]],[[-75.5756638856479,6.14401040145935],[-75.57565639728124,6.1439957606246685],[-75.5756638855229,6.1440104017113],[-75.5756669072854,6.144016308732427],[-75.5756638856479,6.14401040145935]],[[-75.57564317638187,6.143976168654353],[-75.5756432422376,6.14397628764028],[-75.57564324225181,6.143976287657902],[-75.57564317638187,6.143976168654353]],[[-75.5756374787279,6.1439654635875],[-75.57563656169754,6.143963458130278],[-75.5756374786468,6.14396546348938],[-75.5756376068781,6.143965743703445],[-75.5756374787279,6.1439654635875]],[[-75.575621093468,6.14392831961548],[-75.57561548656764,6.143921423579017],[-75.575621093376,6.14392831983193],[-75.57562280315084,6.143932260315467],[-75.575621093468,6.14392831961548]],[[-75.5755617564305,6.14388443038233],[-75.57556079842527,6.143883723598171],[-75.5755617560582,6.14388443016773],[-75.5755617587846,6.143884432139173],[-75.5755617564305,6.14388443038233]],[[-75.575430503618,6.14380104241022],[-75.5754134865249,6.14378276225745],[-75.57541331681338,6.143782758902138],[-75.5754134864256,6.14378276225647],[-75.575430503212,6.14380104247526],[-75.57544301554769,6.143809698914405],[-75.575430503618,6.14380104241022]],[[-75.5753235670687,6.14375877981664],[-75.5753104270244,6.143749807146696],[-75.5753235668623,6.14375878013047],[-75.57534310774645,6.143767544685641],[-75.5753235670687,6.14375877981664]],[[-75.5752456079233,6.14370657653142],[-75.57524385968098,6.143705130837545],[-75.575245608367,6.14370657695726],[-75.57524660134979,6.143707397846561],[-75.5752456079233,6.14370657653142]],[[-75.5751921408811,6.14365212247554],[-75.5751763242916,6.14362938513105],[-75.5751515659179,6.14361424350594],[-75.57511006386031,6.143580070034638],[-75.5751515655365,6.14361424338602],[-75.5751763240041,6.1436293850603],[-75.5751921406413,6.14365212213275],[-75.57519320779672,6.14365369741578],[-75.5751921408811,6.14365212247554]],[[-75.5750488210687,6.14351545974894],[-75.57503922519965,6.143503154458835],[-75.5750488207259,6.1435154594246],[-75.5750502108284,6.143517241705422],[-75.5750488210687,6.14351545974894]],[[-75.5750168370274,6.14346885246019],[-75.5749890884122,6.14341562986834],[-75.5749889313219,6.14341532838497],[-75.5749888276715,6.14339989533737],[-75.5749888762177,6.14339819936932],[-75.574989071417,6.14339145526858],[-75.5749897656121,6.14336742331124],[-75.574992749694,6.14333253468992],[-75.57499269900696,6.143329728386893],[-75.5749927496825,6.14333253474813],[-75.5749897654791,6.14336742322707],[-75.5749890710814,6.14339145538752],[-75.574988876147,6.14339819961163],[-75.574988827638,6.14339989571565],[-75.5749889309442,6.143415328565],[-75.5749890881494,6.14341562955872],[-75.5750168371085,6.1434688527449],[-75.57502681837406,6.143485044299241],[-75.5750168370274,6.14346885246019]],[[-75.5749681254928,6.14324906401912],[-75.5749631666168,6.14324048484407],[-75.57495839860867,6.143232336957134],[-75.5749631663636,6.14324048513582],[-75.5749681250639,6.14324906390565],[-75.57497055798854,6.1432533283341435],[-75.5749681254928,6.14324906401912]],[[-75.5749533479501,6.1432190314942],[-75.57495089602222,6.143213537875014],[-75.5749533477775,6.14321903151203],[-75.57495580215064,6.1432258604665515],[-75.5749533479501,6.1432190314942]],[[-75.5749410634859,6.14319590639113],[-75.5749379065789,6.143192875207],[-75.5749321478943,6.14318734552572],[-75.5749257989527,6.143183460024117],[-75.5749321475368,6.14318734588352],[-75.5749379066361,6.14319287541704],[-75.574941063316,6.14319590679106],[-75.574945061952,6.143202201563083],[-75.5749410634859,6.14319590639113]],[[-75.5749062423339,6.14316631778381],[-75.5749014549079,6.14315509855944],[-75.5748971916415,6.14314625709473],[-75.5748903447792,6.14313786761268],[-75.57488505878162,6.143131752914599],[-75.5748903444351,6.14313786767585],[-75.5748971913942,6.14314625709806],[-75.5749014547985,6.1431550984575],[-75.5749062419207,6.1431663174002],[-75.5749122040392,6.14317439957607],[-75.5749122040974,6.143174399629376],[-75.5749062423339,6.14316631778381]],[[-75.5748848348166,6.14313149383796],[-75.574879216469,6.14312738027095],[-75.5748688011973,6.1431199589787],[-75.5748634820926,6.143114209687989],[-75.5748634821131,6.14311420973673],[-75.5748688010379,6.1431199589876],[-75.5748792161053,6.14312738022803],[-75.57488483502142,6.1431314940748925],[-75.5748848348166,6.14313149383796]],[[-75.5748577509959,6.14310057914595],[-75.5748559298458,6.14309624613225],[-75.57485478380515,6.143093273869048],[-75.5748559299766,6.14309624656505],[-75.5748577508616,6.14310057926925],[-75.57486222490692,6.143111220198255],[-75.5748577509959,6.14310057914595]],[[-75.5748315595127,6.14304801478128],[-75.5748142517727,6.14302331637944],[-75.5748000351467,6.14300008278056],[-75.5747854466117,6.14297659530491],[-75.574780432896,6.14296519591954],[-75.57477488162802,6.142955648552684],[-75.5747804328651,6.14296519631369],[-75.5747854463627,6.14297659567815],[-75.5748000350029,6.14300008303038],[-75.5748142517406,6.14302331672501],[-75.5748315595812,6.14304801519612],[-75.5748341856934,6.1430513268678775],[-75.5748315595127,6.14304801478128]],[[-75.574767570243,6.14294588533854],[-75.5747617893978,6.14293630235171],[-75.5747555391464,6.14292357308387],[-75.5747520697689,6.14291214677556],[-75.5747447168671,6.14289364066251],[-75.57474192881396,6.142886534984173],[-75.5747447167477,6.1428936410247],[-75.5747520694583,6.14291214634965],[-75.574755538752,6.14292357340309],[-75.5747617892297,6.14293630267948],[-75.5747675698886,6.14294588536287],[-75.57477034178571,6.142948866043904],[-75.574767570243,6.14294588533854]],[[-75.5747334987431,6.14286975594927],[-75.57472680512612,6.14286249763242],[-75.5747334985865,6.14286975621277],[-75.57473847153268,6.14287905592183],[-75.5747334987431,6.14286975594927]],[[-75.574715469574,6.14285094254471],[-75.57470824740139,6.142842906074272],[-75.5747154693987,6.1428509427471],[-75.57472074660375,6.142856195342188],[-75.574715469574,6.14285094254471]],[[-75.57469907448,6.14283318762399],[-75.57469106331168,6.142827086408753],[-75.5746990742465,6.14283318767224],[-75.5747037871276,6.142838100460578],[-75.57469907448,6.14283318762399]],[[-75.5746634407935,6.14280499065548],[-75.5746611520676,6.142803809569483],[-75.5746634407741,6.14280499069362],[-75.57466471173306,6.142805989334794],[-75.5746634407935,6.14280499065548]],[[-75.5746277255255,6.14276763587451],[-75.57462536305763,6.142763121155627],[-75.574627725555,6.14276763617004],[-75.57463259592676,6.142773877520756],[-75.5746277255255,6.14276763587451]],[[-75.5746137786994,6.14273590427021],[-75.5746126401936,6.14271406231472],[-75.5746125653031,6.1427118284868625],[-75.5746126401465,6.14271406190284],[-75.5746137783119,6.14273590407051],[-75.57461954863705,6.14274993788296],[-75.5746137786994,6.14273590427021]],[[-75.5746112658097,6.14265790301133],[-75.57461144974572,6.142653548211004],[-75.5746112657241,6.14265790283196],[-75.57461134415371,6.142662919869352],[-75.5746112658097,6.14265790301133]],[[-75.5746124034319,6.14263094368432],[-75.5746106346382,6.14261334668988],[-75.57460825197133,6.142589645330626],[-75.5746106342084,6.14261334676735],[-75.5746124029912,6.14263094376065],[-75.57461206814723,6.1426388985224785],[-75.5746124034319,6.14263094368432]],[[-75.5746072448863,6.14253764575585],[-75.5746070724241,6.14251212468316],[-75.5746078129505,6.14249270550949],[-75.5746100974034,6.14248087077429],[-75.574611135945,6.142474079123899],[-75.5746100970159,6.14248087091702],[-75.5746078126001,6.14249270525974],[-75.5746070723883,6.14251212429915],[-75.5746072448649,6.14253764539234],[-75.57460731988574,6.1425488003291715],[-75.5746072448863,6.14253764575585]],[[-75.5746061138173,6.14243959256193],[-75.57460398835536,6.1424363360392835],[-75.5746061138859,6.14243959272756],[-75.57460649292449,6.142440273616829],[-75.5746061138173,6.14243959256193]],[[-75.5745903873376,6.14241287750008],[-75.5745859792825,6.14240425338609],[-75.5745818603716,6.14238274610195],[-75.5745816521191,6.14237092105549],[-75.5745794573735,6.1423586170454],[-75.5745741724132,6.1423496934622],[-75.5745673528269,6.14233392756679],[-75.57456603384298,6.142318262587416],[-75.5745673524797,6.14233392765742],[-75.5745741724894,6.14234969368571],[-75.5745794572782,6.14235861722892],[-75.5745816518624,6.14237092137557],[-75.5745818602716,6.14238274589599],[-75.5745859790471,6.14240425314298],[-75.5745903870802,6.14241287747732],[-75.57459391599807,6.142419780031895],[-75.5745903873376,6.14241287750008]],[[-75.5745129382231,6.14217007405205],[-75.57451281856335,6.142169743371791],[-75.5745129379297,6.14217007418821],[-75.57451955468959,6.1421883773047385],[-75.5745129382231,6.14217007405205]],[[-75.58307520049432,6.158851980660549],[-75.5830872432306,6.1588453860657],[-75.58308724289839,6.158845385786283],[-75.58307520049432,6.158851980660549]],[[-75.58306532788264,6.158825779845416],[-75.5830643725928,6.15882614979489],[-75.58307582399034,6.158835781287],[-75.5830643730218,6.15882614982148],[-75.58306532788264,6.158825779845416]],[[-75.5830429023882,6.15878133967645],[-75.58303144593191,6.158759972194388],[-75.5830429021954,6.15878133972433],[-75.5830664863535,6.158825330977398],[-75.5830664867576,6.15882533082082],[-75.5830429023882,6.15878133967645]],[[-75.5830028653743,6.15871200237332],[-75.5829995431024,6.158714083055649],[-75.5830028654044,6.15871200252664],[-75.5830050094055,6.15871066042639],[-75.58302177614638,6.158741935951517],[-75.5830050096529,6.15871065999791],[-75.5830028653743,6.15871200237332]],[[-75.5829709203844,6.1586724375756],[-75.5829637724897,6.15867443193659],[-75.5829605277749,6.15866778347123],[-75.58294869206297,6.158643533579609],[-75.582960527614,6.15866778376869],[-75.5829637725325,6.15867443226219],[-75.5829709201658,6.15867243784788],[-75.5829720590943,6.15867212005654],[-75.58299051159439,6.158703178313145],[-75.5829720594482,6.15867211962106],[-75.5829709203844,6.1586724375756]],[[-75.5828854373457,6.15857289285536],[-75.5828878792533,6.15857594144056],[-75.5829404768645,6.158632492947702],[-75.5828878792213,6.15857594104097],[-75.5828854373457,6.15857289285536]],[[-75.582689957008,6.15836737885512],[-75.5826484431637,6.1582891003596],[-75.5826038409116,6.15819655586245],[-75.5825966040836,6.1581997988231],[-75.58259297538667,6.158191686391763],[-75.5825966038475,6.15819979916813],[-75.5826038409894,6.15819655614123],[-75.5826484427219,6.15828910048538],[-75.5826899569376,6.15836737913039],[-75.5826953977553,6.15838181445423],[-75.58272548633396,6.158409831504906],[-75.5826953981037,6.15838181453556],[-75.582689957008,6.15836737885512]],[[-75.58255599453408,6.158108996810045],[-75.5825574579599,6.15811226904815],[-75.5825696597383,6.158139551839829],[-75.5825574581985,6.15811226924486],[-75.58255599453408,6.158108996810045]],[[-75.58252550336418,6.158034755390636],[-75.5825477389622,6.15807962741695],[-75.58255082062949,6.158092768443513],[-75.5825477393255,6.1580796270667],[-75.58252550336418,6.158034755390636]],[[-75.5825194064614,6.15799049340375],[-75.5824945527724,6.15794123539096],[-75.58249263558156,6.157937000944676],[-75.5824945525268,6.157941235009],[-75.5825194060531,6.15799049299686],[-75.5825099667277,6.1579952635955],[-75.582508115032,6.157996199370262],[-75.5825099669644,6.1579952636212],[-75.5825194064614,6.15799049340375]],[[-75.58246802209507,6.157878579095508],[-75.5824742281393,6.15789634301713],[-75.58247717536536,6.157902852866409],[-75.5824742283891,6.15789634300311],[-75.58246802209507,6.157878579095508]],[[-75.582425458942,6.15776458132205],[-75.582429917245,6.157776295400846],[-75.5824254588633,6.1577645810292285],[-75.582425458942,6.15776458132205]],[[-75.582407046084,6.15769607239156],[-75.58240336053997,6.157683242203551],[-75.5824070460532,6.15769607254433],[-75.5824167923869,6.15773233536178],[-75.58242539336565,6.157764337329786],[-75.5824167928048,6.15773233535181],[-75.582407046084,6.15769607239156]],[[-75.5823871333985,6.15762675081629],[-75.5823871334407,6.1576267509632245],[-75.58238726085757,6.157626726471413],[-75.5823871333985,6.15762675081629]],[[-75.58240098064762,6.15756090032155],[-75.5824010129405,6.15756846421851],[-75.58240152103323,6.157574205025595],[-75.5824010129985,6.15756846429914],[-75.58240098064762,6.15756090032155]],[[-75.58243503701053,6.157329222677524],[-75.58243372405983,6.15734372619635],[-75.5824337242513,6.15734372618631],[-75.58243503701053,6.157329222677524]],[[-75.5824409826388,6.15727009272521],[-75.58244126638962,6.157268021090907],[-75.582440982444,6.15727009228346],[-75.5824282460276,6.15731736092507],[-75.5824271019049,6.15732160733175],[-75.58242710197169,6.157321607373807],[-75.5824282463247,6.15731736089988],[-75.5824409826388,6.15727009272521]],[[-75.5824467819687,6.15722780684075],[-75.58244480569623,6.1572422161627305],[-75.58244678211594,6.157227806781258],[-75.5824467819687,6.15722780684075]],[[-75.58256153020079,6.157181441065304],[-75.58252049755284,6.157198020933303],[-75.5825615302617,6.1571814412184],[-75.58256153020079,6.157181441065304]],[[-75.5825210449885,6.15709314337758],[-75.5825146822213,6.15707526016703],[-75.5824983760023,6.15704049316056],[-75.5824953028657,6.15703394113316],[-75.5824841628579,6.15701019092641],[-75.58246400354476,6.156974223256374],[-75.5824841626975,6.15701019099103],[-75.5824953026222,6.15703394090573],[-75.5824983756444,6.15704049316747],[-75.582514682105,6.15707526041591],[-75.582521044822,6.1570931435548],[-75.58252780042392,6.157090846554801],[-75.5825278003194,6.15709084623846],[-75.5825210449885,6.15709314337758]],[[-75.5824318602471,6.15691675307267],[-75.5824039666592,6.15686687423232],[-75.5823995559311,6.15685898607464],[-75.58239955575816,6.156858986166971],[-75.5824039663713,6.15686687401515],[-75.5824318598823,6.15691675350887],[-75.5824428873007,6.15693647389726],[-75.5824434384483,6.156937459530577],[-75.5824428870672,6.15693647346453],[-75.5824318602471,6.15691675307267]],[[-75.5823524277472,6.1568841466519],[-75.58236678465072,6.156876481732587],[-75.5823524277592,6.156884146470129],[-75.5823524277472,6.1568841466519]],[[-75.582358467784,6.15679286418469],[-75.58235736202036,6.15680957493708],[-75.5823584678649,6.156792864157662],[-75.582358467784,6.15679286418469]],[[-75.58236955571675,6.156789159585226],[-75.5823680181162,6.15678967339933],[-75.58236682899658,6.156790070686606],[-75.5823680178781,6.15678967352825],[-75.58236955571675,6.156789159585226]],[[-75.5824443028121,6.15676490156534],[-75.5825188405228,6.15675084095719],[-75.58253994046368,6.156746860656614],[-75.5825188400974,6.15675084069048],[-75.5824443027674,6.15676490134514],[-75.5824379208331,6.15677034580401],[-75.58240418427697,6.156779289212743],[-75.5824379211803,6.15677034610993],[-75.5824443028121,6.15676490156534]],[[-75.5827224571566,6.15671119116564],[-75.5827321203341,6.15670732210891],[-75.5827799107073,6.15665400110991],[-75.5828397227252,6.156604931531074],[-75.5827799103824,6.15665400094933],[-75.5827321203633,6.15670732193074],[-75.5827224572417,6.15671119100849],[-75.58264477070573,6.156741970207817],[-75.5826447708509,6.15674197035039],[-75.5827224571566,6.15671119116564]],[[-75.5828567519652,6.15659096092132],[-75.5828567518204,6.15659096104011],[-75.58285792805455,6.156591167577862],[-75.5828567519652,6.15659096092132]],[[-75.58286713913984,6.156587994715149],[-75.58286399477615,6.156589295551975],[-75.582867138918,6.15658799491983],[-75.58286713913984,6.156587994715149]],[[-75.5828931415522,6.15656278799107],[-75.5828971067159,6.15655925653804],[-75.58292934302435,6.156530550226989],[-75.5828971064004,6.15655925646655],[-75.5828931414279,6.15656278766379],[-75.5828763887156,6.15657770593433],[-75.58287458307503,6.156580040109859],[-75.5828763888705,6.15657770601307],[-75.5828931415522,6.15656278799107]],[[-75.58301513911316,6.156470311690114],[-75.5830030071352,6.15647926026835],[-75.58298712350783,6.15648902377936],[-75.5830030073081,6.15647926027846],[-75.58301513911316,6.156470311690114]],[[-75.58305695743591,6.156436822083466],[-75.58305679468906,6.156437006960394],[-75.5830569574291,6.15643682210072],[-75.58305695743591,6.156436822083466]],[[-75.5831233105892,6.1561915592689],[-75.5831452213973,6.15615576152681],[-75.58315992467617,6.156139971436705],[-75.5831452209986,6.15615576188873],[-75.5831233103145,6.15619155896779],[-75.583112167522,6.15620976447779],[-75.5831092965929,6.156236829415216],[-75.5831121678865,6.15620976403775],[-75.5831233105892,6.1561915592689]],[[-75.58317292848481,6.1561132699557986],[-75.583172928427,6.15611327001455],[-75.58318039383484,6.156117989274566],[-75.583180394034,6.15611798906068],[-75.58317292848481,6.1561132699557986]],[[-75.5832116769654,6.1560743924578],[-75.5832331035816,6.1560536851196],[-75.58324605381644,6.156041168271707],[-75.5832331032319,6.15605368490136],[-75.5832116766159,6.15607439265406],[-75.583201632551,6.15608409966816],[-75.58318660967602,6.156099366549915],[-75.5832016329022,6.15608409994334],[-75.5832116769654,6.1560743924578]],[[-75.58324665479954,6.156040426510938],[-75.58324619448778,6.156041032308003],[-75.5832461947302,6.15604103207371],[-75.58324665479954,6.156040426510938]],[[-75.58330319483402,6.155980089960342],[-75.5833016617409,6.15598172354642],[-75.58328252687576,6.156001857935135],[-75.5833016621058,6.15598172342893],[-75.58330319483402,6.155980089960342]],[[-75.5834444583033,6.15583008600683],[-75.58344800531034,6.155826325613986],[-75.5834444578664,6.15583008579],[-75.5834280166328,6.15584751348115],[-75.58342655378496,6.155849064115645],[-75.5834280164387,6.15584751376016],[-75.5834444583033,6.15583008600683]],[[-75.58366163809876,6.155559645676435],[-75.5836449460324,6.15558561056353],[-75.58363385564697,6.155601754941631],[-75.583644946105,6.15558561064077],[-75.58366163809876,6.155559645676435]],[[-75.58373463618453,6.155427186721737],[-75.58373698740593,6.15543615428768],[-75.5837369874891,6.15543615414416],[-75.58373463618453,6.155427186721737]],[[-75.5838260491613,6.15527983295874],[-75.58383414522893,6.155269442754161],[-75.5838260488285,6.15527983297649],[-75.583812686686,6.15529698079614],[-75.58378048414063,6.155336141570519],[-75.5838126867214,6.15529698117847],[-75.5838260491613,6.15527983295874]],[[-75.58394969074813,6.155130120021421],[-75.5839403155016,6.15514122486601],[-75.58392073608275,6.155164416319491],[-75.5839403157637,6.15514122530764],[-75.58394969074813,6.155130120021421]],[[-75.5839940853234,6.15507602096644],[-75.5840462882212,6.15501793402519],[-75.5840787614204,6.15498180038451],[-75.58409441919984,6.154963327449297],[-75.584078761251,6.15498179996394],[-75.584046288004,6.1550179342126],[-75.5839940851773,6.15507602070813],[-75.5839897654568,6.15507993799643],[-75.58397283164064,6.155095293324776],[-75.5839897653252,6.15507993826443],[-75.5839940853234,6.15507602096644]],[[-75.58411652205739,6.154937251090482],[-75.5841157644374,6.15493814556113],[-75.58411214155124,6.154942419563275],[-75.5841157648236,6.15493814563446],[-75.58411652205739,6.154937251090482]],[[-75.58408906888786,6.1549046632130295],[-75.5840821772775,6.15491647396079],[-75.58411144753198,6.1549335829353655],[-75.5840821777134,6.15491647366396],[-75.58408906888786,6.1549046632130295]],[[-75.5841201530122,6.154896510704244],[-75.584099636671,6.15488697916903],[-75.58409917014357,6.154887689188719],[-75.584099636471,6.15488697959776],[-75.5841201530122,6.154896510704244]],[[-75.58413631453219,6.154903551328518],[-75.5841360961584,6.15490391767526],[-75.58413399699722,6.154902942417959],[-75.5841360963934,6.15490391794291],[-75.58413631453219,6.154903551328518]],[[-75.58414946694943,6.154892970118978],[-75.5841420252412,6.154906672359212],[-75.5841420252742,6.15490667237769],[-75.58414946694943,6.154892970118978]],[[-75.58416634866406,6.154861886939928],[-75.5841619372819,6.15487000960748],[-75.58415809293253,6.154877087424834],[-75.5841619373308,6.15487000999223],[-75.58416634866406,6.154861886939928]],[[-75.5841795788215,6.15483752672058],[-75.58417957875977,6.1548375268342514],[-75.58418071925149,6.154838403901837],[-75.5841795788215,6.15483752672058]],[[-75.58418194194682,6.1548393440809495],[-75.58418122074647,6.154838789554765],[-75.5841819419139,6.15483934412744],[-75.58418194194682,6.1548393440809495]],[[-75.58420479574133,6.154807069047401],[-75.5841890058203,6.15482936811065],[-75.58418613271579,6.15483342583815],[-75.5841890062653,6.15482936778486],[-75.58420479574133,6.154807069047401]],[[-75.584258218763,6.15472648194035],[-75.58426394669364,6.154720473109696],[-75.5842582184288,6.15472648227231],[-75.5842376149177,6.15475880628805],[-75.58423371590655,6.154764923868232],[-75.5842376150036,6.15475880636768],[-75.584258218763,6.15472648194035]],[[-75.5843837628155,6.15459478167117],[-75.5844178098631,6.15453634992617],[-75.5844356397822,6.154502058848514],[-75.5844178094293,6.15453634987091],[-75.5843837624992,6.15459478197089],[-75.5843804440854,6.15459826253476],[-75.58437887591526,6.154599907679339],[-75.5843804444389,6.15459826222841],[-75.5843837628155,6.15459478167117]],[[-75.58452408083697,6.154359227838786],[-75.5845223738076,6.15436183407335],[-75.58451312899832,6.154376136138151],[-75.5845223737622,6.15436183436214],[-75.58452408083697,6.154359227838786]],[[-75.5845969276426,6.15424636500322],[-75.58459526893951,6.154244926406749],[-75.5845969274747,6.15424636542218],[-75.5845976137637,6.15424696100069],[-75.58459303255896,6.154253955317696],[-75.5845976139554,6.15424696072639],[-75.5845969276426,6.15424636500322]],[[-75.5845836163642,6.15423481336079],[-75.58459423975272,6.154244033209612],[-75.58458361648809,6.15423481322433],[-75.5845836163642,6.15423481336079]],[[-75.58462405729732,6.15417031717942],[-75.58463471586305,6.154178532387874],[-75.5846347161733,6.15417853204616],[-75.58462405729732,6.15417031717942]],[[-75.5846196126705,6.1541668914337],[-75.58461961293433,6.1541668916370575],[-75.5846646975327,6.1541213082565225],[-75.5846196126705,6.1541668914337]],[[-75.5846996583268,6.15408596104699],[-75.58469965828833,6.154085961085885],[-75.58471396956492,6.154096546208459],[-75.5846996583268,6.15408596104699]],[[-75.5847640933372,6.15406623507536],[-75.5847813814148,6.1540419256312],[-75.5848205919786,6.15398679129326],[-75.5848442491117,6.15395179990683],[-75.58487152641581,6.153903928633207],[-75.584871526172,6.15390392864374],[-75.5848442486922,6.15395179968947],[-75.5848205918818,6.15398679087192],[-75.5847813812815,6.15404192545818],[-75.5847640933874,6.15406623467374],[-75.58473268901953,6.154110391756843],[-75.5847326891331,6.15411039184084],[-75.5847640933372,6.15406623507536]],[[-75.5850255066781,6.15390241380069],[-75.5850323127722,6.153902783790331],[-75.5850255067797,6.15390241365198],[-75.5849728875988,6.15389954933707],[-75.58493222738396,6.1539013061242365],[-75.5849728878603,6.15389954950467],[-75.5850255066781,6.15390241380069]],[[-75.5848774328782,6.15388233693387],[-75.5848789609125,6.15387656725714],[-75.58487896047691,6.1538695385600235],[-75.5848789607987,6.15387656746371],[-75.5848774326237,6.15388233721812],[-75.5849451315608,6.15388145274094],[-75.58494782800672,6.153881417541737],[-75.5849451317147,6.15388145272645],[-75.5848774328782,6.15388233693387]],[[-75.5848514455154,6.15376429969611],[-75.58482475085029,6.153695688266474],[-75.584851445131,6.15376429952273],[-75.5848714541494,6.15382485969909],[-75.58487500537488,6.153835608474531],[-75.58487145459,6.15382485987602],[-75.5848514455154,6.15376429969611]],[[-75.58464193407917,6.153221745373394],[-75.5846479282027,6.15324893945142],[-75.58470453833384,6.1533803585326705],[-75.5846479285945,6.15324893948468],[-75.58464193407917,6.153221745373394]],[[-75.5846309773851,6.15315338601386],[-75.58462708232163,6.153133375954328],[-75.5846309772521,6.15315338566116],[-75.5846422663949,6.15320862989084],[-75.5846394244563,6.15321036175936],[-75.58463942449595,6.153210361939152],[-75.5846422665133,6.1532086302945],[-75.5846309773851,6.15315338601386]],[[-75.5845711486889,6.15284937624363],[-75.58457056830137,6.1528464305828],[-75.5845711485742,6.15284937645019],[-75.5845859381086,6.15292278396659],[-75.58459474867469,6.152967664702804],[-75.5845859385517,6.15292278435289],[-75.5845711486889,6.15284937624363]],[[-75.58455491627885,6.15276528932057],[-75.5845548132767,6.15276651880327],[-75.58456368891329,6.152811513663417],[-75.5845548137237,6.15276651869593],[-75.58455491627885,6.15276528932057]],[[-75.58454631165665,6.152676483135709],[-75.584549242266,6.15267507933759],[-75.58455385513716,6.15274823834904],[-75.5845492423723,6.15267507894512],[-75.58454631165665,6.152676483135709]],[[-75.5845405906978,6.15261565917518],[-75.5845399052833,6.15260610167393],[-75.5845361269692,6.15255342153862],[-75.58453400572213,6.1525238421877],[-75.5845361267872,6.1525534219759],[-75.5845399050706,6.15260610209247],[-75.5845405904129,6.152615659509],[-75.5845413575321,6.1526263529693],[-75.5845449976405,6.15267711256569],[-75.58454499782198,6.152677112478762],[-75.5845413578591,6.15262635275148],[-75.5845405906978,6.15261565917518]],[[-75.58451135804414,6.152362275771573],[-75.5845128595242,6.1523672931791],[-75.58450601148589,6.152370283113256],[-75.584512859705,6.15236729359282],[-75.58451135804414,6.152362275771573]],[[-75.58441988616416,6.15215027072144],[-75.5844210956715,6.15215369836532],[-75.58442126953128,6.152154032301494],[-75.5844210959004,6.15215369879548],[-75.58441988616416,6.15215027072144]],[[-75.5844020839558,6.15202599023316],[-75.58440239000163,6.152020733252622],[-75.5844020835402,6.15202599026302],[-75.5844022456091,6.15204921880371],[-75.58440226663329,6.152052259860503],[-75.5844022456525,6.15204921906786],[-75.5844020839558,6.15202599023316]],[[-75.5844103924738,6.15196909887572],[-75.5844378180394,6.15195450761433],[-75.5844526348517,6.15194662384944],[-75.58445614420843,6.151944065549869],[-75.5844526347574,6.15194662387946],[-75.5844378177758,6.15195450751993],[-75.5844103923778,6.15196909884713],[-75.5844070730438,6.15197866123672],[-75.58440533515412,6.151987492545799],[-75.5844070731988,6.15197866085415],[-75.5844103924738,6.15196909887572]],[[-75.58453347319063,6.151887161163352],[-75.5845298549184,6.15189033168966],[-75.58450983171315,6.151904928268843],[-75.5845298549319,6.15189033178188],[-75.58453347319063,6.151887161163352]],[[-75.58457562044893,6.151850230198273],[-75.5845662182572,6.15185846853095],[-75.5845631913345,6.151861120838502],[-75.5845662178363,6.1518584689346],[-75.58457562044893,6.151850230198273]],[[-75.5846232770265,6.15180186425793],[-75.5846440433809,6.15176652529528],[-75.58464817436369,6.1517594953182355],[-75.58464404334,6.15176652525181],[-75.5846232768168,6.15180186441091],[-75.5846120811343,6.15181439954446],[-75.58459999909353,6.151827926340339],[-75.5846120813231,6.15181439950999],[-75.5846232770265,6.15180186425793]],[[-75.5847010705763,6.151625540055203],[-75.584698988394,6.15163776597482],[-75.5846913203005,6.15166146188278],[-75.5846989888352,6.15163776630425],[-75.5847010705763,6.151625540055203]],[[-75.5847023108052,6.15159905214463],[-75.5847021742613,6.15159460608054],[-75.5847021724646,6.15159453105658],[-75.5847021441945,6.151593614421814],[-75.5847021722183,6.15159453064761],[-75.584702174236,6.1515946056704],[-75.5847023104964,6.1515990518527],[-75.5847023115014,6.15159908800815],[-75.58470248744713,6.151604835057709],[-75.5847023117035,6.15159908787035],[-75.5847023108052,6.15159905214463]],[[-75.58470130387359,6.151588861036745],[-75.584701795013,6.15159111836866],[-75.58470189875803,6.151591595669007],[-75.5847017951722,6.1515911183585],[-75.58470130387359,6.151588861036745]],[[-75.58469982514964,6.151582057039645],[-75.5847000610255,6.1515831422214],[-75.58470028995906,6.151584196343684],[-75.5847000614237,6.15158314259452],[-75.58469982514964,6.151582057039645]],[[-75.58469760358464,6.15157184381949],[-75.5846976215634,6.15157192647342],[-75.5846976916797,6.151572249105973],[-75.5846976215994,6.15157192650875],[-75.58469760358464,6.15157184381949]],[[-75.5846966914908,6.151567654090155],[-75.584697008503,6.151569110568],[-75.58469719631927,6.151569972639911],[-75.5846970089484,6.15156911042985],[-75.5846966914908,6.151567654090155]],[[-75.58622058358097,6.163341552835017],[-75.5862801388092,6.163496718318],[-75.58622058358097,6.163341552835016],[-75.58622058358097,6.163341552835017]],[[-75.58620928760493,6.16331212211178],[-75.5862202983453,6.16334081149023],[-75.58622043976636,6.163341178474491],[-75.5862202987734,6.16334081145896],[-75.58620928760493,6.16331212211178]],[[-75.5861384609246,6.16323489067658],[-75.586153527291,6.163247863125862],[-75.58613846091369,6.1632348905661045],[-75.5861384609246,6.16323489067658]],[[-75.58607589288745,6.163037275291441],[-75.586135074276,6.16320062600869],[-75.5861383010089,6.1632332727176165],[-75.5861350746527,6.16320062571448],[-75.58607589288745,6.163037275291441]],[[-75.5857671897971,6.16232883321154],[-75.5857604287135,6.16231579920264],[-75.58576006505798,6.162315097907626],[-75.5857604282935,6.16231579925193],[-75.5857671899126,6.16232883351253],[-75.585794962228,6.16238237275709],[-75.58582338406849,6.162444994988578],[-75.5857949624602,6.16238237283765],[-75.5857671897971,6.16232883321154]],[[-75.5855327677879,6.16201728770002],[-75.58553256700006,6.162017034504816],[-75.5855327673527,6.16201728744615],[-75.5857432336407,6.16228265003744],[-75.58575098189455,6.16229758672538],[-75.5857432340365,6.16228265003262],[-75.5855327677879,6.16201728770002]],[[-75.5853643208544,6.16176659424077],[-75.5853175222473,6.16171103650387],[-75.58529703947615,6.161686571097309],[-75.5853175220275,6.16171103653882],[-75.5853643206605,6.16176659430946],[-75.5854288116131,6.16184409527311],[-75.58545285092121,6.161892470702656],[-75.5854288117432,6.16184409520852],[-75.5853643208544,6.16176659424077]],[[-75.5850685585041,6.16141324750999],[-75.5849904579914,6.16132119055929],[-75.5848816227634,6.16119519733097],[-75.5847691502975,6.16106499377181],[-75.58471826362032,6.16098140242929],[-75.5847691499539,6.16106499371395],[-75.5848816226207,6.16119519728477],[-75.584990458009,6.16132119062628],[-75.5850685584381,6.16141324782502],[-75.5851327493533,6.16149009149951],[-75.58514934255156,6.161509955010269],[-75.585132749395,6.16149009130259],[-75.5850685585041,6.16141324750999]],[[-75.5845390010507,6.16075197466408],[-75.5845355558677,6.160747983495506],[-75.5845355556407,6.16074798364625],[-75.5845390006798,6.16075197503198],[-75.584543135625,6.16075676487341],[-75.58457415879575,6.16079270536268],[-75.5845431358255,6.16075676480086],[-75.5845390010507,6.16075197466408]],[[-75.5845398127568,6.16070176252224],[-75.58456565964035,6.160727992431174],[-75.58456565964035,6.160727992431173],[-75.5845398127568,6.16070176252224]],[[-75.6019039327885,6.16030597388786],[-75.6018687071512,6.16034246352435],[-75.6018161673852,6.16039688895215],[-75.601583553134,6.16062203661129],[-75.60158069334781,6.160622990097647],[-75.6015835535395,6.16062203652849],[-75.6018161674289,6.16039688926496],[-75.6018687074756,6.16034246322065],[-75.6019039331855,6.16030597402676],[-75.6019409067992,6.16026767283946],[-75.6019823560007,6.16022473605742],[-75.60202283901985,6.16017756564906],[-75.6019823557128,6.16022473585151],[-75.6019409065473,6.16026767298517],[-75.6019039327885,6.16030597388786]],[[-75.60019091225448,6.1608553884238635],[-75.600190912017,6.16085538844037],[-75.60018462314864,6.160856143552562],[-75.60019091225448,6.1608553884238635]],[[-75.599425510564,6.16120814315334],[-75.5992829335554,6.16123816917184],[-75.5992525882379,6.161232653661757],[-75.5992829333633,6.16123816934219],[-75.5994255105599,6.16120814358832],[-75.5998143463333,6.1609859128569],[-75.6000033109501,6.16087791353376],[-75.60008290763852,6.1608683564529665],[-75.600003310548,6.16087791310485],[-75.5998143463347,6.16098591269513],[-75.599425510564,6.16120814315334]],[[-75.5985250141704,6.16127573585466],[-75.59850196787397,6.161307237872964],[-75.5985250142347,6.16127573583944],[-75.5986300687154,6.161178172814],[-75.5987876542109,6.16114814418927],[-75.59905936300989,6.1611975318369465],[-75.59878765461,6.16114814380572],[-75.5986300685496,6.16117817250699],[-75.5985250141704,6.16127573585466]],[[-75.5979847502479,6.16189113298986],[-75.59813228075825,6.161747092986932],[-75.5979847502905,6.16189113261418],[-75.59774783303831,6.16210903154614],[-75.5979847502479,6.16189113298986]],[[-75.59764125548556,6.162136232166375],[-75.5976350532184,6.16213381525459],[-75.59763505320102,6.162133815265284],[-75.59764125548556,6.162136232166375]],[[-75.59756440161922,6.162177296146602],[-75.59756440161922,6.1621772961466],[-75.5975453121339,6.16218904482035],[-75.59756440161922,6.162177296146602]],[[-75.58711374512234,6.158556088856182],[-75.5871703255609,6.15850037716806],[-75.5872400938525,6.15841208649216],[-75.58724016518168,6.158411996155812],[-75.5872400937036,6.15841208632499],[-75.5871703251488,6.15850037680144],[-75.58711374512234,6.158556088856182]],[[-75.58683980829619,6.158824449326561],[-75.586887015394,6.15878257588028],[-75.5869758815553,6.15869680926931],[-75.58702985275616,6.158640864034092],[-75.5869758812123,6.15869680932702],[-75.5868870153728,6.15878257576915],[-75.58683980829619,6.158824449326561]],[[-75.58653696774836,6.159007559266215],[-75.5865376226471,6.15901915978262],[-75.586538957576,6.15904283333874],[-75.58661553770814,6.1589942067949135],[-75.5865389577261,6.15904283305945],[-75.5865376228296,6.15901915975173],[-75.58653696774836,6.159007559266215]],[[-75.5865315986314,6.15891242227297],[-75.5865323367761,6.158925502956249],[-75.5865315987272,6.15891242264765],[-75.58653789577933,6.158906396335858],[-75.5865315986314,6.15891242227297]],[[-75.5864927231714,6.15887291453729],[-75.58653425318808,6.158902065806067],[-75.586492723235,6.15887291413204],[-75.58647227549378,6.158865214994257],[-75.5864927231714,6.15887291453729]],[[-75.58629629487831,6.158820508502641],[-75.5862969248073,6.15881885309315],[-75.5863244820419,6.15881856453211],[-75.58633418175985,6.158820100555532],[-75.586324482257,6.15881856446413],[-75.5862969246391,6.15881885294527],[-75.58629629487831,6.158820508502641]],[[-75.5862954097718,6.158822834500914],[-75.58624565841954,6.158819574082822],[-75.5862954096628,6.15882283478736],[-75.5862954097718,6.158822834500914]],[[-75.58604552500107,6.159221345774235],[-75.5860457153182,6.15921888276763],[-75.5860513155846,6.15914643740095],[-75.58605342544894,6.159129489857607],[-75.5860513153589,6.15914643703748],[-75.5860457152614,6.15921888237567],[-75.58604552500107,6.159221345774235]],[[-75.5860410080893,6.15928783199433],[-75.5860406712211,6.1592965283983],[-75.58603975590484,6.1593046719709434],[-75.5860406716481,6.15929652883112],[-75.5860410083702,6.15928783181556],[-75.5860413965064,6.15927783114905],[-75.5860416364599,6.15927164831072],[-75.58604168513169,6.159271018336508],[-75.5860416360117,6.15927164848359],[-75.5860413961615,6.15927783072765],[-75.5860410080893,6.15928783199433]],[[-75.5860230130717,6.15939046371081],[-75.58602600816509,6.159382655506612],[-75.5860230130376,6.15939046330647],[-75.58602107908668,6.159394503011761],[-75.5860230130717,6.15939046371081]],[[-75.586016813115,6.15940341324857],[-75.58601721232709,6.1594025793981295],[-75.5860168128655,6.15940341368469],[-75.58601643689498,6.159404199058412],[-75.586016813115,6.15940341324857]],[[-75.5860053674304,6.15942419055637],[-75.5860034135947,6.15942758534155],[-75.5859922403492,6.15944248363421],[-75.58598137420694,6.15945548580645],[-75.5859922401821,6.15944248395163],[-75.5860034139138,6.15942758497695],[-75.5860053678623,6.15942419051763],[-75.5860117186571,6.15941316236521],[-75.5860120736758,6.15941254576672],[-75.5860131902552,6.159410606530931],[-75.586012073354,6.15941254593399],[-75.5860117185195,6.15941316219333],[-75.5860053674304,6.15942419055637]],[[-75.58588364140144,6.159556708683508],[-75.5859065513275,6.15953407380842],[-75.5859119919823,6.15952890044604],[-75.58591264905537,6.15952819065134],[-75.5859119920482,6.15952890015406],[-75.5859065509526,6.1595340740521],[-75.58588364140144,6.159556708683508]],[[-75.58574637029857,6.159686375551365],[-75.5857658571959,6.15966784685733],[-75.5857973715782,6.15963788287806],[-75.5857984735065,6.15963981603758],[-75.5857984736409,6.15963981590738],[-75.5857973715096,6.15963788246083],[-75.5857658568128,6.15966784694224],[-75.58574637029857,6.159686375551365]],[[-75.5856269780489,6.15979989452391],[-75.58564971996556,6.159778271506449],[-75.5856269781682,6.15979989427372],[-75.58562394179467,6.159802781467637],[-75.5856269780489,6.15979989452391]],[[-75.5855073722227,6.159924171702858],[-75.5855222113139,6.15990855346879],[-75.5856037951945,6.15982268645033],[-75.58560738287052,6.159818910109571],[-75.5856037953456,6.15982268602848],[-75.5855222112498,6.15990855321229],[-75.5855073722227,6.159924171702858]],[[-75.58509284309051,6.1603369440669695],[-75.5851505534874,6.16029972304458],[-75.5854108158703,6.16002579703892],[-75.58541190774491,6.160024648126457],[-75.585410815663,6.16002579687963],[-75.585150553064,6.16029972288494],[-75.58509284309051,6.1603369440669695]],[[-75.58472313065643,6.160598511682117],[-75.5847246930033,6.16059715887324],[-75.5847470844109,6.16057777350796],[-75.58475371865968,6.160572029717795],[-75.5847470846356,6.16057777321192],[-75.5847246932288,6.16059715854496],[-75.58472313065643,6.160598511682117]],[[-75.584686027044,6.16063063564253],[-75.5846480435789,6.16066352059451],[-75.58463949218755,6.160670925125739],[-75.5846480439637,6.16066352074624],[-75.584686027012,6.16063063591761],[-75.5846940512316,6.1606236889287],[-75.5847145875002,6.1606059088112],[-75.58471722096552,6.160603628687067],[-75.5847145871818,6.16060590851514],[-75.5846940507961,6.16062368889711],[-75.584686027044,6.16063063564253]],[[-75.584608012061,6.16069818040746],[-75.58462216526335,6.160685926753049],[-75.5846080119548,6.1606981801885],[-75.58460358046311,6.160702016814432],[-75.584608012061,6.16069818040746]],[[-75.5845996517701,6.16070541851556],[-75.58460229892981,6.160703126284711],[-75.5845996513345,6.16070541809245],[-75.5845808338087,6.160717915381035],[-75.5845996517701,6.16070541851556]],[[-75.58856687177405,6.154087168449886],[-75.5885624138019,6.1540992963821],[-75.58855787913188,6.154109043792994],[-75.5885624142447,6.15409929614211],[-75.58856687177405,6.154087168449886]],[[-75.5885482889434,6.15415442138138],[-75.5885532762817,6.15411893513512],[-75.58855560681577,6.154113927382659],[-75.5885532761388,6.1541189347098],[-75.5885482886923,6.15415442177699],[-75.5885457013144,6.154172834174726],[-75.5885482889434,6.15415442138138]],[[-75.58852039990794,6.154282252276625],[-75.5885167847753,6.15429051996746],[-75.5885105004879,6.154306584761337],[-75.5885167849617,6.15429051974232],[-75.58852039990794,6.154282252276625]],[[-75.58850018653234,6.15433280515117],[-75.5885000877891,6.15433303869908],[-75.58849579660722,6.154343190915043],[-75.5885000879097,6.15433303846163],[-75.58850018653234,6.15433280515117]],[[-75.58844768018625,6.154457957474902],[-75.5884463209244,6.15446364583247],[-75.58844424564923,6.154472329576244],[-75.5884463212959,6.15446364593001],[-75.58844768018625,6.154457957474902]],[[-75.5884101754123,6.15462549667264],[-75.5884078272162,6.15463460667564],[-75.58840628107892,6.154640609374397],[-75.5884078276396,6.15463460705578],[-75.5884101754539,6.15462549667124],[-75.5884153222448,6.15460552637463],[-75.5884269676868,6.15456008138391],[-75.5884385883563,6.15450427080168],[-75.5884409671409,6.1544905902724265],[-75.5884385882265,6.1545042710982],[-75.5884269676199,6.15456008148766],[-75.5884153218606,6.15460552611648],[-75.5884101754123,6.15462549667264]],[[-75.58840395020731,6.154649229841013],[-75.5883967006831,6.15467308750523],[-75.58839373505131,6.154682847470676],[-75.5883967008124,6.15467308740686],[-75.58840395020731,6.154649229841013]],[[-75.5884160034789,6.15468296724906],[-75.58839208608507,6.15468827425814],[-75.5883920860375,6.15468827441469],[-75.5884160036819,6.15468296739193],[-75.58842121311021,6.154685901921769],[-75.5884160034789,6.15468296724906]],[[-75.58844206384649,6.15470320772463],[-75.5884453714052,6.15470796541573],[-75.58844538066256,6.154708616816383],[-75.5884453714449,6.15470796528581],[-75.58844206384649,6.15470320772463]],[[-75.5884455171225,6.15471828804924],[-75.58844550011038,6.15471707693896],[-75.5884455169322,6.15471828829791],[-75.588445595984,6.15472386326152],[-75.58844559609737,6.154723863339213],[-75.5884455171225,6.15471828804924]],[[-75.58845811426124,6.154732441712123],[-75.5884613766886,6.15473467736894],[-75.58846209537037,6.1547351698774095],[-75.5884613762967,6.15473467707815],[-75.58845811426124,6.154732441712123]],[[-75.5884901544853,6.15480761807772],[-75.5884859665656,6.15476610943272],[-75.5884676040375,6.15473894510542],[-75.58846760402454,6.154738945096538],[-75.5884859662729,6.15476610955163],[-75.5884901542187,6.15480761810696],[-75.58847388433348,6.154827107652672],[-75.5884901544853,6.15480761807772]],[[-75.5884379351512,6.15486003186396],[-75.58843775491546,6.154860795553003],[-75.58843793532168,6.154860031738685],[-75.5884379351512,6.15486003186396]],[[-75.5884077822515,6.15493212165648],[-75.5884179614389,6.15491466547998],[-75.5884298385042,6.15489429737562],[-75.58842983853606,6.154894297240818],[-75.5884179611109,6.15491466506139],[-75.5884077823004,6.15493212142517],[-75.5884069306833,6.154934264462518],[-75.5884077822515,6.15493212165648]],[[-75.5883900515505,6.15497162409143],[-75.5884024319197,6.15494558404757],[-75.58840321546116,6.154943612741837],[-75.5884024319346,6.15494558367963],[-75.5883900513533,6.1549716239819],[-75.58838612323486,6.1549798857918985],[-75.5883900515505,6.15497162409143]],[[-75.5883151943729,6.155023000657883],[-75.588313206769,6.15502284538499],[-75.58830147261436,6.155021930832209],[-75.5883132065083,6.15502284549318],[-75.5883151943729,6.155023000657883]],[[-75.58826395178346,6.155031120736342],[-75.5882639925662,6.15503195895372],[-75.58826396084424,6.155031969636298],[-75.5882639926896,6.1550319592552],[-75.58826395178346,6.155031120736342]],[[-75.5882708738915,6.15508114300386],[-75.5882734610797,6.1550771573715],[-75.5882706011356,6.155071234484825],[-75.5882734608092,6.15507715703644],[-75.5882708736612,6.15508114310595],[-75.5882556980737,6.1551045233038],[-75.5882708738915,6.15508114300386]],[[-75.58825315908278,6.155108311815678],[-75.5882419047899,6.15512267039257],[-75.58823001930428,6.155137836470993],[-75.5882419052081,6.15512267046651],[-75.58825315908278,6.155108311815678]],[[-75.58822403642237,6.155145470716242],[-75.5882227697761,6.15514708696367],[-75.58819969757893,6.15515901239645],[-75.5882227698724,6.15514708713937],[-75.58822403642237,6.155145470716242]],[[-75.5881474154968,6.15518075642918],[-75.58814741519592,6.155180756691102],[-75.58815895837523,6.155176857987358],[-75.5881474154968,6.15518075642918]],[[-75.5880531786302,6.1552485669299],[-75.58805111902787,6.155248863771112],[-75.588053178279,6.15524856699564],[-75.58805333898,6.15524854394197],[-75.5880564668538,6.15524700198099],[-75.5880722207749,6.15523923851823],[-75.58807981264269,6.155235497103087],[-75.5880722211176,6.15523923811897],[-75.5880564664642,6.15524700215473],[-75.5880533394287,6.15524854370833],[-75.5880531786302,6.1552485669299]],[[-75.587812598119,6.15528052156696],[-75.5877918694939,6.15530246503611],[-75.5877744228119,6.1553284671596895],[-75.5877918696848,6.15530246535955],[-75.5878125980191,6.15528052193246],[-75.5878478291458,6.15526800098511],[-75.5879041433029,6.15525934806784],[-75.5879649573037,6.15525907925917],[-75.58797647149292,6.155258081326966],[-75.5879649568828,6.15525907914649],[-75.587904143633,6.15525934798056],[-75.5878478291462,6.15526800068684],[-75.587812598119,6.15528052156696]],[[-75.58773804414477,6.15539374117382],[-75.58773665185,6.15539911757117],[-75.58772868729946,6.155429888773722],[-75.5877366521625,6.15539911800348],[-75.58773804414477,6.15539374117382]],[[-75.5877278321905,6.15543319250455],[-75.58772785046341,6.1554349466161415],[-75.58772783220647,6.155433192442841],[-75.5877278321905,6.15543319250455]],[[-75.5877278582362,6.15543569344653],[-75.58772785823547,6.15543569337598],[-75.5877260256785,6.15546261241014],[-75.58771640132981,6.155517109326898],[-75.5877260258478,6.15546261211656],[-75.5877278582362,6.15543569344653]],[[-75.58768785733979,6.155614084652778],[-75.5876784607825,6.15563898265577],[-75.58765492318648,6.15569905049309],[-75.5876784612303,6.15563898288562],[-75.58768785733979,6.155614084652778]],[[-75.58762740442411,6.155759162893734],[-75.5876195052487,6.15577235997483],[-75.58760830285023,6.155786189882363],[-75.5876195052592,6.15577236028641],[-75.58762740442411,6.155759162893734]],[[-75.58759675593917,6.155798466965905],[-75.5875452648804,6.15583837073195],[-75.58754344224414,6.155839783726188],[-75.5875452650204,6.15583837111052],[-75.58759675593917,6.155798466965905]],[[-75.58754008793137,6.155842383435752],[-75.5875378007787,6.15584415557064],[-75.58751857581217,6.155864366384452],[-75.5875378012078,6.15584415585195],[-75.58754008793137,6.155842383435752]],[[-75.58749853508685,6.155907288043551],[-75.5874949924621,6.15591722476785],[-75.58748693197184,6.155944693032748],[-75.5874949926434,6.1559172244224],[-75.58749853508685,6.155907288043551]],[[-75.5874665889176,6.15600084570159],[-75.5874748084104,6.15598600570114],[-75.58747643818326,6.155980452502975],[-75.587474808216,6.15598600601256],[-75.5874665886312,6.15600084545486],[-75.58746406093958,6.156004398022774],[-75.5874665889176,6.15600084570159]],[[-75.5874304341359,6.1560270062787],[-75.58742948578647,6.156033354172824],[-75.5874304343647,6.15602700633327],[-75.5874334171799,6.15602622681991],[-75.5874457969891,6.156022990887],[-75.5874554445376,6.15601650934542],[-75.58746328110566,6.156005494094069],[-75.5874554441317,6.15601650926056],[-75.5874457971239,6.15602299074283],[-75.587433417441,6.15602622657164],[-75.5874304341359,6.1560270062787]],[[-75.58742594577015,6.156057040945409],[-75.5874250774819,6.15606284868622],[-75.5874247091998,6.156065316463557],[-75.587425077664,6.15606284888878],[-75.58742594577015,6.156057040945409]],[[-75.58742258875172,6.156079506877546],[-75.5874206703471,6.15609234447345],[-75.58742060988635,6.156092749504703],[-75.5874206703467,6.15609234479371],[-75.58742258875172,6.156079506877546]],[[-75.5873810932706,6.15617628398208],[-75.58738112372338,6.156187044986543],[-75.5873810933324,6.15617628423778],[-75.5873902626917,6.15616294211765],[-75.5874020207706,6.15614583311972],[-75.5874156371876,6.15612602055492],[-75.58741807810969,6.156109689287525],[-75.5874156370866,6.15612602013096],[-75.5874020204235,6.15614583343821],[-75.5873902623747,6.15616294233201],[-75.5873810932706,6.15617628398208]],[[-75.5873870989472,6.15625475957495],[-75.5873875847583,6.15621986639396],[-75.58738736761178,6.15621942218231],[-75.5873875844969,6.15621986628643],[-75.5873870985083,6.15625475927866],[-75.58738699806415,6.1562619820433175],[-75.5873870989472,6.15625475957495]],[[-75.58738520370355,6.156270167753835],[-75.5873836390961,6.15627191639825],[-75.58738249083696,6.156273200275789],[-75.5873836394425,6.15627191650806],[-75.58738520370355,6.156270167753835]],[[-75.5873626409764,6.15629539155251],[-75.58736264101184,6.156295391780579],[-75.58736767082507,6.156289768449946],[-75.5873626409764,6.15629539155251]],[[-75.58736930907511,6.15633830257957],[-75.5873701643669,6.15634380749196],[-75.58737254311764,6.156359114841957],[-75.5873701646863,6.156343807399],[-75.58736930907511,6.15633830257957]],[[-75.58737598651608,6.15638127259976],[-75.5873769691052,6.15638759520354],[-75.58741661350982,6.156412702412765],[-75.5873769691975,6.15638759477103],[-75.58737598651608,6.15638127259976]],[[-75.58744901420366,6.15649806985181],[-75.587449490098,6.15651103978719],[-75.58744860693271,6.1565132824970155],[-75.5874494902924,6.15651103995252],[-75.58744901420366,6.15649806985181]],[[-75.5874350632922,6.15654765031965],[-75.58743998953106,6.1565351500533545],[-75.5874350631546,6.15654765025761],[-75.587447353006,6.15658418480906],[-75.5874473530546,6.156584184860386],[-75.5874350632922,6.15654765031965]],[[-75.58748847625553,6.1566779476887925],[-75.5874925815834,6.15666563464964],[-75.5874872939823,6.15663512843455],[-75.5874854347252,6.15662439740775],[-75.58748333122377,6.156622176169151],[-75.5874854343875,6.15662439728465],[-75.5874872939001,6.1566351282919],[-75.5874925813839,6.15666563507519],[-75.58748847625553,6.1566779476887925]],[[-75.58744114616567,6.156829545264328],[-75.5874419577244,6.15683436505456],[-75.58742625162284,6.156863853550466],[-75.5874419578856,6.1568343648134],[-75.58744114616567,6.156829545264328]],[[-75.5874260907815,6.15686415553306],[-75.58742567408419,6.156878944546056],[-75.58742609090999,6.156864155291844],[-75.5874260907815,6.15686415553306]],[[-75.5872616147385,6.15692486842763],[-75.58731035545769,6.15693016673156],[-75.5872616146429,6.15692486808545],[-75.5872306281555,6.15693046267487],[-75.58723062788266,6.1569304629915],[-75.5872616147385,6.15692486842763]],[[-75.587199285344,6.15696683737677],[-75.5872287777379,6.156932610141466],[-75.5871992850369,6.1569668373291],[-75.5871742795326,6.15702494013362],[-75.58717427952632,6.157024940279687],[-75.587199285344,6.15696683737677]],[[-75.5871507169352,6.15712876216631],[-75.5871559146728,6.15711370110891],[-75.58715833067076,6.157105899269849],[-75.587155914375,6.15711370152199],[-75.5871507167227,6.15712876242984],[-75.58714808878194,6.157136377653743],[-75.5871507169352,6.15712876216631]],[[-75.5870357386546,6.15725286686663],[-75.58700778397788,6.157261097466923],[-75.5870357389374,6.15725286708175],[-75.5870651404549,6.15723981122918],[-75.5870998073127,6.15721868170901],[-75.587113356018,6.15720366482316],[-75.58711605915887,6.157199058842793],[-75.5871133557901,6.15720366505283],[-75.587099807399,6.15721868130149],[-75.5870651405138,6.15723981104625],[-75.5870357386546,6.15725286686663]],[[-75.58684011445777,6.157281630224947],[-75.5868401143318,6.15728163021861],[-75.5867872682403,6.15728466508484],[-75.58678726821339,6.157284665106061],[-75.58684011445777,6.157281630224947]],[[-75.58673554478403,6.157325445111829],[-75.5866523610475,6.15739102918656],[-75.58659508487074,6.157436187719919],[-75.5866523614644,6.15739102925827],[-75.58673554478403,6.157325445111829]],[[-75.58656808153212,6.15749146936654],[-75.5865706359162,6.15749951267097],[-75.58657132909914,6.157501695058551],[-75.5865706359951,6.15749951280287],[-75.58656808153212,6.15749146936654]],[[-75.5866331874061,6.15769647430116],[-75.58663318759088,6.1576964742217175],[-75.5866194381321,6.1576531811717],[-75.5865968190826,6.15758195913461],[-75.5865907818029,6.15756294702086],[-75.58657910870708,6.157526190693712],[-75.5865907815348,6.15756294741896],[-75.5865968191118,6.15758195953269],[-75.5866194377924,6.15765318149286],[-75.5866331874061,6.15769647430116]],[[-75.5867159607125,6.15766088919806],[-75.5867095522629,6.15766364360056],[-75.58668692433432,6.157673371816854],[-75.5867095522901,6.15766364364647],[-75.5867159608713,6.15766088922597],[-75.58671692585456,6.15766047425149],[-75.5867159607125,6.15766088919806]],[[-75.58672310259394,6.157665479240963],[-75.5867225450673,6.15765805836563],[-75.58672254466488,6.157658058538643],[-75.58672310259394,6.157665479240963]],[[-75.58672312605295,6.157683831164975],[-75.5867229156283,6.15768763764918],[-75.586725702534,6.157708060892426],[-75.5867229158026,6.15768763748416],[-75.58672312605295,6.157683831164975]],[[-75.5867932501217,6.15781714004633],[-75.5868069835658,6.15782824078624],[-75.58681159205805,6.1578319655244895],[-75.586806983923,6.15782824061874],[-75.5867932503507,6.15781714001237],[-75.586785452004,6.15780969719945],[-75.5867743073678,6.15779906023035],[-75.5867392402172,6.15774945628139],[-75.58672995471937,6.157725723093827],[-75.5867392398136,6.15774945669836],[-75.5867743073474,6.15779906037111],[-75.5867854518468,6.15780969757575],[-75.5867932501217,6.15781714004633]],[[-75.5868603212821,6.15789083606343],[-75.5868513694937,6.15787409299567],[-75.58683698521068,6.157858220187742],[-75.586851369324,6.15787409329683],[-75.5868603210358,6.15789083595082],[-75.58687150727027,6.157905202857852],[-75.5868603212821,6.15789083606343]],[[-75.58688180514515,6.1579211522647705],[-75.5868785867203,6.15791429539411],[-75.58687858663288,6.1579142952818176],[-75.58688180514515,6.1579211522647705]],[[-75.58690867999925,6.157973611068722],[-75.5869134923175,6.15798350732602],[-75.5869165778003,6.158008142870539],[-75.5869134925089,6.15798350750201],[-75.58690867999925,6.157973611068722]],[[-75.58692407365413,6.158142277095692],[-75.5869227125654,6.15814000779032],[-75.5869165780592,6.15810800429919],[-75.5869156268811,6.15804623965162],[-75.58691702359926,6.158041260240472],[-75.5869156267146,6.15804624001459],[-75.5869165780305,6.158108004541],[-75.5869227126255,6.15814000812829],[-75.58692407365413,6.158142277095692]],[[-75.58693047308928,6.158157004971785],[-75.5869331824902,6.15816547399035],[-75.58693410431596,6.158166275317694],[-75.5869331828692,6.15816547425767],[-75.58693047308928,6.158157004971785]],[[-75.58694537229279,6.158173850614378],[-75.586951257492,6.15817643986009],[-75.58696178762365,6.158179035188796],[-75.586951257687,6.15817643963725],[-75.58694537229279,6.158173850614378]],[[-75.58709592018681,6.158219294924176],[-75.5870959200877,6.15821929459417],[-75.5870811580796,6.158214386939842],[-75.58709592018681,6.158219294924176]],[[-75.58709861863244,6.158228280216124],[-75.5871035084579,6.15824456346749],[-75.58710454730492,6.158258954404552],[-75.5871035086791,6.15824456310741],[-75.58709861863244,6.158228280216124]],[[-75.5870995639555,6.1583115527893],[-75.58709956402188,6.158311552908923],[-75.58710020126328,6.158305736437047],[-75.5870995639555,6.1583115527893]],[[-75.5871171523969,6.15834407087954],[-75.5871088743688,6.15833596140805],[-75.58710720089577,6.158330544751473],[-75.5871088740951,6.15833596117567],[-75.5871171520705,6.15834407080797],[-75.5871296206414,6.158352426526782],[-75.5871171523969,6.15834407087954]],[[-75.5871775198378,6.15837774418468],[-75.5871626872808,6.15837183541201],[-75.58716230605413,6.158371683504099],[-75.5871626876722,6.1583718355801],[-75.5871775197559,6.15837774453648],[-75.58718695575453,6.158378908417005],[-75.5871775198378,6.15837774418468]],[[-75.58723031563984,6.158390222773335],[-75.5872483402379,6.15839576971101],[-75.58724873726467,6.1583958917043375],[-75.5872483399086,6.15839576934634],[-75.58723031563984,6.158390222773335]],[[-75.59102447457119,6.161131497971993],[-75.59104495558802,6.16111745818549],[-75.5910449557002,6.16111745776155],[-75.59102447457119,6.161131497971993]],[[-75.590980756219,6.16116146670275],[-75.5909845227395,6.1611588849178816],[-75.5909807558018,6.16116146657486],[-75.59096856882412,6.161169820561364],[-75.5909685687703,6.16116982128987],[-75.590980756219,6.16116146670275]],[[-75.59095954690385,6.161002804943843],[-75.5909668090739,6.16102881840397],[-75.5909729265936,6.1610754387727],[-75.590973220637,6.16110685849648],[-75.59097258915743,6.161115405542245],[-75.5909732207332,6.16110685813449],[-75.5909729269841,6.16107543883094],[-75.590966809457,6.16102881850776],[-75.59095954690385,6.161002804943843]],[[-75.59090156411226,6.160897925232053],[-75.5908742901693,6.16086433400111],[-75.59086764898835,6.160858709688515],[-75.5908742900596,6.16086433432499],[-75.59090156411226,6.160897925232053]],[[-75.5901560107428,6.16028434232717],[-75.5901528037573,6.16028178440845],[-75.59015230125866,6.160281384417168],[-75.5901528034815,6.16028178452262],[-75.5901560107201,6.16028434265857],[-75.5901561066748,6.16028441922259],[-75.5901979673351,6.16031780558854],[-75.5904673935911,6.16053269515829],[-75.59049035820448,6.160550391972134],[-75.5904673937698,6.16053269527643],[-75.5901979674565,6.16031780515442],[-75.5901561068626,6.16028441913618],[-75.5901560107428,6.16028434232717]],[[-75.5901140522326,6.16024405242658],[-75.59011029276446,6.160239113453582],[-75.5901140519401,6.16024405215808],[-75.5901188409601,6.16024990614802],[-75.5901238318065,6.16025558781402],[-75.5901290181416,6.16026109175036],[-75.59013195567421,6.160263997431763],[-75.5901290181652,6.16026109152437],[-75.590123832191,6.1602555880691],[-75.5901188411513,6.16024990598818],[-75.5901140522326,6.16024405242658]],[[-75.5901009556682,6.16022553381536],[-75.5901051038546,6.16023185877553],[-75.59010911883398,6.160237535876453],[-75.590105104114,6.16023185854838],[-75.590100955694,6.16022553341493],[-75.59009801994914,6.160220697264147],[-75.5901009556682,6.16022553381536]],[[-75.5900836665912,6.16019194848933],[-75.5900866496307,6.16019889957912],[-75.59008833469204,6.160202476195716],[-75.5900866500231,6.16019889944003],[-75.5900836667181,6.16019194822334],[-75.59008209341263,6.160187896029241],[-75.5900836665912,6.16019194848933]],[[-75.5900762034122,6.16017052603393],[-75.5900784402939,6.16017775223427],[-75.59007945318331,6.16018065993374],[-75.5900784403197,6.16017775195045],[-75.5900762035147,6.16017052564999],[-75.59007502918254,6.160166203383539],[-75.5900762034122,6.16017052603393]],[[-75.5900688786519,6.16013346172018],[-75.5900681977289,6.16012592728984],[-75.5900677818089,6.16011837321058],[-75.59006744768038,6.160116397086158],[-75.5900677816582,6.16011837363421],[-75.5900681977376,6.16012592771024],[-75.5900688783953,6.16013346205291],[-75.5900698218017,6.16014096853174],[-75.590071027929,6.16014843720338],[-75.5900724949449,6.16015585903343],[-75.5900737897941,6.160161387650759],[-75.5900724952692,6.16015585869796],[-75.5900710283203,6.16014843680209],[-75.5900698218829,6.16014096846346],[-75.5900688786519,6.16013346172018]],[[-75.59006634645435,6.1601090352571966],[-75.5900662079605,6.16010800667006],[-75.59006605091635,6.160106453276224],[-75.5900662078581,6.1601080070215],[-75.59006634645435,6.1601090352571966]],[[-75.59006542933943,6.160099057577552],[-75.5900653285098,6.1600975597478],[-75.59006527684058,6.160096037301452],[-75.5900653283814,6.16009755979563],[-75.59006542933943,6.160099057577552]],[[-75.5900653208956,6.1600818355194],[-75.5900651487725,6.16008707623475],[-75.59006514917911,6.16008804593611],[-75.5900651488468,6.16008707620707],[-75.5900653213233,6.16008183532974],[-75.5900655608237,6.160078212851177],[-75.5900653208956,6.1600818355194]],[[-75.5901877799843,6.15984302852154],[-75.59018777978645,6.159843028893141],[-75.5901900811466,6.15984433189809],[-75.59020186431088,6.159851001877398],[-75.5901900813829,6.15984433182551],[-75.5901877799843,6.15984302852154]],[[-75.590237661314,6.15987126687518],[-75.59023766146464,6.15987126659427],[-75.59022360785917,6.159863310700796],[-75.590237661314,6.15987126687518]],[[-75.59025897620431,6.159831517069208],[-75.5902837457864,6.1597853246625],[-75.59028542750193,6.159786143318011],[-75.590283745546,6.15978532448178],[-75.59025897620431,6.159831517069208]],[[-75.590295939518,6.15979126039701],[-75.59029605197935,6.159790802078313],[-75.59029593919313,6.159791260239097],[-75.590295939518,6.15979126039701]],[[-75.59030602912007,6.1596129191914315],[-75.5903156788549,6.15966035706023],[-75.59031415349,6.15969006534523],[-75.5903068423155,6.15974689060848],[-75.5903044449398,6.159756646885933],[-75.5903068423706,6.15974689064601],[-75.5903141537587,6.15969006531384],[-75.5903156790981,6.15966035716175],[-75.59030602912007,6.1596129191914315]],[[-75.59029612773696,6.159573975722042],[-75.5902855576883,6.1595449157486],[-75.59026446861812,6.15951961250241],[-75.5902855576777,6.15954491614265],[-75.59029612773696,6.159573975722042]],[[-75.5894571852322,6.1588167862413],[-75.58943898270027,6.158746536778822],[-75.5894571851663,6.15881678666904],[-75.5894587229633,6.15882528943401],[-75.5894652787813,6.15886153573232],[-75.5897727832527,6.15911410602487],[-75.58979080613977,6.159127897151441],[-75.5897727831544,6.15911410573213],[-75.5894652790529,6.15886153565043],[-75.5894587231479,6.1588252897368],[-75.5894571852322,6.1588167862413]],[[-75.5894229258898,6.15865251395281],[-75.58943268559288,6.158719671814252],[-75.5894229261822,6.1586525136144],[-75.58942384515022,6.158619243905593],[-75.5894238451369,6.15861924398387],[-75.5894229258898,6.15865251395281]],[[-75.58945298808129,6.158373569353978],[-75.5894604802526,6.15829391255154],[-75.58946330231161,6.158256673853252],[-75.5894604800759,6.15829391240434],[-75.58945298808129,6.158373569353978]],[[-75.5895084700517,6.15795552282308],[-75.58951131825165,6.157946686339739],[-75.5895084699422,6.15795552265506],[-75.5895014629202,6.15799474976575],[-75.5894840879725,6.15809549781822],[-75.5894746068185,6.15815504833642],[-75.58946791733855,6.1582092110265],[-75.5894746071588,6.15815504846503],[-75.5894840879783,6.15809549801764],[-75.5895014631925,6.15799475007039],[-75.5895084700517,6.15795552282308]],[[-75.58959757995675,6.157859059726232],[-75.5895783255218,6.15786666023496],[-75.5895537665156,6.15788531153867],[-75.5895249350002,6.15791753337507],[-75.58951884212162,6.157928536572265],[-75.5895249352726,6.15791753345388],[-75.5895537667016,6.15788531192898],[-75.5895783257432,6.15786666065149],[-75.58959757995675,6.157859059726232]],[[-75.58975509325647,6.157862219831726],[-75.5897424421055,6.15786150810175],[-75.5896646878012,6.15785158519074],[-75.589634255815,6.15785155121163],[-75.58961569548681,6.157854482390002],[-75.5896342557511,6.15785155153542],[-75.589664687978,6.15785158547444],[-75.5897424416574,6.15786150817234],[-75.58975509325647,6.157862219831726]],[[-75.5898984792044,6.15784443069016],[-75.5899001094645,6.15784394472898],[-75.58994390232911,6.157822901863362],[-75.5899001091399,6.15784394481711],[-75.5898984792044,6.15784443069016]],[[-75.5900156723359,6.15778711919317],[-75.59001567239929,6.1577871191391145],[-75.59001463675571,6.157787743410373],[-75.5900156723359,6.15778711919317]],[[-75.590036265934,6.1577667045934],[-75.5900247590878,6.15777937088912],[-75.59001575780174,6.157787046317404],[-75.590024758795,6.15777937127093],[-75.5900362662138,6.15776670486913],[-75.59004169630961,6.157754595251164],[-75.590036265934,6.1577667045934]],[[-75.59008401894036,6.157616275208687],[-75.5901154841471,6.15750078627822],[-75.59012130380567,6.157479425229894],[-75.5901154839914,6.15750078593198],[-75.59008401894036,6.157616275208687]],[[-75.5901341091124,6.157432425270286],[-75.5901369475942,6.1574220075006],[-75.59013914971611,6.157413922875489],[-75.5901369473882,6.15742200777583],[-75.5901341091124,6.157432425270286]],[[-75.59016952318854,6.157300224724419],[-75.5901701008181,6.15729863547242],[-75.59017837524381,6.157282015608678],[-75.5901701009251,6.15729863511213],[-75.59016952318854,6.157300224724419]],[[-75.59030191820635,6.157113462838031],[-75.5903065117906,6.15710868032612],[-75.59030709055699,6.157108077736531],[-75.5903065120626,6.1571086799902],[-75.59030191820635,6.157113462838031]],[[-75.59034536312979,6.15705940871436],[-75.5903511059579,6.15705258082916],[-75.59035264372842,6.157051141739566],[-75.5903511059931,6.15705258067218],[-75.59034536312979,6.15705940871436]],[[-75.590470450643,6.15690735731702],[-75.5903678332236,6.15702555742484],[-75.59036522271973,6.157030723161498],[-75.5903678334868,6.15702555728888],[-75.5904704507367,6.156907357306],[-75.59047051804929,6.156907279924763],[-75.590470450643,6.15690735731702]],[[-75.59068379020715,6.15665765495682],[-75.5906541928895,6.15666285801427],[-75.5906028620373,6.15674762277521],[-75.5905600945598,6.15680410110457],[-75.59054195847148,6.156824991304063],[-75.5905600945172,6.1568041012134],[-75.5906028624096,6.15674762299547],[-75.5906541930432,6.15666285832116],[-75.59068379020715,6.15665765495682]],[[-75.59071508759048,6.156660573520714],[-75.5907204949875,6.15665120244369],[-75.59072049473349,6.156651202488343],[-75.59071508759048,6.156660573520714]],[[-75.5907017588375,6.15668367191857],[-75.59070175945935,6.156683671796458],[-75.59070820176468,6.156672506357806],[-75.5907017588375,6.15668367191857]],[[-75.5907305836415,6.1566780116478865],[-75.5907481738899,6.15667455748503],[-75.59076066817093,6.156672103678798],[-75.5907481740755,6.15667455717881],[-75.5907305836415,6.1566780116478865]],[[-75.5908142594807,6.156661580014568],[-75.5908322588955,6.15665804611446],[-75.5908322325245,6.156657941777694],[-75.5908322587167,6.15665804574607],[-75.5908142594807,6.156661580014568]],[[-75.59083559606547,6.1566563940348695],[-75.590838269523,6.15665550604093],[-75.59083830263673,6.156655494905309],[-75.5908382694262,6.15665550576323],[-75.59083559606547,6.1566563940348695]],[[-75.5909406586008,6.1566501490223],[-75.5909682591925,6.156649067983641],[-75.5909406588093,6.15665014873367],[-75.5909115090931,6.15665191094839],[-75.5908977328644,6.15664967837802],[-75.5908897757943,6.15664838840094],[-75.59088772093133,6.156648055234985],[-75.5908897762265,6.1566483886549],[-75.5908977326049,6.15664967834062],[-75.5909115091681,6.156651911176],[-75.5909406586008,6.1566501490223]],[[-75.5910743368982,6.15671626684644],[-75.5910760356124,6.15672071465395],[-75.5910945346191,6.15676915824176],[-75.5910965710998,6.15677449203769],[-75.5911166152087,6.1567926816033],[-75.5911434451913,6.15678888042535],[-75.59114351003382,6.15678891455572],[-75.5911434456064,6.15678888024635],[-75.5911166156118,6.15679268154376],[-75.5910965712752,6.15677449207083],[-75.5910945348515,6.15676915818635],[-75.5910760360005,6.15672071438853],[-75.5910743371685,6.1567162672299],[-75.5910663969886,6.15669510466755],[-75.5910502622208,6.15667106365169],[-75.5910339632865,6.15664677812883],[-75.59100667957352,6.156647691320489],[-75.5910339630161,6.156646778334],[-75.5910502620486,6.15667106354438],[-75.5910663966894,6.15669510492801],[-75.5910743368982,6.15671626684644]],[[-75.59115472911358,6.156787828230238],[-75.5912053004869,6.15678289910745],[-75.59127019077407,6.156776573538223],[-75.5912053002364,6.15678289869708],[-75.59115472911358,6.156787828230238]],[[-75.59131898811836,6.156772396199537],[-75.5913598753944,6.15676895460723],[-75.59136682946189,6.156768294316084],[-75.5913598755306,6.1567689542331],[-75.59131898811836,6.156772396199537]],[[-75.59138843372102,6.1566271501093],[-75.5913896487498,6.15665918663494],[-75.5914037877388,6.15671360978808],[-75.5914090158102,6.15674055992152],[-75.5914100639036,6.156744271801689],[-75.5914090159354,6.15674056009182],[-75.5914037877405,6.15671360977264],[-75.5913896491562,6.15665918664672],[-75.59138843372102,6.1566271501093]],[[-75.5913761663178,6.15643985318251],[-75.591377737138,6.15646256420149],[-75.59137774524302,6.156462680018327],[-75.5913777374955,6.15646256402299],[-75.5913761663421,6.15643985339922],[-75.59138475010737,6.156438538228157],[-75.5913761663178,6.15643985318251]],[[-75.59144128864028,6.1561725148167605],[-75.591429161554,6.15608996784096],[-75.59141322289368,6.156039549507443],[-75.5914291613415,6.15608996824832],[-75.59144128864028,6.1561725148167605]],[[-75.59137069420385,6.155923177657421],[-75.5913672469697,6.15591556978798],[-75.59135496394508,6.1558872644112395],[-75.5913672467178,6.15591556944752],[-75.59137069420385,6.155923177657421]],[[-75.59129780588577,6.155756118050261],[-75.591282916724,6.15572244262216],[-75.59128282119438,6.155722227237065],[-75.591282916385,6.15572244279517],[-75.59129780588577,6.155756118050261]],[[-75.591220173893,6.15558562225153],[-75.59122017369118,6.155585622349957],[-75.59123484934571,6.155616681274868],[-75.591220173893,6.15558562225153]],[[-75.5911732665707,6.15560849932098],[-75.5911891441764,6.155600755496646],[-75.5911732665638,6.15560849903508],[-75.59099287861225,6.155420738660748],[-75.5909928785499,6.15542073877281],[-75.5911732665707,6.15560849932098]],[[-75.5911353357105,6.15527637189033],[-75.5910410592025,6.15533414340093],[-75.59104105916158,6.155334143474453],[-75.5911353360993,6.15527637205497],[-75.5911497136354,6.15526756126371],[-75.59114971352805,6.155267561096408],[-75.5911353357105,6.15527637189033]],[[-75.59108632910737,6.155168771994646],[-75.5910007576899,6.1550354028895],[-75.59097684225287,6.155006195607484],[-75.5910007573062,6.15503540299429],[-75.59108632910737,6.155168771994646]],[[-75.59085205643045,6.154887415538567],[-75.590857791613,6.15489094956755],[-75.5908884265372,6.15491584260431],[-75.5908981598975,6.15492375082887],[-75.59093893250311,6.15496601535448],[-75.590898160203,6.15492375094475],[-75.5908884269569,6.15491584221605],[-75.5908577917108,6.15489094959223],[-75.59085205643045,6.154887415538567]],[[-75.59069471291559,6.154813042811925],[-75.5906611585799,6.15480353914914],[-75.59064005653,6.15479562729388],[-75.5906611588748,6.15480353951702],[-75.59069471291559,6.154813042811925]],[[-75.59054117894719,6.154754334870673],[-75.5904986587349,6.15472481981169],[-75.59049112232302,6.154712192936577],[-75.5904986584126,6.15472481998609],[-75.59054117894719,6.154754334870673]],[[-75.5904880545721,6.15470705307583],[-75.59045820040154,6.154710676836643],[-75.59048805479206,6.154707053444361],[-75.5904880545721,6.15470705307583]],[[-75.5904227142625,6.15450431039627],[-75.59042186768632,6.154489193804152],[-75.5904227139637,6.15450431019759],[-75.5904177573027,6.15455825510675],[-75.590407509014,6.15463617614908],[-75.590409109024,6.15466316190428],[-75.59041197053591,6.154676727222799],[-75.5904091092775,6.15466316206836],[-75.590407509378,6.15463617591832],[-75.5904177573587,6.15455825502112],[-75.5904227142625,6.15450431039627]],[[-75.59042186816195,6.154462705448398],[-75.590422855298,6.15443984281564],[-75.59041810261104,6.154421960442586],[-75.5904228549133,6.15443984243629],[-75.59042186816195,6.154462705448398]],[[-75.5903598643904,6.15432484983935],[-75.5903748321269,6.15434473963248],[-75.5903811020183,6.154353071584821],[-75.5903748322612,6.15434473970053],[-75.590359864532,6.15432484951627],[-75.59034049151421,6.154294678925819],[-75.5903598643904,6.15432484983935]],[[-75.5902978671971,6.15421457667465],[-75.5903044805852,6.15422746098964],[-75.59031996301744,6.154257627821293],[-75.5903044806997,6.15422746083988],[-75.5902978673026,6.15421457642766],[-75.59028100902329,6.154179607518834],[-75.5902978671971,6.15421457667465]],[[-75.5902040481527,6.1538968531187],[-75.5901985963014,6.153856328384464],[-75.5902040477597,6.15389685279276],[-75.5902298239698,6.15403175382102],[-75.590254981562,6.15410855668953],[-75.5902581993695,6.15411837898769],[-75.59026409125848,6.1541363655731205],[-75.5902581994963,6.15411837917769],[-75.5902549817309,6.1541085564414],[-75.5902298244114,6.15403175367628],[-75.5902040481527,6.1538968531187]],[[-75.5901885780056,6.15378184934642],[-75.5901900532102,6.15379281827847],[-75.59019023465754,6.153794168539129],[-75.5901900532989,6.15379281851692],[-75.5901885782651,6.15378184898414],[-75.59018858163226,6.153781808476433],[-75.5901885780056,6.15378184934642]],[[-75.5902056530035,6.153623816811461],[-75.5902055509521,6.15362457724095],[-75.5901954213558,6.15370009342788],[-75.5901951076949,6.15370383397907],[-75.59019493339193,6.153705921608786],[-75.5901951081189,6.15370383418206],[-75.590195421631,6.15370009371547],[-75.5902055510341,6.15362457701188],[-75.5902056530035,6.153623816811461]],[[-75.59020955791203,6.153594708302921],[-75.5902121311936,6.15357552669572],[-75.59021214120669,6.153575450370693],[-75.5902121309521,6.15357552626268],[-75.59020955791203,6.153594708302921]],[[-75.5900510661372,6.153267295899892],[-75.5900173270326,6.15321403111166],[-75.59001605317519,6.153211867080213],[-75.5900173266804,6.15321403141717],[-75.5900510661372,6.153267295899892]],[[-75.58997935380008,6.153149488325639],[-75.5899731712432,6.15313897966498],[-75.58995308792608,6.153106085203119],[-75.5899731713197,6.15313897995723],[-75.58997935380008,6.153149488325639]],[[-75.5957228912198,6.1548083790599],[-75.5957215167974,6.15481077266774],[-75.595724439017,6.15480575145012],[-75.595722997221,6.15480819418049],[-75.595722963085,6.15480825312755],[-75.595722948712,6.15480827902853],[-75.5957228912198,6.1548083790599]],[[-75.5956945969833,6.1548819958926],[-75.595693997807,6.1548849307412],[-75.5956939861289,6.1548849905814],[-75.5956934345633,6.15488787184174],[-75.5956945969833,6.1548819958926]],[[-75.595818549645,6.15803860203244],[-75.59583822870745,6.157977465342635],[-75.5958382286141,6.1579774652886],[-75.5958185492211,6.15803860195132],[-75.5955735885246,6.15816820250741],[-75.59557358856296,6.158168202567039],[-75.595818549645,6.15803860203244]],[[-75.5957064871913,6.15838796510347],[-75.5956724304053,6.15833501987703],[-75.59564858037542,6.158290416078274],[-75.5956724301553,6.15833501981526],[-75.5957064870844,6.15838796553039],[-75.59572600200484,6.158421128229888],[-75.5957064871913,6.15838796510347]],[[-75.59579752452218,6.158548372022484],[-75.5958162854666,6.15857792289848],[-75.59583291837197,6.158605832368726],[-75.5958162857875,6.15857792293207],[-75.59579752452218,6.158548372022484]],[[-75.5957959218598,6.15865490274272],[-75.5958220894604,6.15864016615691],[-75.5958455166692,6.15862697228112],[-75.59584551647526,6.158626971955691],[-75.5958220894817,6.15864016608115],[-75.5957959215574,6.15865490273927],[-75.5957815417373,6.158664070817449],[-75.5957959218598,6.15865490274272]],[[-75.5957444016044,6.15868774962501],[-75.5957443411921,6.15868778781363],[-75.59571095861435,6.158709357525315],[-75.5957443414738,6.15868778799286],[-75.5957444016044,6.15868774962501]],[[-75.5956649635261,6.1587374230423],[-75.5956803942647,6.15872910525018],[-75.59568310138876,6.158727356302952],[-75.5956803946186,6.15872910493257],[-75.5956649633587,6.15873742265831],[-75.595629476289,6.158756551686547],[-75.5956649635261,6.1587374230423]],[[-75.59542467046383,6.158867123436192],[-75.5954374883393,6.15886003798225],[-75.59549497556,6.15882905142162],[-75.5955523031522,6.15879815028213],[-75.59557694495646,6.158784867617497],[-75.595552302944,6.15879815017974],[-75.5954949751575,6.15882905160243],[-75.5954374883692,6.15886003787073],[-75.59542467046383,6.158867123436192]],[[-75.5951066397484,6.15904146210472],[-75.5950551168752,6.1590692661381],[-75.5949686136049,6.1591159473662],[-75.5948856273942,6.159167004975849],[-75.594968613735,6.15911594768609],[-75.5950551172995,6.15906926644628],[-75.5951066399517,6.15904146252795],[-75.5951619366386,6.15901162211042],[-75.5952177527573,6.15898150179332],[-75.5952729012845,6.15895101727032],[-75.5952761290168,6.158949233054999],[-75.5952729008394,6.15895101748799],[-75.5952177523658,6.15898150180994],[-75.595161936444,6.15901162173305],[-75.5951066397484,6.15904146210472]],[[-75.5945386143329,6.15935748181761],[-75.5944781047137,6.15939117602382],[-75.59445199185794,6.159405382893964],[-75.5944781043775,6.15939117642975],[-75.5945386142261,6.15935748214534],[-75.5945954582556,6.15932672708989],[-75.5946519496661,6.1592958419596],[-75.5947091482461,6.15926431481473],[-75.59472860999588,6.159253587872376],[-75.5947091478115,6.1592643149952],[-75.5946519493824,6.15929584158159],[-75.5945954579275,6.15932672689895],[-75.5945386143329,6.15935748181761]],[[-75.59435917022341,6.15945653874825],[-75.5943141486997,6.15948151339006],[-75.59430197934103,6.159488264377751],[-75.594314148256,6.15948151370616],[-75.59435917022341,6.15945653874825]],[[-75.5942838345381,6.1594983356961],[-75.5942842132467,6.15949811405463],[-75.59428437931105,6.159498024518545],[-75.5942842132411,6.15949811398579],[-75.5942838341521,6.15949833548185],[-75.59428364211657,6.159498457823377],[-75.5942838345381,6.1594983356961]],[[-75.5942814302604,6.15950023784739],[-75.59428128769031,6.15950038714309],[-75.5942814302406,6.15950023812283],[-75.5942817436766,6.15949993079142],[-75.5942820688873,6.15949963517789],[-75.5942824031631,6.15949935128998],[-75.59428263640028,6.159499166888963],[-75.5942824031358,6.15949935096996],[-75.5942820689625,6.15949963498509],[-75.5942817437724,6.15949993061093],[-75.5942814302604,6.15950023784739]],[[-75.594280835067,6.15950088342997],[-75.59428098361016,6.159500716371283],[-75.5942808346773,6.15950088357994],[-75.594280554403,6.15950122118283],[-75.59428055423871,6.1595012213958835],[-75.594280835067,6.15950088342997]],[[-75.5942800296738,6.15950192526642],[-75.594280286071,6.1595015692837],[-75.59428055301586,6.159501222981684],[-75.5942802858067,6.15950156950329],[-75.5942800297868,6.15950192496877],[-75.59427998638276,6.159501990498127],[-75.5942800296738,6.15950192526642]],[[-75.59427955552364,6.159502665296723],[-75.5942795557955,6.15950266514377],[-75.59427962822446,6.15950254790993],[-75.59427955552364,6.159502665296723]],[[-75.5938128728965,6.15976050594039],[-75.5939373293922,6.15969279674708],[-75.59393889667177,6.159691944056792],[-75.5939373296925,6.15969279650246],[-75.5938128726014,6.15976050550346],[-75.59374808153194,6.15981718926859],[-75.5938128728965,6.15976050594039]],[[-75.59317733836747,6.160116632336541],[-75.5932191486005,6.16009617630623],[-75.5934253909576,6.15999070984974],[-75.5935401515838,6.15993117651917],[-75.59354384144692,6.159929262444809],[-75.5935401512677,6.15993117616112],[-75.5934253905918,6.15999070943319],[-75.5932191481824,6.16009617629197],[-75.59317733836747,6.160116632336541]],[[-75.5931607269527,6.160124759654676],[-75.5931550066745,6.16012755814215],[-75.5931422840584,6.16013536904278],[-75.5931550066097,6.16012755854472],[-75.5931607269527,6.160124759654676]],[[-75.5929619858949,6.16025149761665],[-75.592975010272,6.1602459148525],[-75.5929925944328,6.1602353060456405],[-75.5929750103427,6.1602459145987],[-75.5929619856694,6.16025149754248],[-75.59295501518156,6.160253552544374],[-75.5929619858949,6.16025149761665]],[[-75.59292741643381,6.160259864293898],[-75.592919930141,6.16026008228966],[-75.59291036597803,6.160259330130932],[-75.5929199298626,6.16026008264026],[-75.59292741643381,6.160259864293898]],[[-75.5928368816808,6.16021800090321],[-75.5928545334161,6.16023609852967],[-75.59287551307227,6.160248884497931],[-75.5928545336867,6.16023609822759],[-75.5928368817913,6.16021800077217],[-75.59283365508315,6.160213040465729],[-75.5928368816808,6.16021800090321]],[[-75.5928202833816,6.1602003341808],[-75.59282297566078,6.160199829253138],[-75.5928202836198,6.16020033380388],[-75.59281628979579,6.160201083122353],[-75.5928162898069,6.16020108315332],[-75.5928202833816,6.1602003341808]],[[-75.59280656671353,6.160173990842204],[-75.5927852268658,6.16011452918625],[-75.59267491641032,6.159926138682996],[-75.5927852266817,6.1601145292326],[-75.59280656671353,6.160173990842204]],[[-75.59252483658555,6.159669301942033],[-75.5924926051536,6.15961384121043],[-75.59246427015427,6.159564670965821],[-75.5924926050822,6.15961384137201],[-75.59252483658555,6.159669301942033]],[[-75.59242275382711,6.159494924664129],[-75.5924200895506,6.15949377605645],[-75.59241756817424,6.159493199763488],[-75.5924200892636,6.15949377623959],[-75.59242275382711,6.159494924664129]],[[-75.5922918946889,6.1595676959511],[-75.5924107140256,6.15949307970218],[-75.59241267488494,6.159492609279968],[-75.592410713834,6.15949307941553],[-75.5922918945697,6.15956769590369],[-75.59228825943205,6.159571340256407],[-75.5922918946889,6.1595676959511]],[[-75.59218590936469,6.159643045290405],[-75.592157879404,6.15965995436053],[-75.59215875836466,6.159663264745181],[-75.5921578795433,6.15965995441539],[-75.59218590936469,6.159643045290405]],[[-75.59218063888443,6.159723996309893],[-75.592175799419,6.15971498688036],[-75.5921662474169,6.1596920815916],[-75.5921636155123,6.15968156071109],[-75.59216216503441,6.159676096994263],[-75.5921636151471,6.15968156093906],[-75.5921662472109,6.15969208199922],[-75.5921757989973,6.15971498718602],[-75.59218063888443,6.159723996309893]],[[-75.59218230677924,6.159726688675243],[-75.592187331569,6.15973371342139],[-75.59219287228696,6.159739252028885],[-75.5921873320039,6.15973371298808],[-75.59218230677924,6.159726688675243]],[[-75.59223828012604,6.159851034708754],[-75.592265266708,6.15991244189453],[-75.59231376978684,6.1599973243727],[-75.5922652670745,6.15991244204351],[-75.59223828012604,6.159851034708754]],[[-75.59244486697199,6.1601916126417455],[-75.5924441158912,6.16019748651125],[-75.5924369138964,6.160202848409948],[-75.5924441159856,6.16019748684873],[-75.59244486697199,6.1601916126417455]],[[-75.59237927902844,6.160189393576761],[-75.5923746608484,6.16018692616347],[-75.59234832195885,6.160162185273187],[-75.5923746607595,6.1601869261671],[-75.59237927902844,6.160189393576761]],[[-75.5923222899697,6.16013773257731],[-75.59232229000682,6.1601377326121725],[-75.5923536411691,6.16010152077204],[-75.5923217858739,6.160069982633747],[-75.5923536407832,6.16010152062697],[-75.5923222899697,6.16013773257731]],[[-75.5920651885965,6.159881145170507],[-75.5921056720916,6.15990572057369],[-75.5921852949044,6.15995498867024],[-75.5922764092427,6.16002505754592],[-75.59229366312236,6.160042139699759],[-75.5922764094108,6.16002505736924],[-75.5921852950882,6.15995498875623],[-75.5921056720147,6.15990572020815],[-75.5920651885965,6.159881145170507]],[[-75.59205313194646,6.15979961937137],[-75.5920604014159,6.15978515586115],[-75.59205065547155,6.159778880185525],[-75.5920604013038,6.15978515587049],[-75.59205313194646,6.15979961937137]],[[-75.5920217765537,6.15982828415988],[-75.59201826557175,6.159835393541419],[-75.5920217768518,6.15982828382012],[-75.5920358263671,6.15980072123328],[-75.5920426822631,6.1597872708146],[-75.59204787290567,6.1597770884165355],[-75.5920478726127,6.15977708822788],[-75.5920426821469,6.15978727079033],[-75.5920358262047,6.15980072131102],[-75.5920217765537,6.15982828415988]],[[-75.5919879639664,6.15989675051675],[-75.59198166081308,6.15990951403059],[-75.5919879641419,6.1598967504064],[-75.5919940896203,6.15988434703283],[-75.5919992506131,6.15987389713104],[-75.5920055485099,6.15986114343759],[-75.59200640438038,6.159859410333986],[-75.592005548488,6.15986114326083],[-75.5919992503996,6.15987389713929],[-75.5919940895783,6.15988434674533],[-75.5919879639664,6.15989675051675]],[[-75.59194550596462,6.159982723152551],[-75.5919420052581,6.15998981094588],[-75.59194068479789,6.159992485413701],[-75.591942005535,6.15998981101197],[-75.59194550596462,6.159982723152551]],[[-75.59192705185555,6.160020089979203],[-75.591926020636,6.16002217792302],[-75.59191563199204,6.160042562749499],[-75.5919260205529,6.16002217818711],[-75.59192705185555,6.160020089979203]],[[-75.59191179775262,6.160050086002585],[-75.5919064310745,6.16006061549209],[-75.59190609684222,6.16006127138578],[-75.5919064309956,6.16006061570612],[-75.59191179775262,6.160050086002585]],[[-75.59189930027789,6.1600747445694415],[-75.5918966870487,6.16008005085924],[-75.59189140623101,6.160090777021567],[-75.5918966874091,6.16008005126925],[-75.59189930027789,6.1600747445694415]],[[-75.59188763082322,6.160098445284884],[-75.5918779284289,6.16011815171473],[-75.59186425013576,6.160146171333783],[-75.591877928729,6.16011815196592],[-75.59188763082322,6.160098445284884]],[[-75.5918526435949,6.16016994711722],[-75.5918574737927,6.16016005227875],[-75.59186412660277,6.160146424382162],[-75.5918574737899,6.16016005193512],[-75.5918526435486,6.16016994690289],[-75.59184860400654,6.16017778392713],[-75.5918526435949,6.16016994711722]],[[-75.5918002396181,6.16027473222963],[-75.5918045943205,6.16026564506847],[-75.59180784396078,6.160259006430867],[-75.5918045944607,6.16026564469131],[-75.5918002394282,6.16027473226936],[-75.59179855978658,6.160278237461681],[-75.5918002396181,6.16027473222963]],[[-75.5917690529317,6.16033859655897],[-75.5917816167574,6.16031359457384],[-75.59178429255756,6.16030801049201],[-75.591781616454,6.16031359494908],[-75.5917690526165,6.16033859628035],[-75.59176275615776,6.160351126708507],[-75.5917690529317,6.16033859655897]],[[-75.59176200978325,6.160352611989749],[-75.5917570574125,6.16036246691051],[-75.59175465003631,6.160367437191403],[-75.5917570576157,6.1603624669871],[-75.59176200978325,6.160352611989749]],[[-75.5917091251718,6.16045892483134],[-75.5917143022836,6.16044874155059],[-75.59171991101763,6.160437711005671],[-75.5917143020965,6.16044874127327],[-75.5917091251055,6.16045892471593],[-75.59170731482806,6.1604624854134515],[-75.5917091251718,6.16045892483134]],[[-75.5916607885567,6.16055473855884],[-75.59165800490257,6.160560352725565],[-75.5916607889691,6.16055473839806],[-75.5916690084037,6.16053831733053],[-75.5916727175671,6.16053090702962],[-75.5916848769775,6.16050661489313],[-75.59168614187901,6.160504127176081],[-75.5916848768811,6.16050661505609],[-75.5916727172854,6.16053090723495],[-75.5916690081416,6.16053831751481],[-75.5916607885567,6.16055473855884]],[[-75.5916242505253,6.16062867983649],[-75.5916368279714,6.16060306222014],[-75.59164965272645,6.160577196556406],[-75.5916368277932,6.16060306211781],[-75.5916242504809,6.16062867969339],[-75.59162213143117,6.160632996493035],[-75.5916242505253,6.16062867983649]],[[-75.5916081142937,6.16066154823081],[-75.5916131089918,6.16065137450757],[-75.59161581186834,6.160645869306623],[-75.5916131086764,6.16065137406171],[-75.5916081140434,6.16066154856919],[-75.59160592467856,6.160666007817449],[-75.5916081142937,6.16066154823081]],[[-75.591573595571,6.16073141885207],[-75.5915771905706,6.16072419870578],[-75.59157997805558,6.160718599392491],[-75.5915771904381,6.16072419877364],[-75.5915735953803,6.16073141881469],[-75.59156952696351,6.16073959225655],[-75.591573595571,6.16073141885207]],[[-75.59156116494843,6.160756611407458],[-75.5915604117052,6.16075816797632],[-75.59155897391464,6.16076113961503],[-75.5915604116752,6.16075816813298],[-75.59156116494843,6.160756611407458]],[[-75.5915158247244,6.1608486131783],[-75.5915098644025,6.1608614429488],[-75.5915036103315,6.16087490415981],[-75.59150289897603,6.160876435732562],[-75.591503610432,6.16087490425168],[-75.5915098647957,6.16086144288613],[-75.5915158247038,6.16084861331664],[-75.5915218931419,6.16083647315627],[-75.5915287528041,6.16082275063736],[-75.5915415839055,6.16079708077569],[-75.59154489881186,6.1607902295880175],[-75.5915415839152,6.16079708063574],[-75.5915287523796,6.16082275089649],[-75.5915218928441,6.1608364729016],[-75.5915158247244,6.1608486131783]],[[-75.59149606334519,6.16088956496301],[-75.5914930021263,6.16089500398363],[-75.5914897970933,6.1609007006433805],[-75.5914930025458,6.16089500396237],[-75.59149606334519,6.16088956496301]],[[-75.5914274511617,6.16096339964588],[-75.5914195558687,6.16096959973278],[-75.59141006413763,6.160977255384558],[-75.5914195562055,6.16096959978022],[-75.5914274514714,6.16096339974234],[-75.5914383521791,6.16095483817903],[-75.591440694355,6.16095299921431],[-75.591461628835,6.16093655832208],[-75.5914678438878,6.160929491397102],[-75.591461628465,6.16093655850254],[-75.5914406941256,6.16095299918307],[-75.5914383522177,6.16095483813138],[-75.5914274511617,6.16096339964588]],[[-75.5913476286622,6.16102761100033],[-75.5913339086928,6.16103867594804],[-75.59132866606099,6.161042871334886],[-75.5913339083783,6.16103867633295],[-75.591347628975,6.16102761094771],[-75.5913539026364,6.1610225508806],[-75.5913762794772,6.16100450318474],[-75.5913974668295,6.16098741615276],[-75.59139816948367,6.160986849358707],[-75.5913974671941,6.16098741582762],[-75.5913762795298,6.1610045031304],[-75.5913539024961,6.16102255054393],[-75.5913476286622,6.16102761100033]],[[-75.5912917636024,6.16107239957119],[-75.5913129630528,6.16105543634874],[-75.59131663135233,6.161052501366198],[-75.5913129626753,6.16105543636475],[-75.591291763333,6.16107239952072],[-75.59128233841797,6.161079941290515],[-75.5912917636024,6.16107239957119]],[[-75.59126584336848,6.161093140175101],[-75.5912622527776,6.1610960128974],[-75.59125622112164,6.161100839290631],[-75.5912622528839,6.16109601327579],[-75.59126584336848,6.161093140175101]],[[-75.5912290019842,6.1611227887814],[-75.5912403381301,6.16111362304697],[-75.59124250371588,6.16111187196814],[-75.5912403383762,6.16111362267577],[-75.5912290016373,6.16112278883444],[-75.5912170076481,6.161132487030941],[-75.5912290019842,6.1611227887814]],[[-75.59118064608579,6.161162000631828],[-75.5911711977437,6.16116968155294],[-75.59116595536216,6.161173943409848],[-75.5911711979876,6.16116968188221],[-75.59118064608579,6.161162000631828]],[[-75.59114771543973,6.161188658454392],[-75.5911468902305,6.16118932319167],[-75.59114603890538,6.161190008961094],[-75.5911468901137,6.1611893233019],[-75.59114771543973,6.161188658454392]],[[-75.5911193263243,6.16121152631646],[-75.59111932650093,6.161211526547654],[-75.59113741140683,6.161196958596462],[-75.5911193263243,6.16121152631646]],[[-75.5911217277276,6.16121466929157],[-75.59112100215643,6.161213719803169],[-75.591121727521,6.16121466922854],[-75.59112953557215,6.16122488735056],[-75.5911295358505,6.16122488712618],[-75.5911217277276,6.16121466929157]],[[-75.59102723346774,6.161250887437348],[-75.5910268923765,6.16122848768116],[-75.5910284666595,6.161200983844751],[-75.5910268922583,6.16122848783697],[-75.59102723346774,6.161250887437348]],[[-75.5969795848949,6.16185451983286],[-75.59694066056629,6.161826139504622],[-75.596979584949,6.16185452002943],[-75.59708055830762,6.1619164755413856],[-75.5969795848949,6.16185451983286]],[[-75.5968914574706,6.16177617218773],[-75.59688192098164,6.1617580340571365],[-75.5968914574954,6.16177617251509],[-75.59689692288374,6.161786566632325],[-75.5968914574706,6.16177617218773]],[[-75.596857014266,6.1616683513834],[-75.5968589852338,6.161655261688285],[-75.5968570139022,6.16166835142527],[-75.59686608540616,6.16172017736757],[-75.596857014266,6.1616683513834]],[[-75.5969807003314,6.16129983374676],[-75.5969521665441,6.16138545694587],[-75.5968744485389,6.16155259948581],[-75.59686823937587,6.16159382192734],[-75.596874448769,6.16155259959913],[-75.5969521665158,6.16138545731128],[-75.5969807006025,6.16129983418987],[-75.59697842865525,6.161252166264484],[-75.5969807003314,6.16129983374676]],[[-75.5969664218811,6.16113017320536],[-75.59694617653949,6.161093863337761],[-75.596966421545,6.1611301727847],[-75.59697010262617,6.161157156120326],[-75.5969664218811,6.16113017320536]],[[-75.59674579484609,6.1607408950647695],[-75.596745794749,6.16074089489515],[-75.5965853888769,6.16048787366483],[-75.59656905922833,6.160458937888169],[-75.5965853884715,6.16048787388304],[-75.59674579484609,6.1607408950647695]],[[-75.5965090794868,6.16035265385417],[-75.5965147009302,6.160362614990968],[-75.5965090796885,6.1603526541141],[-75.5964601188105,6.16026589298089],[-75.59637266796196,6.160114809474605],[-75.5964601185894,6.16026589273873],[-75.5965090794868,6.16035265385417]],[[-75.5963424862207,6.16000027037404],[-75.59634676976737,6.159933833835104],[-75.5963424858349,6.16000027046928],[-75.59636121206778,6.160078666759122],[-75.5963424862207,6.16000027037404]],[[-75.5963573407622,6.15984519019483],[-75.59636873662153,6.159769210850425],[-75.5963573404171,6.15984519038273],[-75.59635205149672,6.159880450847819],[-75.5963573407622,6.15984519019483]],[[-75.596407478947,6.15957641554629],[-75.59639123297077,6.159645240537056],[-75.5964074793315,6.15957641552442],[-75.5964170149482,6.15937719854628],[-75.59641067310513,6.1592863736618595],[-75.5964170147549,6.1593771988599],[-75.596407478947,6.15957641554629]],[[-75.5963217502088,6.15892619172865],[-75.59633394885589,6.158950586580514],[-75.596321750409,6.15892619203802],[-75.596300780137,6.15888125864946],[-75.59629326329102,6.158865153001687],[-75.5963007797394,6.1588812590057],[-75.5963217502088,6.15892619172865]],[[-75.5960312969276,6.15849253377495],[-75.5960934191167,6.1586471362317],[-75.5962012412198,6.15877080729609],[-75.59625626379794,6.158823826383179],[-75.5962012414136,6.15877080698755],[-75.596093419325,6.15864713607393],[-75.5960312972299,6.1584925342177],[-75.59603129638955,6.158470045731545],[-75.5960312969276,6.15849253377495]],[[-75.5960312906075,6.15835458429594],[-75.5960312960146,6.158461794666435],[-75.5960312909417,6.15835458385644],[-75.596027659053,6.15824675163957],[-75.59602678013015,6.158220647772831],[-75.5960276586923,6.15824675127765],[-75.5960312906075,6.15835458429594]],[[-75.5959883478778,6.15810652640804],[-75.59597020222223,6.158080992195011],[-75.5959883475683,6.15810652632483],[-75.59602329689302,6.158201163057245],[-75.5959883478778,6.15810652640804]],[[-75.5958576385124,6.15798870088803],[-75.59585061298881,6.157984634098621],[-75.5958576384933,6.15798870107947],[-75.59590049991372,6.158015686640927],[-75.5958576385124,6.15798870088803]],[[-75.58621735945016,6.1633419500496425],[-75.5861897960499,6.16334534587516],[-75.58607919081908,6.163358974828356],[-75.5861897962408,6.16334534615441],[-75.58621735945016,6.1633419500496425]],[[-75.5856099955177,6.16380789580413],[-75.58560830852429,6.163809590638472],[-75.5856099959556,6.163807896179],[-75.585724288412,6.16369318613226],[-75.5858219363466,6.16359720433625],[-75.58607803766569,6.163359116921759],[-75.5860780375437,6.16335911693679],[-75.585821935941,6.16359720468391],[-75.5857242881713,6.16369318586721],[-75.5856099955177,6.16380789580413]],[[-75.58556688917821,6.16385679035788],[-75.5855109769189,6.16392062119935],[-75.58542815582841,6.16401453318605],[-75.5855109772145,6.16392062130324],[-75.58556688917821,6.16385679035788]],[[-75.5853897845592,6.16397819636926],[-75.5854381916832,6.16393673323729],[-75.58547819714781,6.163908503278164],[-75.5854381918213,6.16393673311853],[-75.5853897843056,6.16397819630086],[-75.58536874579669,6.164001419306462],[-75.5853897845592,6.16397819636926]],[[-75.5852377816005,6.16420769262891],[-75.5852440931188,6.16415938992002],[-75.5852544334721,6.164145069423047],[-75.5852440928379,6.16415939014619],[-75.5852377812747,6.16420769283508],[-75.58524672539316,6.16423397334683],[-75.5852377816005,6.16420769262891]],[[-75.585249842954,6.16424313367881],[-75.58525891007017,6.16424200643994],[-75.58524984285161,6.164243133377943],[-75.585249842954,6.16424313367881]],[[-75.5853293756123,6.16429945181471],[-75.5852798779211,6.16425475105744],[-75.58527626424753,6.164251487625796],[-75.5852798781255,6.16425475140155],[-75.5853293752977,6.16429945212365],[-75.58535021862653,6.164318275066439],[-75.5853293756123,6.16429945181471]],[[-75.5853529788259,6.16436244235812],[-75.5853639822579,6.1643307049447],[-75.58535713574578,6.164324521890136],[-75.5853639819957,6.16433070511579],[-75.5853529785318,6.16436244217775],[-75.58532953414385,6.164430060463069],[-75.5853529788259,6.16436244235812]],[[-75.5852993897939,6.16453238868788],[-75.58532906633101,6.164431409728472],[-75.5853290662772,6.16443140988371],[-75.5852993895335,6.1645323888206],[-75.58529292388967,6.164556662638074],[-75.5852993897939,6.16453238868788]],[[-75.58528217524014,6.164611165439153],[-75.5852821697278,6.16461120226778],[-75.58528370976799,6.1646607003937],[-75.5852821698298,6.16461120187241],[-75.58528217524014,6.164611165439153]],[[-75.58535756391512,6.164917485674599],[-75.5853641571886,6.16490686119989],[-75.5853939814174,6.16485880021733],[-75.5853199305289,6.164778070334],[-75.58531697050144,6.164772730127363],[-75.5853199304108,6.16477807024464],[-75.5853939812346,6.16485880029155],[-75.5853641571671,6.16490686088119],[-75.58535756391512,6.164917485674599]],[[-75.5853025061512,6.16500420013144],[-75.5853337647148,6.16495583588212],[-75.58533489039553,6.1649540219664924],[-75.5853337644662,6.16495583602154],[-75.5853025057892,6.16500420026319],[-75.58528754673219,6.165028497665935],[-75.5853025061512,6.16500420013144]],[[-75.5852369296718,6.16511087719617],[-75.5852229941068,6.16513389825463],[-75.58522087133029,6.165137405462301],[-75.5852229945158,6.1651338979113],[-75.5852369299753,6.16511087719212],[-75.5852429766783,6.16510088944157],[-75.5852543382723,6.16508243465827],[-75.5852575245905,6.16507725953056],[-75.58526243481187,6.165069284502115],[-75.585257524448,6.16507725926831],[-75.5852543381237,6.16508243489853],[-75.585242976232,6.16510088943606],[-75.5852369296718,6.16511087719617]],[[-75.58521869131164,6.16514160979585],[-75.5852183040027,6.16514348768271],[-75.58519267476558,6.165183168584566],[-75.5852183041953,6.1651434876993],[-75.58521869131164,6.16514160979585]],[[-75.58396820075723,6.16446123210004],[-75.5835255034099,6.16417525019787],[-75.58349906105538,6.164216702978296],[-75.5835255037506,6.16417525055255],[-75.58396820075723,6.16446123210004]],[[-75.58347181935781,6.164251997900258],[-75.5834689391914,6.16425671358918],[-75.58346849033754,6.164257447854472],[-75.5834689395662,6.16425671321814],[-75.58347181935781,6.164251997900258]],[[-75.58346591257133,6.164256365702452],[-75.5834682778649,6.164257795317],[-75.58346827798032,6.164257795128241],[-75.58346591257133,6.164256365702452]],[[-75.5834402473397,6.16429309450904],[-75.5834451261781,6.16428500567145],[-75.58344959420609,6.164277597219474],[-75.5834451257516,6.16428500588671],[-75.5834402470013,6.16429309488634],[-75.5834362435187,6.164299733634558],[-75.5834402473397,6.16429309450904]],[[-75.5833997509482,6.16436024509966],[-75.58338350686013,6.164387181180106],[-75.5833997512986,6.16436024551513],[-75.5834033571558,6.1643542646875],[-75.5834140192167,6.16433658569563],[-75.5834170928783,6.16433149044209],[-75.58342324169519,6.164321295011003],[-75.5834170929248,6.16433149016936],[-75.5834140188899,6.16433658542595],[-75.5834033567858,6.16435426476022],[-75.5833997509482,6.16436024509966]],[[-75.58333179163171,6.164472931665245],[-75.5833301458868,6.16447566045793],[-75.58332914228016,6.164477324625323],[-75.5833301458263,6.16447566060706],[-75.58333179163171,6.164472931665245]],[[-75.58329497389008,6.164533981163318],[-75.5832947459764,6.16453435904529],[-75.58329472190522,6.16453439898131],[-75.5832947461506,6.16453435876826],[-75.58329497389008,6.164533981163318]],[[-75.58327424596582,6.164568353550939],[-75.5832663340606,6.16458147295625],[-75.58326328429432,6.1645865297021984],[-75.5832663343565,6.16458147285677],[-75.58327424596582,6.164568353550939]],[[-75.583186776064,6.1647133897864],[-75.5832028959299,6.1646866603199],[-75.58321180284005,6.164671891001218],[-75.5832028959335,6.16468666024902],[-75.5831867756657,6.1647133895626],[-75.58317660129022,6.164730259845519],[-75.583186776064,6.1647133897864]],[[-75.5831167519893,6.16482925765608],[-75.5831163046283,6.16482996054181],[-75.5831158824202,6.16483067950377],[-75.5831154862631,6.16483141275557],[-75.5831151143606,6.16483215761799],[-75.5831147694075,6.16483291766344],[-75.58311462416297,6.16483326748866],[-75.5831147696659,6.1648329174297],[-75.5831151143525,6.16483215803543],[-75.5831154861757,6.16483141302784],[-75.5831158824182,6.16483067970274],[-75.583116304894,6.16482996076683],[-75.5831167518019,6.16482925803314],[-75.5831172222361,6.16482857060028],[-75.5831177162017,6.16482790027614],[-75.5831351998519,6.16479891067904],[-75.58315416736701,6.1647674588431665],[-75.583135199792,6.16479891031743],[-75.5831177158817,6.1648279001131],[-75.5831172218083,6.16482857084649],[-75.5831167519893,6.16482925765608]],[[-75.5830337953941,6.164976558496322],[-75.5830275879092,6.16498736405601],[-75.5829339478931,6.16492965664398],[-75.5830275877195,6.16498736443718],[-75.5830337953941,6.164976558496322]],[[-75.5828220437871,6.16485884449235],[-75.5828632346029,6.16488494202192],[-75.5828948499194,6.1649051849546845],[-75.5828632348397,6.1648849419233],[-75.5828220434907,6.16485884405445],[-75.58279836652036,6.1648433647161704],[-75.5828220437871,6.16485884449235]],[[-75.5826903620638,6.164773616644197],[-75.582692434637,6.16477487670441],[-75.5826977560783,6.16477832745027],[-75.582744246532,6.16480847512336],[-75.58276333140273,6.164820628580076],[-75.5827442466922,6.16480847474417],[-75.5826977561813,6.16477832746333],[-75.5826924345615,6.16477487644581],[-75.5826903620638,6.164773616644197]],[[-75.58266438462253,6.164757826799008],[-75.5826427613196,6.1647446836139],[-75.58263847289902,6.16474207743802],[-75.5826427611886,6.16474468377683],[-75.58266438462253,6.164757826799008]],[[-75.5825598770309,6.16469491359899],[-75.5825753714217,6.16470421044174],[-75.58262927529738,6.164736550494072],[-75.5825753715036,6.16470421006912],[-75.5825598773616,6.16469491357671],[-75.58254483547724,6.164685889264361],[-75.5825598770309,6.16469491359899]],[[-75.5822768218088,6.16451577051992],[-75.58227010140956,6.164511495238448],[-75.5822768217196,6.16451577094791],[-75.58233729363,6.16455424442192],[-75.5824115079766,6.16460146194045],[-75.5825128682205,6.16466670997414],[-75.5825256620132,6.164674386465828],[-75.5825128685228,6.16466670972],[-75.582411508016,6.16460146189268],[-75.5823372936988,6.1645542443815],[-75.5822768218088,6.16451577051992]],[[-75.5822266801555,6.1644838690027],[-75.5822336192289,6.16448828423085],[-75.58226007557381,6.164505116505252],[-75.5822336191319,6.16448828382982],[-75.5822266805446,6.16448386913286],[-75.58221554983498,6.164476787599174],[-75.5822266801555,6.1644838690027]],[[-75.5821169511945,6.1644145459755],[-75.5821378439011,6.16442765766638],[-75.58214067398858,6.164429433803251],[-75.5821378443495,6.16442765788211],[-75.5821169513326,6.16441454597156],[-75.58210803601459,6.1644088349572534],[-75.5821169511945,6.1644145459755]],[[-75.58192504360876,6.164294484099628],[-75.5820114016635,6.16434693406574],[-75.5820273402753,6.16435714448105],[-75.5820402793678,6.164365432508],[-75.582043008145,6.164367180434512],[-75.5820402792248,6.16436543234746],[-75.5820273398915,6.16435714418293],[-75.5820114019817,6.16434693402141],[-75.58192504360876,6.164294484099628]],[[-75.5818987237634,6.1642788767095],[-75.58189889004265,6.164278599681592],[-75.581898889789,6.16427859952754],[-75.5818987236007,6.16427887639514],[-75.58189712114515,6.164281545273699],[-75.5818987237634,6.1642788767095]],[[-75.581895482998,6.16428172970894],[-75.5818957976621,6.16428249537739],[-75.58189593865384,6.164282875212559],[-75.5818957977878,6.16428249532269],[-75.5818954833774,6.16428172991774],[-75.58189530849342,6.164281344194601],[-75.581895482998,6.16428172970894]],[[-75.5818942099164,6.164279208284718],[-75.5818943838633,6.1642795063621],[-75.5818946181169,6.16427994231275],[-75.5818947751942,6.16428023475186],[-75.58189495521324,6.1642805987398],[-75.581894775505,6.16428023483267],[-75.5818946182998,6.16427994188887],[-75.5818943838395,6.16427950604565],[-75.5818942099164,6.164279208284718]],[[-75.5818925741903,6.16427674083785],[-75.581893061992,6.16427740839014],[-75.58189335058947,6.164277833420124],[-75.5818930624177,6.1642774081037],[-75.5818925746325,6.16427674094205],[-75.5818923719516,6.164276482769623],[-75.5818925741903,6.16427674083785]],[[-75.58188943608484,6.164273337656137],[-75.5818898089885,6.16427367428053],[-75.5818904031044,6.16427424842506],[-75.5818909774086,6.16427484341655],[-75.58189128245814,6.1642751812235295],[-75.581890977428,6.16427484305925],[-75.5818904034045,6.16427424824044],[-75.5818898087198,6.16427367396344],[-75.58188943608484,6.164273337656137]],[[-75.5818865593269,6.16427112615467],[-75.5818872434537,6.16427159066621],[-75.58188767249716,6.164271903588637],[-75.5818872431313,6.16427159031138],[-75.5818865595134,6.16427112588829],[-75.58188625507637,6.16427093472399],[-75.5818865593269,6.16427112615467]],[[-75.58181091760979,6.164224933788679],[-75.5817853858562,6.16420922453836],[-75.58172594791864,6.164171497679398],[-75.5817853856739,6.16420922479521],[-75.58181091760979,6.164224933788679]],[[-75.5816342201371,6.16411498255028],[-75.5816635038209,6.16413300529558],[-75.58166622582549,6.164134680661214],[-75.5816635042351,6.1641330055496],[-75.5816342200552,6.16411498235615],[-75.58160181268754,6.164095035722019],[-75.5816342201371,6.16411498255028]],[[-75.5815342578784,6.1640534564688],[-75.5815562346623,6.16406698275933],[-75.58157737835975,6.1640799964411235],[-75.5815562346104,6.16406698242708],[-75.5815342582253,6.16405345609912],[-75.58151887380382,6.164050534041546],[-75.5815342578784,6.1640534564688]],[[-75.5813532144579,6.16401940761958],[-75.5813442807124,6.16401776427555],[-75.58130163842985,6.164009921417829],[-75.5813442807236,6.16401776454421],[-75.5813532143688,6.16401940804699],[-75.5814041748181,6.16402878114359],[-75.5814099420148,6.1640298414864],[-75.5814155168268,6.16403090056405],[-75.58150553665536,6.164048000536132],[-75.5814155171144,6.16403090031018],[-75.5814099421697,6.1640298410678],[-75.5814041749856,6.16402878093231],[-75.5813532144579,6.16401940761958]],[[-75.5811992461206,6.16399180343196],[-75.5812557648105,6.16400148357734],[-75.58127104160972,6.164004293603228],[-75.5812557652159,6.16400148355878],[-75.5811992459131,6.16399180301167],[-75.58099592445477,6.163962814548082],[-75.5811992461206,6.16399180343196]],[[-75.58042410679047,6.157561788122092],[-75.5804541158428,6.15762771024744],[-75.58045733062072,6.15763949416779],[-75.580454115826,6.15762771007919],[-75.58042410679047,6.157561788122092]],[[-75.580282070399,6.15731516989742],[-75.5802820223786,6.157315171055314],[-75.5802820704996,6.15731517004453],[-75.58028746149829,6.15731502235933],[-75.580282070399,6.15731516989742]],[[-75.5800168030395,6.15732242811742],[-75.5799963578795,6.157322472114881],[-75.5800168033861,6.15732242853666],[-75.58018496395455,6.15731782665219],[-75.5800168030395,6.15732242811742]],[[-75.5798875179822,6.1573227080729],[-75.57988751286851,6.1573227080873],[-75.5798875178504,6.1573227080873],[-75.57989689346077,6.157322687737495],[-75.5798875179822,6.1573227080729]],[[-75.5797374857232,6.15732303318774],[-75.57976094881843,6.15732298220466],[-75.5797374859255,6.15732303284636],[-75.5797228318005,6.15732306506181],[-75.5796021684385,6.157322696161193],[-75.579722831506,6.1573230653405],[-75.5797374857232,6.15732303318774]],[[-75.5794045087659,6.15732208992569],[-75.57936355744629,6.157322253003727],[-75.5794045089935,6.15732209003927],[-75.57940472678256,6.157322090513601],[-75.5794045087659,6.15732208992569]],[[-75.5808742900682,6.15823830493912],[-75.5808299902947,6.158245624374],[-75.58081338329659,6.158245197816099],[-75.5808299907206,6.15824562450768],[-75.58087429013773,6.158238305312209],[-75.5808742900682,6.15823830493912]],[[-75.5805301107834,6.15791189507028],[-75.58050906352369,6.157832279904342],[-75.5805301106209,6.15791189511143],[-75.5805434770245,6.1579446909480415],[-75.5805301107834,6.15791189507028]],[[-75.58140312634848,6.160203568941473],[-75.5813771250362,6.16022035465303],[-75.5811414959151,6.15936956314602],[-75.5809531069821,6.15866118617673],[-75.58089455054424,6.158347009717872],[-75.580953106627,6.15866118591428],[-75.5811414959184,6.15936956318157],[-75.5813771249158,6.16022035505797],[-75.58140312634848,6.160203568941473]],[[-75.5821772504691,6.15914483689357],[-75.582207879704,6.15913412881343],[-75.58258455660815,6.159012165986593],[-75.5822078797531,6.15913412858361],[-75.5821772504691,6.15914483689357]],[[-75.58210155570995,6.1591754021431795],[-75.5820770736969,6.1591871151391],[-75.58207707353058,6.159187115432311],[-75.58210155570995,6.1591754021431795]],[[-75.58205151331784,6.15923217819697],[-75.5820428321478,6.15924748313697],[-75.5819773459322,6.15941413266663],[-75.58190728988563,6.159613743537612],[-75.581977345951,6.15941413302511],[-75.5820428322369,6.15924748307156],[-75.58205151331784,6.15923217819697]],[[-75.58184428705165,6.159703986399272],[-75.5818024189818,6.15975329401999],[-75.5817136093316,6.15978415883678],[-75.58170920600192,6.159804118851551],[-75.5817136095667,6.15978415912932],[-75.5818024188123,6.1597532943805],[-75.58184428705165,6.159703986399272]],[[-75.58148325027946,6.160161704747099],[-75.5817293076263,6.16003806846476],[-75.58172357217306,6.160008507003836],[-75.5817293072137,6.16003806812758],[-75.58148325027946,6.160161704747099]],[[-75.5693379617838,6.167131810930934],[-75.5693481110346,6.16710962400307],[-75.5693667986875,6.16706876749174],[-75.56936679849984,6.167068767515459],[-75.5693481107254,6.16710962363088],[-75.5693379617838,6.167131810930934]],[[-75.5693508508673,6.16707078350591],[-75.5693597026356,6.16706966441642],[-75.5693508508962,6.16707078325597],[-75.56927737675156,6.1670323604341],[-75.5693508508673,6.16707078350591]],[[-75.5691769813113,6.16701901673971],[-75.5692121962909,6.167021921310764],[-75.5691769810746,6.16701901642813],[-75.56917388829986,6.167016683364569],[-75.5691769813113,6.16701901673971]],[[-75.56910059536506,6.166981755640939],[-75.5691034694568,6.16697483524182],[-75.56915565961145,6.1669865590294055],[-75.5691556595614,6.16698655877987],[-75.56910346924,6.16697483483606],[-75.56910059536506,6.166981755640939]],[[-75.5688716239466,6.16700018148961],[-75.56887162391331,6.167000181494395],[-75.5689391744285,6.16700630203175],[-75.5690163605506,6.16700556979244],[-75.56903599306025,6.167001274813846],[-75.5690163605052,6.16700556966286],[-75.5689391745611,6.16700630201856],[-75.5688716239466,6.16700018148961]],[[-75.5686889318293,6.16702643951151],[-75.5688391664843,6.167004846473628],[-75.5686889317707,6.16702643912099],[-75.56864497298386,6.167042269939579],[-75.5686889318293,6.16702643951151]],[[-75.5675253921313,6.167323240781023],[-75.5675810427141,6.16734118439596],[-75.5677256758883,6.16727666530374],[-75.56796192819276,6.16722608789216],[-75.567725675478,6.16727666535151],[-75.567581043124,6.1673411840669],[-75.5675253921313,6.167323240781023]],[[-75.5667767059917,6.1675057237248],[-75.56667067647325,6.167533487958414],[-75.5667767061691,6.16750572398376],[-75.5669919610511,6.16744751617337],[-75.5671879539661,6.16738022939898],[-75.56724095212113,6.167362785027504],[-75.5671879538304,6.1673802293178],[-75.5669919611984,6.16744751578702],[-75.5667767059917,6.1675057237248]],[[-75.5664176214277,6.16756040418862],[-75.56644484302751,6.167565467936826],[-75.5664176215248,6.16756040384885],[-75.56636495732215,6.167544682411643],[-75.5664176214277,6.16756040418862]],[[-75.5658414924073,6.16731883651385],[-75.5656615140418,6.16724955391335],[-75.5655023234688,6.167192164400634],[-75.5656615136101,6.16724955434263],[-75.5658414925679,6.16731883674286],[-75.5660806885439,6.16742594091466],[-75.5661974796809,6.16747895208854],[-75.56625786649502,6.167504873053861],[-75.566197479483,6.16747895168242],[-75.5660806886146,6.16742594078378],[-75.5658414924073,6.16731883651385]],[[-75.56498142799768,6.167036982294813],[-75.5649835743195,6.16702766654723],[-75.565306624169,6.16712216987241],[-75.56539945177352,6.167155325464481],[-75.565306623809,6.1671221696111],[-75.5649835743615,6.16702766626333],[-75.56498142799768,6.167036982294813]],[[-75.564743856233,6.16716970930874],[-75.5645793252971,6.16721250476796],[-75.56456480098147,6.167207990949522],[-75.5645793249061,6.16721250515371],[-75.5647438563503,6.16716970957938],[-75.5647860134695,6.16710967709005],[-75.5649505648147,6.16705103580508],[-75.5649786901393,6.16704886550696],[-75.5649786901909,6.1670488652829745],[-75.564950564868,6.16705103555409],[-75.5647860132709,6.16710967669693],[-75.564743856233,6.16716970930874]],[[-75.5642062971804,6.16723422714405],[-75.56418779908196,6.167235984463248],[-75.564206297226,6.16723422715484],[-75.5643396327927,6.16721673214773],[-75.5644908863625,6.16718956077381],[-75.56449866638454,6.167186997141167],[-75.5644908861574,6.1671895606077],[-75.5643396332197,6.16721673188775],[-75.5642062971804,6.16723422714405]],[[-75.5639548544691,6.16724727331294],[-75.56400108829875,6.167246260150703],[-75.5639548542408,6.16724727289427],[-75.56391930509747,6.16724462192558],[-75.5639548544691,6.16724727331294]],[[-75.5637005074993,6.16724754538473],[-75.5637413559955,6.167248495017286],[-75.5637005079462,6.16724754529475],[-75.56369096798844,6.167247817018305],[-75.5637005074993,6.16724754538473]],[[-75.5799483399871,6.165868996924251],[-75.5799665651038,6.1658683379087],[-75.579988290859,6.16586899703026],[-75.5800473146647,6.16586832272569],[-75.5800944935601,6.1658677829717154],[-75.5800473147266,6.16586832231891],[-75.5799882905843,6.16586899677048],[-75.5799665649199,6.16586833757205],[-75.5799483399871,6.165868996924251]],[[-75.57987093359503,6.16587122078427],[-75.5798709339687,6.16587124495119],[-75.57986078936814,6.1658713804500715],[-75.5798709340519,6.16587124500986],[-75.57987093359503,6.16587122078427]],[[-75.5796919671895,6.16587434681088],[-75.5797363897786,6.16587340635698],[-75.5797363887353,6.165873489335193],[-75.5797363900723,6.16587340596554],[-75.5796919669285,6.16587434656855],[-75.57969102241151,6.165873899913279],[-75.5796919671895,6.16587434681088]],[[-75.57968395327399,6.165861809417005],[-75.579683885148,6.16586089222546],[-75.57968803876122,6.165838042419968],[-75.5796838850469,6.16586089197855],[-75.57968395327399,6.165861809417005]],[[-75.5797432103374,6.1657282173029975],[-75.5797432115848,6.165728167385],[-75.5797432114483,6.165728167530646],[-75.5797432103374,6.1657282173029975]],[[-75.5797432082403,6.16572831126052],[-75.57976780065073,6.165699998778201],[-75.57974320824877,6.165728310881068],[-75.5797432082403,6.16572831126052]],[[-75.5797983169393,6.16566409503286],[-75.57976782813493,6.1656999671364945],[-75.5797678283233,6.16569996691963],[-75.5797983169953,6.16566409503828],[-75.57979881066524,6.165663278426159],[-75.5797983169393,6.16566409503286]],[[-75.5798326073411,6.165609670402193],[-75.5798327938196,6.16560979555576],[-75.57982938572275,6.165494729715364],[-75.5798327933816,6.16560979518199],[-75.5798326073411,6.165609670402193]],[[-75.5796374134006,6.16529213585235],[-75.5796480171142,6.16530406435775],[-75.57967680765888,6.1653303315126236],[-75.5796480172846,6.16530406413785],[-75.5796374135575,6.16529213555132],[-75.5795451354408,6.165188337310965],[-75.5796374134006,6.16529213585235]],[[-75.5794585081446,6.1650750044347005],[-75.5794497789952,6.16506293401691],[-75.57944840532225,6.1650610345336165],[-75.5794497786939,6.16506293362375],[-75.5794585081446,6.1650750044347005]],[[-75.5791896594467,6.164712377941351],[-75.5791804127071,6.16470001488268],[-75.57917716766347,6.164695675811285],[-75.5791804125678,6.16470001508166],[-75.5791896594467,6.164712377941351]],[[-75.57916095276154,6.164673996150632],[-75.5791522534112,6.16466236476755],[-75.57914431917997,6.164651756473926],[-75.5791522530785,6.16466236468793],[-75.57916095276154,6.164673996150632]],[[-75.5789126598159,6.16434202542727],[-75.57905813165246,6.164536522672431],[-75.5789126602431,6.16434202568817],[-75.5789133688242,6.16431553587289],[-75.5789133685856,6.164315535488395],[-75.5789126598159,6.16434202542727]],[[-75.57886285224593,6.164234127693187],[-75.57886278169,6.16423401376649],[-75.57869905292353,6.1640098986836795],[-75.578862781758,6.16423401401635],[-75.57886285224593,6.164234127693187]],[[-75.5785531869239,6.16382499023329],[-75.5785250558465,6.16380425983212],[-75.57850486726142,6.1637924977132155],[-75.5785250556354,6.163804259904],[-75.5785531869239,6.16382499023329]],[[-75.5780145358729,6.16358905851383],[-75.5780195808115,6.16357893586355],[-75.578161453541,6.1636261016605],[-75.57826483691885,6.163675432421901],[-75.5781614538162,6.16362610157812],[-75.5780195804895,6.16357893549133],[-75.57801453577515,6.163589058462821],[-75.5780145358729,6.16358905851383]],[[-75.5774540859503,6.16331628812114],[-75.57788907262507,6.16352358546625],[-75.577889072616,6.16352358546152],[-75.5774540860511,6.16331628770179],[-75.57733179508271,6.163174266858476],[-75.5774540859503,6.16331628812114]],[[-75.57708251496473,6.162847315990436],[-75.5770821218623,6.16284672252683],[-75.57708868044861,6.162843732976179],[-75.5770821214389,6.16284672227674],[-75.57708251496473,6.162847315990436]],[[-75.5770831742644,6.16282495595793],[-75.57709693609404,6.16283996986795],[-75.5770969361183,6.16283996985689],[-75.5770831743838,6.16282495581994],[-75.57701053113306,6.162745700564489],[-75.5770831742644,6.16282495595793]],[[-75.5769844539063,6.16271724968651],[-75.57698445403734,6.162717249829478],[-75.5768596268704,6.16242484810067],[-75.57686164258914,6.162420297493796],[-75.5768596267093,6.16242484797085],[-75.5769844539063,6.16271724968651]],[[-75.5764816214364,6.16178081765342],[-75.5764744949341,6.1617694523046],[-75.57638226981688,6.161628440586809],[-75.5764744946925,6.16176945231121],[-75.5764816210277,6.1617808173336],[-75.5767363958187,6.162217216147],[-75.5768174552983,6.16235976241653],[-75.5768380446846,6.16234536882111],[-75.57685444959913,6.162382890618476],[-75.5768380449351,6.16234536841806],[-75.5768174554184,6.16235976222426],[-75.5767363961576,6.16221721594638],[-75.5764816214364,6.16178081765342]],[[-75.5761992230648,6.161349236539985],[-75.5761486321469,6.16127291328566],[-75.57592163945208,6.16093046542713],[-75.5761486317215,6.16127291357528],[-75.5761992230648,6.161349236539985]],[[-75.57589271030041,6.160887446638191],[-75.5758088173125,6.16077985810579],[-75.57575331696019,6.160716901769452],[-75.5758088170159,6.16077985846409],[-75.57589271030041,6.160887446638191]],[[-75.5756083139428,6.16054795793416],[-75.57571430370518,6.160671702614523],[-75.5756083143618,6.16054795788455],[-75.57553813930993,6.160469167014246],[-75.5755381393494,6.16046916710485],[-75.5756083139428,6.16054795793416]],[[-75.5755189101637,6.16042502715842],[-75.57551891007527,6.160425027088654],[-75.5755288196099,6.1604477740221055],[-75.5755189101637,6.16042502715842]],[[-75.57551107104733,6.160418842078123],[-75.575467755676,6.16038466615349],[-75.57538233150503,6.160277687326294],[-75.5754677554486,6.16038466649737],[-75.57551107104733,6.160418842078123]],[[-75.5753153766589,6.160186546050867],[-75.5752873595255,6.16014778629443],[-75.57525923262433,6.160108332108942],[-75.5752873593665,6.16014778660471],[-75.5753153766589,6.160186546050867]],[[-75.5751609071172,6.1599765712083],[-75.5752379690938,6.16004768031307],[-75.5752282924416,6.16006493108861],[-75.57522829248308,6.1600649311468],[-75.5752379695302,6.16004768022693],[-75.5751609075032,6.15997657137335],[-75.57515146839897,6.159968435563684],[-75.5751609071172,6.1599765712083]],[[-75.57506527650426,6.159897509889294],[-75.575051057837,6.15988680007852],[-75.57503820833114,6.159878127960474],[-75.575051057531,6.15988680016991],[-75.57506527650426,6.159897509889294]],[[-75.5750114472168,6.15987478490925],[-75.57501482924934,6.159862349442652],[-75.5750148290458,6.15986234930528],[-75.5750114471179,6.15987478465027],[-75.5750046862146,6.159899645766915],[-75.5750114472168,6.15987478490925]],[[-75.57490725965451,6.159854568316427],[-75.575002694931,6.1599069679089],[-75.57500269501051,6.159906967616547],[-75.57490725965451,6.159854568316427]],[[-75.5747635685124,6.15972691449071],[-75.5747504523649,6.15972144527973],[-75.57473562032538,6.159715260265904],[-75.5747504524908,6.15972144540176],[-75.5747635687923,6.15972691492365],[-75.5747826570938,6.15973487448906],[-75.5747817264391,6.15973871672985],[-75.5747768872147,6.1597587094212],[-75.57477354338336,6.159772523994986],[-75.5747768875882,6.1597587091954],[-75.5747817268736,6.15973871716351],[-75.574782657233,6.15973487452453],[-75.5747635685124,6.15972691449071]],[[-75.57470622584901,6.15970189308215],[-75.5747059939691,6.1597029058299],[-75.57470599403312,6.159702905856596],[-75.57470622584901,6.15970189308215]],[[-75.5746987146885,6.15973271103617],[-75.5746983688185,6.159734001778502],[-75.574698369069,6.15973400190204],[-75.5746987149204,6.15973271133069],[-75.5747037391977,6.15971195501304],[-75.5747048611935,6.15970731878036],[-75.57470710479126,6.159698053094016],[-75.5747071093418,6.15969803321327],[-75.5747048611198,6.15970731868642],[-75.5747037387961,6.15971195463826],[-75.5746987146885,6.15973271103617]],[[-75.5744633877569,6.15965891029262],[-75.57447857191612,6.159625604755128],[-75.5744785718763,6.15962560473549],[-75.5744633876703,6.159658910416],[-75.57446394161482,6.159659180054291],[-75.5744633877569,6.15965891029262]],[[-75.57446263003527,6.159663168309326],[-75.5744641872576,6.1596592996969],[-75.574464187159,6.1596592996488715],[-75.57446263003527,6.159663168309326]],[[-75.57446124881352,6.159666603991016],[-75.5744612209816,6.1596666733893],[-75.57445995428033,6.159669837374968],[-75.5744612210205,6.15966667337063],[-75.57446124881352,6.159666603991016]],[[-75.57438374304142,6.159739448154955],[-75.5742755771401,6.15970710605871],[-75.57427187696034,6.159705999200153],[-75.5742755769805,6.15970710621566],[-75.57438374304142,6.159739448154955]],[[-75.57422117621108,6.159690839076834],[-75.5742158729954,6.15968925311852],[-75.57420129303121,6.159684893628827],[-75.5742158731501,6.15968925345954],[-75.57422117621108,6.159690839076834]],[[-75.5740201949284,6.1596345394785],[-75.5740585835337,6.15964350381552],[-75.57406872281975,6.159646340180854],[-75.5740585837375,6.15964350381747],[-75.5740201945768,6.15963453936461],[-75.57400984613149,6.159632122841554],[-75.5740201949284,6.1596345394785]],[[-75.5739199995365,6.15961277749358],[-75.5739795901792,6.15962529023311],[-75.57398680423668,6.159626804749345],[-75.5739795899881,6.15962529004847],[-75.5739199992593,6.15961277735753],[-75.57391982154914,6.159612744453615],[-75.5739199995365,6.15961277749358]],[[-75.57383928458881,6.15959873803291],[-75.5738303042837,6.15959707495977],[-75.57382024004599,6.159594992307553],[-75.573830304552,6.15959707538941],[-75.57383928458881,6.15959873803291]],[[-75.5737720022009,6.1595816553143745],[-75.5737682558214,6.1595806396233],[-75.573762956847,6.159579203157765],[-75.5737682561187,6.15958064002568],[-75.5737720022009,6.1595816553143745]],[[-75.57365110427182,6.159563016967917],[-75.5736516404218,6.15956308021171],[-75.5736517868472,6.1595630980743],[-75.5736859425909,6.15956711804903],[-75.57369510357687,6.159568491737178],[-75.5736859424347,6.15956711763963],[-75.5736517868454,6.15956309770467],[-75.5736516404786,6.15956308003596],[-75.57365110427182,6.159563016967917]],[[-75.5736353521691,6.15956116355632],[-75.5736371191552,6.15956137076232],[-75.57364368233726,6.159562143279121],[-75.5736371195638,6.15956137069499],[-75.5736353523361,6.15956116322073],[-75.57361625517895,6.159558915883193],[-75.5736353521691,6.15956116355632]],[[-75.57345092047247,6.1595437799188835],[-75.5734361618059,6.15954335156669],[-75.57343213659017,6.159543234656284],[-75.5734361615346,6.15954335187924],[-75.57345092047247,6.1595437799188835]],[[-75.5731957107238,6.15951103937057],[-75.57319571065706,6.159511039394826],[-75.5732436724866,6.159518165602994],[-75.5731957107238,6.15951103937057]],[[-75.57314680551472,6.1595288147188425],[-75.5731447104863,6.15952957618905],[-75.5731362313613,6.159528532487014],[-75.5731447103272,6.15952957625294],[-75.57314680551472,6.1595288147188425]],[[-75.57308454398509,6.159520762879033],[-75.573086402754,6.15950851283995],[-75.573086402469,6.159508512754726],[-75.5730845438644,6.15952076285284],[-75.57308454398509,6.159520762879033]],[[-75.5729326470615,6.15936569486146],[-75.57292865215929,6.159359699104521],[-75.5729326468347,6.15936569503735],[-75.5729689917728,6.15942584195279],[-75.5729762178209,6.15943203134008],[-75.572980993265,6.15943612187306],[-75.57298978211054,6.159443649453263],[-75.5729809934207,6.15943612169351],[-75.5729762176252,6.15943203109517],[-75.5729689919146,6.15942584203767],[-75.5729326470615,6.15936569486146]],[[-75.5729099209503,6.15932859759689],[-75.57290852865356,6.15932734167855],[-75.57290992111758,6.159328597881949],[-75.5729099209503,6.15932859759689]],[[-75.5728640874122,6.15928239640684],[-75.5729045340579,6.15932350002152],[-75.57290603703106,6.159325027082595],[-75.5729045344886,6.15932349988784],[-75.5728640873515,6.15928239622031],[-75.5728611675191,6.159280254272199],[-75.5728640874122,6.15928239640684]],[[-75.5727761435088,6.15920658608423],[-75.57277614347583,6.159206586072274],[-75.57277830493076,6.159209462430359],[-75.5727761435088,6.15920658608423]],[[-75.57269196630693,6.159179365198763],[-75.5726920627303,6.15917937566918],[-75.5726989384355,6.15918012143265],[-75.5727049769108,6.15918077609688],[-75.57274995492577,6.159197088130104],[-75.5727049773208,6.15918077586044],[-75.5726989385441,6.15918012114271],[-75.5726920631564,6.15917937566173],[-75.57269196630693,6.159179365198763]],[[-75.5725902702052,6.15919636166704],[-75.5725762711809,6.15919588564355],[-75.5725605015941,6.15919949777907],[-75.5725224537021,6.15922243126577],[-75.57251001132883,6.159225989415152],[-75.5725224536181,6.15922243167365],[-75.572560501762,6.15919949788545],[-75.5725762707885,6.15919588606824],[-75.5725902701338,6.15919636210647],[-75.5726180891616,6.15919417393827],[-75.5726483309456,6.1591865314259],[-75.5726807745004,6.15917815297434],[-75.57268517929126,6.159178629820444],[-75.5726807743327,6.15917815260349],[-75.5726483306826,6.15918653106254],[-75.5726180887647,6.15919417385149],[-75.5725902702052,6.15919636166704]],[[-75.57248262215022,6.159227271471181],[-75.5724695023954,6.15922638444077],[-75.57245690666096,6.159219082683345],[-75.5724695024237,6.15922638466622],[-75.57248262215022,6.159227271471181]],[[-75.5724512459622,6.15921580107776],[-75.57245124620508,6.159215801218559],[-75.5724464550319,6.15920971488171],[-75.57243646709219,6.159197029492688],[-75.5724464552468,6.159209715291],[-75.5724512459622,6.15921580107776]],[[-75.5723357290873,6.159084973260899],[-75.5723553427207,6.15910646589797],[-75.5723558565571,6.15910702946301],[-75.5723563057147,6.15910752247076],[-75.57237696825631,6.159130466316433],[-75.5723563059062,6.15910752237297],[-75.5723558565425,6.15910702916483],[-75.5723553428554,6.15910646562789],[-75.5723357290873,6.159084973260899]],[[-75.5722791883842,6.15904999335691],[-75.5722586421712,6.15903339361483],[-75.57225820731306,6.159033041768995],[-75.5722586417753,6.15903339356704],[-75.5722791880425,6.15904999328364],[-75.5723046364162,6.1590648138846],[-75.5723141316088,6.1590700288712],[-75.57233008906175,6.159078793035952],[-75.5723300889271,6.15907879288841],[-75.5723141311756,6.15907002849201],[-75.572304636671,6.15906481392343],[-75.5722791883842,6.15904999335691]],[[-75.57225742294754,6.159032407925266],[-75.5722549976775,6.15903044877396],[-75.57225252758194,6.1590282083906285],[-75.5722549973102,6.15903044891694],[-75.57225742294754,6.159032407925266]],[[-75.5722489938692,6.15902500350241],[-75.5722506782104,6.15902653164809],[-75.57225077379802,6.159026617739471],[-75.5722506784874,6.15902653135218],[-75.5722489942751,6.15902500385522],[-75.57224894867659,6.159024962505282],[-75.5722489938692,6.15902500350241]],[[-75.5722364632693,6.15901363931411],[-75.572245007146,6.15902138811149],[-75.57224507657492,6.159021451061252],[-75.5722450074015,6.15902138832959],[-75.5722364631933,6.15901363909832],[-75.57223616615045,6.159013369800509],[-75.5722364632693,6.15901363931411]],[[-75.57230014474735,6.1589252747729555],[-75.5722352128144,6.15901250503877],[-75.57223521292174,6.159012505136138],[-75.57230014474735,6.1589252747729555]],[[-75.57235041304995,6.158877764772737],[-75.5723382271196,6.15887411449934],[-75.57233822685063,6.158874114860669],[-75.57235041304995,6.158877764772737]],[[-75.57238535662167,6.158881648727924],[-75.5723948824007,6.15888191546544],[-75.57240123777098,6.158880818372072],[-75.572394882068,6.15888191510031],[-75.57238535662167,6.158881648727924]],[[-75.5724498041661,6.15886164818488],[-75.5724298238376,6.15887366257536],[-75.57241811707128,6.158876762370573],[-75.5724298237219,6.15887366290853],[-75.5724498039643,6.15886164840206],[-75.57245006194366,6.158861381720029],[-75.5724498041661,6.15886164818488]],[[-75.572483123744,6.158816894826831],[-75.5724862164139,6.15881104199366],[-75.57249014231238,6.158804393016862],[-75.5724862164778,6.15881104162581],[-75.572483123744,6.158816894826831]],[[-75.57258699055835,6.1586828286866],[-75.5725883729597,6.15868191578596],[-75.57259474466126,6.1586777084479385],[-75.572588372892,6.15868191547905],[-75.57258699055835,6.1586828286866]],[[-75.572697552335,6.15863570846527],[-75.57268129193,6.15864003479092],[-75.5726784065413,6.15864101187603],[-75.57267052504558,6.158643680204546],[-75.5726784061688,6.15864101228552],[-75.5726812918445,6.15864003515064],[-75.57269755249608,6.158635708429461],[-75.572697552335,6.15863570846527]],[[-75.5727057189192,6.15863389273034],[-75.5727041172231,6.15863424908955],[-75.57269791126511,6.1586356286750465],[-75.5727041173936,6.1586342490984],[-75.5727057186606,6.15863389296933],[-75.57270576091268,6.158633883783662],[-75.5727057189192,6.15863389273034]],[[-75.57270585415728,6.158633863114822],[-75.5727060273604,6.15863382430698],[-75.57270622605478,6.158633779989286],[-75.5727060270413,6.15863382395927],[-75.57270585415728,6.158633863114822]],[[-75.57270629263523,6.158633765225477],[-75.572706683574,6.15863367873786],[-75.57271859323524,6.158607569999604],[-75.5727066837098,6.15863367837894],[-75.57270629263523,6.158633765225477]],[[-75.57275815457137,6.158405249820503],[-75.5727356088278,6.15838239292271],[-75.57269121198303,6.158338696030277],[-75.5727356085637,6.15838239328462],[-75.57275815457137,6.158405249820503]],[[-75.57255573729076,6.158208411119983],[-75.5725317603495,6.15818421182792],[-75.57253162515973,6.1581840743715786],[-75.5725317601644,6.15818421189112],[-75.57255573729076,6.158208411119983]],[[-75.57239981676514,6.158056016177974],[-75.5723997415005,6.15805594520376],[-75.57239967918304,6.158055885453503],[-75.5723997410553,6.15805594478468],[-75.57239981676514,6.158056016177974]],[[-75.57239148686294,6.158048030397066],[-75.5723893241491,6.15804595668137],[-75.57238501500647,6.158042170454283],[-75.5723893241913,6.1580459568918],[-75.57239148686294,6.158048030397066]],[[-75.57227564829694,6.157937972856228],[-75.5722406521279,6.15790179528276],[-75.57223981481332,6.157900929514429],[-75.5722406521135,6.1579017955743],[-75.57227564829694,6.157937972856228]],[[-75.57218777167898,6.157850864563405],[-75.5721425136408,6.15780733856351],[-75.57214007376143,6.157804991998134],[-75.5721425138636,6.15780733881359],[-75.57218777167898,6.157850864563405]],[[-75.5720468742885,6.157714421682047],[-75.5720160482803,6.15768441312301],[-75.57200779652646,6.157675859833477],[-75.5720160481396,6.15768441344117],[-75.5720468742885,6.157714421682047]],[[-75.5720020712521,6.15766020955218],[-75.5719991319645,6.15766687946533],[-75.5719990861504,6.15766698306868],[-75.57199908642507,6.157666983336072],[-75.5719991321589,6.1576668793383],[-75.5720020714609,6.15766020980629],[-75.57200368769134,6.157656542054633],[-75.5720020712521,6.15766020955218]],[[-75.5721019666203,6.15739162401212],[-75.5721064288057,6.15737627127145],[-75.5721086602285,6.15736709793845],[-75.5721087120292,6.15736688897804],[-75.57210871199463,6.157366888943271],[-75.5721086599538,6.15736709768979],[-75.5721064285387,6.15737627105822],[-75.5721019666066,6.15739162401311],[-75.5720684953792,6.15749803096377],[-75.5720450295873,6.15756063509862],[-75.572034808556,6.15758592950701],[-75.57201564941025,6.157629401216864],[-75.5720348085595,6.15758592991446],[-75.572045029693,6.15756063553558],[-75.5720684956604,6.15749803097569],[-75.5721019666203,6.15739162401212]],[[-75.5719664523829,6.15722381682962],[-75.5719664522117,6.157223816876588],[-75.57198078142568,6.15723822801288],[-75.5719664523829,6.15722381682962]],[[-75.57196617153905,6.157223893881602],[-75.5719653305777,6.15722412460675],[-75.57196490447235,6.157224240839186],[-75.571965330157,6.15722412494828],[-75.57196617153905,6.157223893881602]],[[-75.5719496949795,6.15722841109446],[-75.5719576441714,6.15722623184947],[-75.57196172868757,6.1572251126004165],[-75.571957643996,6.15722623157557],[-75.5719496947875,6.1572284106928],[-75.57194874827019,6.157229199837829],[-75.5719496949795,6.15722841109446]],[[-75.57193413834213,6.157241369023382],[-75.5719231035634,6.15725055992814],[-75.57190578635426,6.1572668059521165],[-75.5719231039487,6.15725055990373],[-75.57193413834213,6.157241369023382]],[[-75.57187363555332,6.157270622786566],[-75.5718847090552,6.15728657906908],[-75.57188470921106,6.157286578922859],[-75.57187363555332,6.157270622786566]],[[-75.5716094185397,6.15699768259093],[-75.5716697574791,6.15705588631613],[-75.57168872419905,6.157073617078626],[-75.5716697572787,6.15705588600494],[-75.5716094186411,6.1569976824682],[-75.57160823597907,6.156994584064281],[-75.5716094185397,6.15699768259093]],[[-75.5715949556637,6.15696755272912],[-75.5716026703953,6.15697406099378],[-75.57160401304367,6.156976768126548],[-75.5716026708164,6.15697406093055],[-75.5715949556383,6.15696755230583],[-75.57158925909188,6.1569641155241674],[-75.5715949556637,6.15696755272912]],[[-75.5715171561702,6.15692776451802],[-75.5715569461474,6.15694941586439],[-75.57156546829204,6.156952338854773],[-75.5715569465767,6.15694941585349],[-75.5715171565373,6.15692776435337],[-75.57150238303355,6.156918455721685],[-75.5715171561702,6.15692776451802]],[[-75.5713362169736,6.15669445550732],[-75.5713330961948,6.15669016138041],[-75.57132879311034,6.156684242148452],[-75.57133309586,6.15669016143086],[-75.5713362166073,6.15669445561953],[-75.5714414335816,6.15683918529786],[-75.5714574801875,6.15686197628661],[-75.5714737630504,6.15688813170921],[-75.5714916665139,6.1569092472414],[-75.5714737630963,6.15688813136819],[-75.5714574804487,6.15686197649777],[-75.5714414339045,6.15683918551465],[-75.5713362169736,6.15669445550732]],[[-75.57131150165715,6.156660293902193],[-75.5713139312017,6.1566636657144],[-75.5713158724611,6.1566663603001],[-75.5713212084539,6.15667380993176],[-75.57132158494441,6.156674327747476],[-75.5713212087826,6.15667381033088],[-75.5713158726929,6.15666636034318],[-75.5713139314337,6.15666366564035],[-75.57131150165715,6.156660293902193]],[[-75.5710875323414,6.15663032207165],[-75.57107391244392,6.1566458881550785],[-75.571087532394,6.1566303223369],[-75.5711485064422,6.15656063375113],[-75.5711973622172,6.15650147789037],[-75.5711984401956,6.15650297835615],[-75.57121105660457,6.156520533901969],[-75.5711984404678,6.15650297866816],[-75.571197362381,6.15650147749149],[-75.5711485061532,6.15656063396528],[-75.5710875323414,6.15663032207165]],[[-75.5710509247091,6.15666054908796],[-75.57105090141171,6.156660577228417],[-75.57105092475925,6.156660549143677],[-75.5710509247091,6.15666054908796]],[[-75.57103613062277,6.156644179473731],[-75.5710508523843,6.15666063620345],[-75.57105085259245,6.156660635953072],[-75.57103613062277,6.156644179473731]],[[-75.5771112627867,6.15878411820563],[-75.57711107258429,6.158783977340093],[-75.5771112629449,6.15878411833185],[-75.57711153917111,6.158784322940568],[-75.5771112627867,6.15878411820563]],[[-75.5770610386119,6.15876459475627],[-75.5770708714898,6.15876550271597],[-75.5770829669857,6.15877063936964],[-75.5770922062813,6.158774562671971],[-75.5770829667536,6.15877063907899],[-75.5770708718366,6.15876550268495],[-75.5770610388775,6.15876459437117],[-75.57705891304327,6.15876439897959],[-75.5770610386119,6.15876459475627]],[[-75.5768916832621,6.15872860590958],[-75.57690778141074,6.158737892980258],[-75.5768916830903,6.15872860567253],[-75.5768535037924,6.1586997084293],[-75.57685215755103,6.1586974583241645],[-75.5768535037851,6.15869970873904],[-75.5768916832621,6.15872860590958]],[[-75.5766742407003,6.15841332347575],[-75.5768102182506,6.15845371540112],[-75.5769167388422,6.15854421253462],[-75.57693129026104,6.158620228073766],[-75.5769312907095,6.15862022782865],[-75.5769167389002,6.1585442125643],[-75.5768102184704,6.15845371516811],[-75.57667424068067,6.1584133233695475],[-75.5766742407003,6.15841332347575]],[[-75.5766613845816,6.158343735723586],[-75.57666543136231,6.158365640186359],[-75.5766613846958,6.15834373588375],[-75.5766613845816,6.158343735723586]],[[-75.5764262425854,6.15830180604669],[-75.5764201820051,6.158300627731687],[-75.5764262423702,6.15830180623924],[-75.57645076033018,6.158306574202601],[-75.5764262425854,6.15830180604669]],[[-75.57624888470464,6.1582113406793],[-75.57619903553251,6.158167024377478],[-75.5762488846055,6.15821134076193],[-75.57624888470464,6.1582113406793]],[[-75.5763428026567,6.15765919715616],[-75.5766062243734,6.15790787702449],[-75.5765014858746,6.15799704056533],[-75.5764814453158,6.158014101132894],[-75.5765014854736,6.15799704095367],[-75.5766062245441,6.15790787691039],[-75.5763428025702,6.15765919674001],[-75.57634219171328,6.157658620236508],[-75.5763428026567,6.15765919715616]],[[-75.5763334696819,6.15765038715715],[-75.57633423943,6.15765111358721],[-75.5763414252586,6.15765789661009],[-75.5763415799074,6.157658043273905],[-75.5763414254529,6.15765789633912],[-75.5763342398289,6.1576511138912],[-75.5763334699727,6.15765038688137],[-75.57632524965786,6.157642626972503],[-75.5763334696819,6.15765038715715]],[[-75.5761286522913,6.15745702991806],[-75.5761267077453,6.157455194720381],[-75.5761286523018,6.15745703032648],[-75.57629377626354,6.157612914675673],[-75.5761286522913,6.15745702991806]],[[-75.5759083916718,6.15725334022718],[-75.57590424007128,6.157249836183074],[-75.575908391377,6.15725334017993],[-75.5759100057411,6.15725475938511],[-75.575929585492,6.15727198632756],[-75.575974469071,6.15731147456422],[-75.5761211006197,6.15744990120597],[-75.57612227607656,6.157451011079769],[-75.576121101053,6.15744990093204],[-75.5759744690492,6.15731147426005],[-75.5759295856243,6.15727198616741],[-75.5759100059444,6.15725475941575],[-75.5759083916718,6.15725334022718]],[[-75.5758398137283,6.15719812626954],[-75.57584198909436,6.157199692455654],[-75.5758398133847,6.15719812584056],[-75.5758283113558,6.15719037076466],[-75.57582274703825,6.157187060123347],[-75.575828311557,6.15719037094311],[-75.5758398137283,6.15719812626954]],[[-75.57572749548993,6.157146155633451],[-75.5757317437891,6.15714728902142],[-75.5757424906669,6.15715045254159],[-75.575749496157,6.15715251379036],[-75.5757586890268,6.15715581274771],[-75.57576154088589,6.157156921016209],[-75.5757586892264,6.15715581275889],[-75.5757494958678,6.15715251352444],[-75.5757424908052,6.15715045217277],[-75.5757317433611,6.15714728869455],[-75.57572749548993,6.157146155633451]],[[-75.5757005861549,6.15713975882197],[-75.57570545976479,6.157140856126322],[-75.5757005861938,6.1571397586875],[-75.5756923684056,6.15713846453733],[-75.57568030675448,6.157137058256255],[-75.5756923680266,6.15713846482413],[-75.5757005861549,6.15713975882197]],[[-75.5756577069103,6.15713608165757],[-75.57565716151798,6.157136091794502],[-75.5756577068987,6.15713608166856],[-75.57565927476575,6.157136120743951],[-75.5756577069103,6.15713608165757]],[[-75.575619216972,6.15713911223475],[-75.57562896244455,6.157137881967217],[-75.5756192167954,6.15713911205897],[-75.5756130669289,6.15714009182625],[-75.5756017255507,6.1571425767352865],[-75.5756130671968,6.15714009221844],[-75.575619216972,6.15713911223475]],[[-75.5755601660401,6.15715376480423],[-75.57555969669961,6.1571537056707015],[-75.5755601660085,6.15715376489409],[-75.57556649590651,6.157151854777465],[-75.5755601660401,6.15715376480423]],[[-75.5755557538925,6.15715246201718],[-75.57555637819453,6.157152773514363],[-75.5755557536783,6.157152461803998],[-75.5755557538925,6.15715246201718]],[[-75.5755543565899,6.15714728081946],[-75.57555432707181,6.157147414246331],[-75.57555435660905,6.157147280774509],[-75.5755543565899,6.15714728081946]],[[-75.57556032238193,6.15713386123831],[-75.57556027536613,6.157133959723493],[-75.575560322347,6.15713386132811],[-75.57556032238193,6.15713386123831]],[[-75.5755788579769,6.157050120207491],[-75.5755791012292,6.15705542495864],[-75.5755782280392,6.15706516216617],[-75.575576958119,6.15707932899251],[-75.5755758709374,6.1570848995405],[-75.57557420892468,6.157091625735026],[-75.5755758712863,6.15708489975615],[-75.5755769582478,6.15707932928297],[-75.5755782284656,6.1570651624003],[-75.575579101628,6.15705542456613],[-75.5755788579769,6.157050120207491]],[[-75.575576881891,6.15703588727109],[-75.57557125671454,6.157018112311762],[-75.5755768815316,6.15703588755291],[-75.57557769213265,6.157039932403135],[-75.575576881891,6.15703588727109]],[[-75.5755580244565,6.15698894863768],[-75.57554694430871,6.156970913947088],[-75.5755580241772,6.15698894898147],[-75.57556499686609,6.157003327554507],[-75.5755580244565,6.15698894863768]],[[-75.575512708942,6.15691685488991],[-75.5755068839775,6.156908638655491],[-75.5755127087784,6.15691685512864],[-75.57552208901139,6.156931458080131],[-75.575512708942,6.15691685488991]],[[-75.5754759103547,6.15686494238394],[-75.57546820949796,6.156854078484496],[-75.575475910112,6.15686494269965],[-75.57548673282557,6.1568802106532114],[-75.5754759103547,6.15686494238394]],[[-75.5754617421261,6.15661138789179],[-75.57546154391153,6.15660747240214],[-75.5754617420974,6.15661138794219],[-75.575461981317,6.1566211943006355],[-75.5754617421261,6.15661138789179]],[[-75.5754461228103,6.15647552394672],[-75.57545050862053,6.156492106861197],[-75.5754461231182,6.15647552429709],[-75.5754329071037,6.15643825111593],[-75.57543027615992,6.156434866111367],[-75.5754329067952,6.15643825095155],[-75.5754461228103,6.15647552394672]],[[-75.5753905457196,6.15639384976398],[-75.5754018656934,6.15640105691267],[-75.5754160875096,6.15641660942087],[-75.57541745905647,6.156418374237306],[-75.5754160879467,6.15641660957318],[-75.5754018658191,6.15640105652798],[-75.5753905461482,6.15639384982507],[-75.57539935121258,6.156370286363385],[-75.5753905457196,6.15639384976398]],[[-75.57540007907,6.15636833832818],[-75.57540140685532,6.156364784086246],[-75.5754000787363,6.15636833853595],[-75.57539990213297,6.156368812011982],[-75.57540007907,6.15636833832818]],[[-75.5754131339563,6.15633339814745],[-75.57540943854862,6.156343289050324],[-75.575413134286,6.1563333980073],[-75.575422160558,6.1563092413929],[-75.57542554737287,6.156300177189287],[-75.5754221604662,6.1563092415709],[-75.5754131339563,6.15633339814745]],[[-75.5754431685592,6.15621692876583],[-75.57544768054042,6.156197519186558],[-75.5754431682632,6.15621692885779],[-75.57544593415443,6.156229672866515],[-75.5754431685592,6.15621692876583]],[[-75.57560473982151,6.155950834086668],[-75.575585390416,6.15598033277637],[-75.5755531401077,6.15600894326952],[-75.5755226647128,6.15602793876954],[-75.5754661572913,6.1561180414993],[-75.57546336281636,6.15613006188485],[-75.5754661573457,6.15611804175566],[-75.5755226649703,6.15602793871184],[-75.5755531403163,6.15600894351207],[-75.5755853907333,6.15598033281732],[-75.57560473982151,6.155950834086668]],[[-75.5756890841649,6.15584397962296],[-75.5757184978531,6.155867230934979],[-75.575689084342,6.15584397930721],[-75.57567081198398,6.155866108739283],[-75.5756890841649,6.15584397962296]],[[-75.57576775354067,6.155920353357615],[-75.57576560690666,6.15591292054727],[-75.5757677532276,6.15592035342108],[-75.57576775354067,6.155920353357615]],[[-75.5758368336729,6.15590864798868],[-75.57584256216398,6.1559097260194475],[-75.5758368336066,6.15590864793343],[-75.57583605865533,6.15590850205322],[-75.5758368336729,6.15590864798868]],[[-75.5760057156805,6.15590500903428],[-75.57598958106004,6.155902319916439],[-75.576005716048,6.15590500935504],[-75.5760648701095,6.1559044002367],[-75.57609502481098,6.155894038055267],[-75.5760648699797,6.15590440000669],[-75.5760057156805,6.15590500903428]],[[-75.5761333118527,6.15583704531883],[-75.57613446057435,6.1558215348286796],[-75.5761333116123,6.15583704535423],[-75.57613816287135,6.155842233902267],[-75.5761333118527,6.15583704531883]],[[-75.5759601220558,6.15561251993293],[-75.5759186854667,6.1555670896804],[-75.5759157821117,6.15556390743692],[-75.5758894515924,6.15553503860187],[-75.57579838132602,6.155468646159235],[-75.5758894511952,6.15553503870094],[-75.5759157822965,6.15556390780334],[-75.5759186850218,6.1555670897326],[-75.5759601222652,6.15561252037783],[-75.5759828557667,6.15563744474607],[-75.5760128107571,6.15567028651879],[-75.5760857313871,6.15575023418721],[-75.5761356856845,6.15580500141245],[-75.57613554341172,6.1558069186633135],[-75.5761356861,6.15580500140167],[-75.5760857316853,6.15575023432544],[-75.5760128109421,6.15567028617339],[-75.5759828557207,6.15563744467584],[-75.5759601220558,6.15561251993293]],[[-75.5756034621419,6.15539765193458],[-75.57559725826584,6.155397796527527],[-75.575603462587,6.15539765203437],[-75.57561240541426,6.155397443808394],[-75.5756034621419,6.15539765193458]],[[-75.5755366862866,6.155399207141],[-75.5755496299023,6.15539890595367],[-75.5755604312996,6.15539865416844],[-75.57556994807197,6.155398432541589],[-75.5755604310432,6.15539865403346],[-75.5755496297002,6.15539890589788],[-75.5755366858752,6.15539920688481],[-75.57548759913249,6.155471401757799],[-75.5755366862866,6.155399207141]],[[-75.5753859907914,6.15562084038686],[-75.57538398273115,6.155623794035343],[-75.5753859910379,6.1556208401891],[-75.5754871790346,6.155472019610214],[-75.5753859907914,6.15562084038686]],[[-75.575361084435,6.15565747260155],[-75.5753689546742,6.155645897245209],[-75.57536108410766,6.155657472345265],[-75.575361084435,6.15565747260155]],[[-75.57533762540967,6.155639106005574],[-75.5753593466004,6.155656112011944],[-75.5753376254965,6.15563910590851],[-75.57533762540967,6.155639106005574]],[[-75.5751460232367,6.15585678303738],[-75.5752046769468,6.15578773480003],[-75.5752634222848,6.15572206078969],[-75.57530603953775,6.15567441683812],[-75.5752634219591,6.15572206036009],[-75.5752046766311,6.15578773441133],[-75.5751460229312,6.15585678272032],[-75.57514327385253,6.155860024477996],[-75.5751460232367,6.15585678303738]],[[-75.5751127196887,6.15587635131849],[-75.57507978285804,6.1559026709468245],[-75.5751127197496,6.15587635142689],[-75.5751127398726,6.155876341079985],[-75.5751127196887,6.15587635131849]],[[-75.57507542331669,6.155923106848428],[-75.5750753683783,6.15592307712933],[-75.5750685307948,6.15591936657069],[-75.5750680305716,6.15591909497795],[-75.57507474984077,6.155906692801422],[-75.5750747496983,6.15590669291527],[-75.5750680303,6.15591909499335],[-75.5750685306616,6.15591936650648],[-75.5750753686375,6.15592307748398],[-75.57507542331669,6.155923106848428]],[[-75.5750775955611,6.15592428589617],[-75.57507797453091,6.155924491584447],[-75.5750775954101,6.15592428580445],[-75.5750775219206,6.155924245911931],[-75.5750775955611,6.15592428589617]],[[-75.5750755599787,6.15595094866579],[-75.57507525249966,6.1559513324908774],[-75.5750755602501,6.15595094842838],[-75.57508516280781,6.155938725678309],[-75.5750755599787,6.15595094866579]],[[-75.5750651449113,6.15596395628859],[-75.57505742298449,6.155973601431099],[-75.5750651450078,6.15596395672825],[-75.57507164857336,6.155955833252725],[-75.5750651449113,6.15596395628859]],[[-75.5750241071741,6.15601284651303],[-75.57502175026227,6.1560177504384805],[-75.5750241074612,6.15601284691224],[-75.5750406338509,6.155993662998047],[-75.5750241071741,6.15601284651303]],[[-75.5748062576329,6.15591528487778],[-75.5747844420462,6.15592694029448],[-75.57466231962728,6.155972664713477],[-75.5747844418981,6.15592694061315],[-75.5748062573507,6.15591528520421],[-75.5748962115241,6.15589509778112],[-75.5749397058996,6.15595332284064],[-75.5749471861433,6.15596333672809],[-75.574995641097,6.15603294139037],[-75.5750002747463,6.156031040028035],[-75.5749956413594,6.15603294116207],[-75.574947186233,6.15596333645268],[-75.5749397059616,6.15595332261951],[-75.5748962113322,6.15589509733822],[-75.5748062576329,6.15591528487778]],[[-75.57465226842292,6.155976428009667],[-75.5746514895875,6.15597248394441],[-75.57464879428305,6.1559668058842725],[-75.5746514893332,6.1559724836239],[-75.5746522680882,6.15597642813499],[-75.57465226842292,6.155976428009667]],[[-75.5746358438792,6.15592426681807],[-75.5746303501824,6.1559279541196],[-75.5746354162343,6.15593862473313],[-75.57463780655581,6.155943659963638],[-75.5746354160322,6.15593862429126],[-75.5746303504323,6.15592795400311],[-75.5746358436302,6.15592426714031],[-75.5746371957898,6.155923358965372],[-75.5746358438792,6.15592426681807]],[[-75.5746449264961,6.15591838316445],[-75.5746517931908,6.155914118695272],[-75.574644926109,6.15591838276766],[-75.57464214076562,6.155920112819621],[-75.5746449264961,6.15591838316445]],[[-75.57465946212199,6.155899087769692],[-75.57465923417664,6.155899998794961],[-75.5746594621357,6.15589908786728],[-75.57465946212199,6.155899087769692]],[[-75.57465884012305,6.155894661804592],[-75.5746579628475,6.15588841936459],[-75.57465592188996,6.155882280889092],[-75.5746559215704,6.15588228115147],[-75.5746579628021,6.15588841965145],[-75.57465884012305,6.155894661804592]],[[-75.5746618418971,6.15587742021511],[-75.57465829327224,6.155880333844796],[-75.5746618417729,6.15587742040161],[-75.5746627050539,6.15587671214523],[-75.5746683037022,6.155872668154753],[-75.5746627051664,6.15587671179968],[-75.5746618418971,6.15587742021511]],[[-75.574676989082,6.15586639549822],[-75.57467465732121,6.155868079442197],[-75.5746769891652,6.15586639553747],[-75.5746921662019,6.15585543408572],[-75.57469254499522,6.1558551607896215],[-75.5746921662484,6.15585543397426],[-75.574676989082,6.15586639549822]],[[-75.5747128301484,6.15584410466193],[-75.57471616266002,6.155842598410493],[-75.5747128301476,6.15584410451383],[-75.57470859918038,6.1558460164274384],[-75.5747128301484,6.15584410466193]],[[-75.5747193410577,6.155841161816541],[-75.5747193411376,6.15584116178043],[-75.5747107110227,6.15582195936654],[-75.57470697503429,6.1558136477091265],[-75.5747107106744,6.155821959789],[-75.5747193410577,6.155841161816541]],[[-75.57465505990211,6.155719317101231],[-75.57466450994447,6.155719161631305],[-75.5746645097693,6.15571916124156],[-75.57465505990211,6.155719317101231]],[[-75.5745941186819,6.15572032142483],[-75.57458827437894,6.15572041815751],[-75.574594119083,6.15572032179073],[-75.5746288203085,6.155719749579169],[-75.5745941186819,6.15572032142483]],[[-75.5745815373677,6.15572052883375],[-75.57458547220556,6.155720464244115],[-75.5745815377764,6.15572052863233],[-75.574566772168,6.15572077245838],[-75.57455819691384,6.155726235440525],[-75.57456677185,6.1557207727364],[-75.5745815373677,6.15572052883375]],[[-75.5744944838388,6.15576682342704],[-75.57448766988367,6.155771164396089],[-75.5744944841739,6.15576682351091],[-75.57449495352276,6.155766524662974],[-75.5744944838388,6.15576682342704]],[[-75.5744769406396,6.15577799923316],[-75.57444999404093,6.155795165559648],[-75.574476940352,6.15577799957856],[-75.57447841846782,6.155777057913155],[-75.5744769406396,6.15577799923316]],[[-75.5744304088062,6.15580764151042],[-75.57442508660773,6.155811031793836],[-75.5744304089642,6.15580764171536],[-75.57443555797538,6.155804361844257],[-75.5744304088062,6.15580764151042]],[[-75.5743739650682,6.15584372706447],[-75.57438148982031,6.155838884277061],[-75.57437396506384,6.155843726800092],[-75.5743739650682,6.15584372706447]],[[-75.5743727261852,6.15576860344635],[-75.57437250739305,6.1557553452236595],[-75.5743727260122,6.15576860319942],[-75.57437297903193,6.155783941030863],[-75.5743727261852,6.15576860344635]],[[-75.5743682965926,6.15568970473159],[-75.57436789238929,6.155685471647151],[-75.5743682962694,6.15568970429918],[-75.57437020819332,6.155709739613383],[-75.5743682965926,6.15568970473159]],[[-75.5743593194387,6.15563032383278],[-75.5743603831494,6.15563636654458],[-75.5743619648503,6.155645353790574],[-75.5743603833332,6.15563636666085],[-75.5743593197279,6.15563032370362],[-75.57435857145256,6.155619947545801],[-75.5743585714525,6.15561994754784],[-75.5743593194387,6.15563032383278]],[[-75.57436045969,6.15555230827981],[-75.57436064497735,6.155545667746499],[-75.5743604594179,6.15555230784947],[-75.57436043273714,6.155553264614784],[-75.57436045969,6.15555230827981]],[[-75.5743600075227,6.15549961358166],[-75.5743605320231,6.155521385544929],[-75.5743600078374,6.15549961325326],[-75.5743592514559,6.15546820433554],[-75.57436124445618,6.155461589060433],[-75.5743592512319,6.15546820394229],[-75.5743600075227,6.15549961358166]],[[-75.5743669913404,6.15543291831172],[-75.57436695063357,6.1554313506033065],[-75.5743669912042,6.15543291869624],[-75.57436652550378,6.155435959687972],[-75.5743669913404,6.15543291831172]],[[-75.574355635612,6.15515519569383],[-75.57435581179148,6.155162747104528],[-75.5743556357369,6.15515519575154],[-75.5743544319945,6.15510361174771],[-75.57435428289062,6.155097226557547],[-75.5743544317721,6.15510361179054],[-75.574355635612,6.15515519569383]],[[-75.5743534455005,6.15508328807623],[-75.57435394635931,6.155090785968294],[-75.5743534456443,6.15508328842051],[-75.5743534429493,6.15508324108426],[-75.57435297532506,6.155076244313084],[-75.5743534426594,6.1550832410782],[-75.5743534455005,6.15508328807623]],[[-75.57435146195584,6.15502651126048],[-75.5743515975976,6.15503167072425],[-75.5743522919382,6.15505805270378],[-75.5743526045172,6.15506743675637],[-75.5743527750871,6.15507255179661],[-75.57435281213652,6.1550736618929385],[-75.5743527755011,6.15507255202307],[-75.5743526048212,6.15506743702858],[-75.5743522922075,6.15505805283998],[-75.5743515978097,6.15503167047051],[-75.57435146195584,6.15502651126048]],[[-75.5743486609933,6.15496088701565],[-75.5743487050347,6.15496210091254],[-75.5743493609482,6.1549770144394],[-75.5743499472215,6.1549903527549255],[-75.5743493610047,6.15497701406353],[-75.5743487052345,6.1549621013554],[-75.5743486612171,6.15496088668907],[-75.5743478944751,6.154939973662051],[-75.5743486609933,6.15496088701565]],[[-75.5743463803946,6.15487621818852],[-75.57434595211058,6.154863380856204],[-75.5743463800743,6.15487621842604],[-75.57434656723305,6.154892127023484],[-75.5743463803946,6.15487621818852]],[[-75.57434278310446,6.15484978029379],[-75.57434549826381,6.154849777309842],[-75.5743454982489,6.15484977686294],[-75.57434278310446,6.15484978029379]],[[-75.574341257266,6.15484978197068],[-75.57434125730094,6.154849781970642],[-75.57434089198858,6.1547911439360785],[-75.574341257266,6.15484978197068]],[[-75.5743352118818,6.15471607045996],[-75.57433521187608,6.154716070660223],[-75.57433940644376,6.1547164715096025],[-75.5743352118818,6.15471607045996]],[[-75.57434316697051,6.154692721020326],[-75.57434483787809,6.154716990558823],[-75.5743448379872,6.15471699056925],[-75.57434316697051,6.154692721020326]],[[-75.57430978989777,6.154617825709605],[-75.5743380063132,6.154617768552228],[-75.5743380062995,6.15461776835331],[-75.57430978989777,6.154617825709605]],[[-75.5742460179161,6.15461813543284],[-75.57423352652131,6.15461847139898],[-75.5742460182804,6.15461813585172],[-75.57424615341063,6.154618132160442],[-75.5742460179161,6.15461813543284]],[[-75.5738625962916,6.15462823860494],[-75.57386241108978,6.154628242013238],[-75.5738625965938,6.15462823860118],[-75.57386479264198,6.154628122748625],[-75.5738625962916,6.15462823860494]],[[-75.573342107588,6.15462968826022],[-75.5733394561075,6.15463785756274],[-75.57333945614114,6.154637857562122],[-75.5733421079243,6.1546296881672],[-75.5733601676548,6.15457403229785],[-75.5733823194027,6.154505766734093],[-75.5733601673466,6.15457403224115],[-75.573342107588,6.15462968826022]],[[-75.57343947360619,6.15420796181685],[-75.5734386497,6.15421953968296],[-75.5734296880693,6.15429468855398],[-75.5734216256882,6.15436229586258],[-75.5734000417595,6.15444153979633],[-75.57338552400456,6.154494842794924],[-75.5734000420737,6.15444153977756],[-75.573421625895,6.15436229611447],[-75.5734296882747,6.15429468824304],[-75.573438649868,6.15421953959688],[-75.57343947360619,6.15420796181685]],[[-75.5734455713872,6.15412404524775],[-75.57345154419865,6.154055861066489],[-75.5734455710274,6.1541240456333],[-75.57344520634875,6.154128205897256],[-75.5734455713872,6.15412404524775]],[[-75.57345157948144,6.154017100021807],[-75.5734515793198,6.15401709995184],[-75.5734327281736,6.15401575220572],[-75.57341970685918,6.154012560629744],[-75.5734327282995,6.15401575262305],[-75.57345157948144,6.154017100021807]],[[-75.57341889945793,6.154012362708523],[-75.5734056295947,6.15400277043625],[-75.57339150388341,6.153996186768799],[-75.573405629875,6.1540027708201],[-75.5734188991933,6.15401236264365],[-75.57341889945793,6.154012362708523]],[[-75.573359960144,6.15397905849894],[-75.57335238593413,6.153973474340551],[-75.5733599599672,6.1539790585907],[-75.57336716739266,6.153983395955557],[-75.573359960144,6.15397905849894]],[[-75.57325304417373,6.1539414970080335],[-75.5732636885947,6.15394190338306],[-75.5732880925545,6.15394865630966],[-75.5733305949832,6.15396041800352],[-75.5733435940042,6.15396701666463],[-75.5733436460454,6.153967043180318],[-75.5733435937378,6.15396701631048],[-75.5733305951157,6.15396041780198],[-75.5732880922263,6.15394865605865],[-75.5732636885933,6.15394190303694],[-75.57325304417373,6.1539414970080335]],[[-75.5731944071885,6.15391641049161],[-75.57320258059212,6.153920151474615],[-75.5731944069253,6.15391641017825],[-75.5731824386708,6.15391430415706],[-75.57317559053394,6.153913797472227],[-75.5731824386224,6.15391430434282],[-75.5731944071885,6.15391641049161]],[[-75.5731452052989,6.153913319025],[-75.57312699296943,6.153915473094306],[-75.5731452057079,6.15391331937321],[-75.57315456542756,6.153913068740894],[-75.5731452052989,6.153913319025]],[[-75.5728555632985,6.15394459495699],[-75.57284738014278,6.153944908988594],[-75.5728555633528,6.15394459512277],[-75.5729335698196,6.15392949651128],[-75.5729720973996,6.15392610178816],[-75.5729817139455,6.15392525495787],[-75.5729820508533,6.15392526214981],[-75.57298470730963,6.1539253206603775],[-75.5729820505821,6.15392526207629],[-75.5729817137138,6.1539252549312],[-75.5729720972487,6.15392610162671],[-75.5729335694045,6.15392949644702],[-75.5728555632985,6.15394459495699]],[[-75.5727501648645,6.15395404347122],[-75.5727490993343,6.153955730703159],[-75.5727501646562,6.15395404383997],[-75.57278282133369,6.153950475502652],[-75.5727501648645,6.15395404347122]],[[-75.57824929424072,6.15863414740215],[-75.5782585376213,6.15863499660431],[-75.5783117601604,6.15865341692963],[-75.5783835398292,6.15862591450423],[-75.5784932983757,6.15861343479337],[-75.57850175439069,6.158615488866765],[-75.5784932983935,6.15861343467543],[-75.5783835395371,6.15862591439268],[-75.5783117605526,6.15865341656964],[-75.578258538067,6.15863499664001],[-75.57824929424072,6.15863414740215]],[[-75.57802986056076,6.158586417494575],[-75.57804677109363,6.1585806541372],[-75.5780467710186,6.15858065409278],[-75.57802986056076,6.158586417494575]],[[-75.5779389138957,6.15861225217019],[-75.57790023487415,6.1586535739248305],[-75.5779389142025,6.15861225256138],[-75.57797886693383,6.158602649190343],[-75.5779389138957,6.15861225217019]],[[-75.57781858636,6.15872643893754],[-75.57776335573733,6.158720589688589],[-75.5778185866152,6.15872643931111],[-75.57785101958648,6.158707729060626],[-75.57781858636,6.15872643893754]],[[-75.57756484457447,6.158792736071836],[-75.5776762172602,6.15879613906719],[-75.57768973988,6.15880001699575],[-75.5777120151662,6.1588009441915],[-75.57770775326811,6.158790368431554],[-75.5777120147262,6.15880094389208],[-75.5776897401005,6.15880001682259],[-75.5776762168622,6.15879613884978],[-75.5775648446316,6.15879273602239],[-75.57756484457447,6.158792736071836]],[[-75.5775420822206,6.15881243580256],[-75.57753893066678,6.158811453900727],[-75.5775420822778,6.1588124358887],[-75.57754995591596,6.158805621495073],[-75.5775420822206,6.15881243580256]],[[-75.57749783456447,6.158796192871206],[-75.5774892262476,6.15879236715949],[-75.5774687752018,6.15878327866289],[-75.57746877516547,6.158783278680646],[-75.5774892263148,6.15879236743786],[-75.57749783456447,6.158796192871206]],[[-75.5773356946974,6.15882422076036],[-75.5773429966946,6.15882250440179],[-75.5774307118166,6.15880188614069],[-75.57744371655497,6.158795528701817],[-75.5774307117866,6.15880188614481],[-75.577342996689,6.15882250406279],[-75.5773356942841,6.15882422065959],[-75.57732081306212,6.158824521171398],[-75.5773356946974,6.15882422076036]],[[-75.57725566717986,6.158845618891064],[-75.57724672424,6.15884824765568],[-75.57721172327075,6.158858536492227],[-75.5772117232756,6.15885853649582],[-75.5772467246637,6.15884824775385],[-75.57725566717986,6.158845618891064]],[[-75.5771486371941,6.15881180435927],[-75.57713666878308,6.15880293830994],[-75.5771486370069,6.15881180462836],[-75.57720008561516,6.158849915767155],[-75.5771486371941,6.15881180435927]],[[-75.5756404676571,6.17044025690945],[-75.5756406918078,6.17043966870445],[-75.57564723814659,6.170422365126859],[-75.5756406919205,6.17043966826786],[-75.5756404673417,6.17044025682799],[-75.57563958222856,6.170440100440464],[-75.5756404676571,6.17044025690945]],[[-75.57561480385688,6.170456325520929],[-75.5756168653995,6.17045071072421],[-75.5756168779504,6.17045067724234],[-75.5756193814683,6.17044385885591],[-75.57562602220383,6.170440498625556],[-75.5756193811871,6.17044385874439],[-75.5756168775824,6.17045067764632],[-75.5756168650059,6.17045071069143],[-75.57561480385688,6.170456325520929]],[[-75.57539332845299,6.171058335634654],[-75.5754081083545,6.17101943456655],[-75.5754809970532,6.17082083274726],[-75.5755123236647,6.17073547581733],[-75.57551432924338,6.170730013064898],[-75.5755123235648,6.17073547545995],[-75.5754809966159,6.17082083269734],[-75.575408108212,6.17101943449025],[-75.57539332845299,6.171058335634654]],[[-75.57537463052297,6.171107549563225],[-75.5753745202035,6.17110783986573],[-75.57536819192491,6.1711286096018245],[-75.5753745205074,6.17110783968655],[-75.57537463052297,6.171107549563225]],[[-75.57533248535425,6.171136407155596],[-75.5753581659515,6.17116151406636],[-75.57535816606949,6.171161513679106],[-75.57533248535425,6.171136407155596]],[[-75.57529045827619,6.171094753420123],[-75.5752706327359,6.17107496895798],[-75.57522283732762,6.1710282416521185],[-75.5752706328153,6.1710749692384],[-75.57529045827619,6.171094753420123]],[[-75.5751169659619,6.170924734137139],[-75.5751068456051,6.17091483969277],[-75.5750945936763,6.170902861825825],[-75.5751068453031,6.17091483951888],[-75.5751169659619,6.170924734137139]],[[-75.574983711306,6.17079968947881],[-75.5750169637788,6.17082696608403],[-75.57503504922866,6.1708446479327375],[-75.575016963771,6.17082696568573],[-75.5749837117325,6.17079968920373],[-75.57495177486598,6.170773491908251],[-75.574983711306,6.17079968947881]],[[-75.5749102319963,6.17072269877365],[-75.5749230860204,6.17074150478508],[-75.57492926026075,6.170750538233816],[-75.5749230862306,6.1707415048485],[-75.5749102322371,6.17072269862179],[-75.57490841246258,6.1707212169947265],[-75.5749102319963,6.17072269877365]],[[-75.5748357015284,6.1706676420041],[-75.5748458139362,6.17067023234199],[-75.57487698770223,6.170695622573179],[-75.5748458140481,6.1706702319519],[-75.574835701713,6.1706676419313],[-75.57479597946892,6.170653614674176],[-75.5748357015284,6.1706676420041]],[[-75.5745436863311,6.17056451932393],[-75.57457656948418,6.1705761319299555],[-75.5745436863636,6.17056451891087],[-75.5743639038308,6.1705010303446],[-75.57436390363115,6.170501030658301],[-75.5745436863311,6.17056451932393]],[[-75.57416588124613,6.170827204099201],[-75.5741681592401,6.17082282152785],[-75.5742081112,6.17074595569386],[-75.5742081345818,6.17074591946971],[-75.57425771594846,6.170667958124043],[-75.5742081341639,6.17074591949335],[-75.5742081108077,6.17074595611087],[-75.5741681591338,6.17082282165397],[-75.57416588124613,6.170827204099201]],[[-75.5737643692418,6.17133831940366],[-75.5739361861424,6.17123449204644],[-75.57394536290826,6.17121862526026],[-75.5739361862796,6.17123449175336],[-75.5737643691085,6.17133831930675],[-75.57376435669063,6.171338326988655],[-75.5737643692418,6.17133831940366]],[[-75.57375001726822,6.1713468646335885],[-75.5737373441915,6.17135440956593],[-75.57367938803901,6.171388889932573],[-75.5737373441726,6.17135440993146],[-75.57375001726822,6.1713468646335885]],[[-75.5735850942884,6.17140153009511],[-75.5736063481473,6.17141034275128],[-75.57362022730696,6.171416670018664],[-75.5736063482635,6.17141034232529],[-75.5735850941239,6.17140153001573],[-75.57358414188782,6.171401173353624],[-75.5735850942884,6.17140153009511]],[[-75.573519681591,6.17137958221643],[-75.5735417347894,6.17138613995778],[-75.57354693236991,6.171387884031111],[-75.5735417351401,6.1713861399557],[-75.5735196814998,6.17137958185374],[-75.57350281154281,6.171375195790506],[-75.573519681591,6.17137958221643]],[[-75.57349055975043,6.17137226198949],[-75.57347496067,6.17136877880285],[-75.57346512066329,6.171366937547229],[-75.5734749602703,6.17136877898372],[-75.57349055975043,6.17137226198949]],[[-75.5734067467769,6.17135844582378],[-75.5734295992091,6.17136110073114],[-75.57343023945373,6.1713611977274185],[-75.5734295993415,6.17136110074148],[-75.5734067470989,6.17135844552726],[-75.5733963293848,6.17135760077522],[-75.5734067467769,6.17135844582378]],[[-75.57337777424291,6.171356096616776],[-75.5733756249659,6.17135592249324],[-75.5733712844664,6.171355420532163],[-75.5733756248891,6.17135592262487],[-75.57337777424291,6.171356096616776]],[[-75.57332433810753,6.171345075036493],[-75.5733195961433,6.17134349666206],[-75.5733146928551,6.171341675405873],[-75.5733195962029,6.17134349689773],[-75.57332433810753,6.171345075036493]],[[-75.57330984630603,6.171339794077274],[-75.5733042906475,6.17133751014961],[-75.57329687076404,6.17133415790512],[-75.5733042907128,6.17133751047538],[-75.57330984630603,6.171339794077274]],[[-75.5732821918803,6.17132659666072],[-75.5732894321143,6.17133048685711],[-75.57329644970419,6.171333952884716],[-75.5732894325127,6.17133048673702],[-75.5732821920916,6.1713265963523],[-75.57327727421796,6.17132373210792],[-75.5732821918803,6.17132659666072]],[[-75.5732482205964,6.17130354978114],[-75.5732546909911,6.17130862090672],[-75.57325747695157,6.171310654104113],[-75.5732546910674,6.17130862073816],[-75.5732482205024,6.17130354966255],[-75.57324679960342,6.171302355230665],[-75.5732482205964,6.17130354978114]],[[-75.5731944455529,6.17124188938013],[-75.5731902998279,6.17123478826575],[-75.57318943338775,6.171233179926115],[-75.5731902997463,6.17123478814336],[-75.5731944455433,6.17124188977019],[-75.5731988320857,6.17124884427891],[-75.5732034548349,6.17125564354654],[-75.5732083083538,6.17126228126069],[-75.57321268467143,6.171267854053425],[-75.5732083083544,6.17126228085786],[-75.5732034547569,6.17125564326764],[-75.5731988320264,6.17124884402447],[-75.5731944455529,6.17124188938013]],[[-75.57318291706234,6.171220514499787],[-75.5731827512845,6.17122017967182],[-75.57318270754611,6.171220083174158],[-75.5731827512643,6.17122017963508],[-75.57318291706234,6.171220514499787]],[[-75.57317812824321,6.171209710406904],[-75.5731762223291,6.17120508701205],[-75.57317490153793,6.171201545769199],[-75.5731762220574,6.17120508735571],[-75.57317812824321,6.171209710406904]],[[-75.5731630314674,6.1711576271631],[-75.5731617944873,6.17114949718515],[-75.5731608368832,6.17114132880337],[-75.57316058673364,6.17113830553377],[-75.5731608367437,6.17114132896931],[-75.5731617944773,6.1711494971874],[-75.5731630311977,6.17115762755933],[-75.5731645468797,6.17116571104555],[-75.5731663387858,6.1711737377102],[-75.5731684041784,6.17118169761738],[-75.57316912460583,6.171184127341892],[-75.5731684042911,6.17118169736288],[-75.5731663390643,6.17117373796929],[-75.5731645469253,6.1711657106992],[-75.5731630314674,6.1711576271631]],[[-75.5731378364187,6.17091669825495],[-75.5731378360215,6.17091669874762],[-75.57314979775191,6.171030283174929],[-75.5731378364187,6.17091669825495]],[[-75.5730575201115,6.17103155192074],[-75.5731089892689,6.17095248065407],[-75.57312944017588,6.170927112923955],[-75.5731089888199,6.17095248071138],[-75.5730575198457,6.1710315522061],[-75.57305103575963,6.171041513970579],[-75.5730575201115,6.17103155192074]],[[-75.57301061896202,6.1710943492059975],[-75.5730041060189,6.1711021177111],[-75.57300343331816,6.171098156111021],[-75.573004105955,6.17110211785041],[-75.57301061896202,6.1710943492059975]],[[-75.5615491161151,6.17282218637297],[-75.5615440865524,6.1728256020204],[-75.5615054114261,6.17285184893377],[-75.561544086555,6.17282560292438],[-75.5615491161151,6.17282218637297]],[[-75.5729803102233,6.17101075800849],[-75.57299511086286,6.171064483136504],[-75.5729803105454,6.17101075792686],[-75.5729576002367,6.17095707576271],[-75.57293523467679,6.1709177960220645],[-75.572957600138,6.17095707585116],[-75.5729803102233,6.17101075800849]],[[-75.572909868241,6.17082894498352],[-75.5729178442567,6.17087942692069],[-75.57292001074251,6.170887876279408],[-75.5729178443955,6.17087942698143],[-75.572909868254,6.17082894481812],[-75.5729085585104,6.17076899925243],[-75.57290855850884,6.170768999246173],[-75.572909868241,6.17082894498352]],[[-75.572901266629,6.17073992349299],[-75.57290696524406,6.170762645939643],[-75.5729012668852,6.17073992314993],[-75.5728633723533,6.17063670904628],[-75.57285879510616,6.170606473458989],[-75.5728633719758,6.17063670890418],[-75.572901266629,6.17073992349299]],[[-75.5728201562016,6.1705185585376],[-75.5728177171202,6.170516808265245],[-75.5728201561908,6.17051855862897],[-75.57282495486025,6.170523312574156],[-75.5728201562016,6.1705185585376]],[[-75.5725967954961,6.17041277133811],[-75.57259170004976,6.170404135977025],[-75.5725967950493,6.17041277144296],[-75.5726107698671,6.17042963900265],[-75.5726243007092,6.17044085081544],[-75.5726429727795,6.17045211327727],[-75.572664670905,6.17046283571189],[-75.57269105326836,6.170473318847394],[-75.5726646713006,6.17046283556515],[-75.5726429724949,6.17045211287559],[-75.5726243010117,6.17044085074677],[-75.5726107696886,6.17042963863191],[-75.5725967954961,6.17041277133811]],[[-75.5725783764395,6.17037517940226],[-75.57256988724652,6.170324678154518],[-75.5725783761414,6.17037517947638],[-75.57258233428297,6.170384740876341],[-75.5725783764395,6.17037517940226]],[[-75.5724311533442,6.17008188075944],[-75.57242372288503,6.170079188830615],[-75.572431153316,6.17008188113446],[-75.57243648819318,6.170084488112889],[-75.5724311533442,6.17008188075944]],[[-75.5724034672671,6.17007338280302],[-75.57238624481525,6.170070081686898],[-75.5724034668261,6.17007338297098],[-75.57241214573486,6.1700756923459235],[-75.5724034672671,6.17007338280302]],[[-75.5723412201463,6.17006145094577],[-75.57234529506752,6.170062232059232],[-75.5723412203062,6.17006145083248],[-75.5723003092315,6.17004955369302],[-75.57229142042868,6.170046019879253],[-75.5723003092388,6.17004955393909],[-75.5723412201463,6.17006145094577]],[[-75.5721573657211,6.16995371846723],[-75.57217192417455,6.169966132459581],[-75.5721573657102,6.16995371834435],[-75.5721356237854,6.16993517823698],[-75.57211920232632,6.1699204108918115],[-75.5721356240427,6.16993517866314],[-75.5721573657211,6.16995371846723]],[[-75.5720100851228,6.16981112320851],[-75.5720026031518,6.16980318081659],[-75.5720100849848,6.16981112321534],[-75.57205286433137,6.1698544927939105],[-75.5720100851228,6.16981112320851]],[[-75.571756385729,6.169609070952092],[-75.571756385782,6.16960907099039],[-75.5717647529093,6.16961511761979],[-75.5717660890091,6.16961617421855],[-75.5718566305565,6.16968775894165],[-75.5719520105527,6.16975286764061],[-75.57196103263963,6.1697607762029625],[-75.5719520108363,6.1697528672958],[-75.5718566304143,6.16968775852675],[-75.5717660892169,6.16961617379224],[-75.5717647525237,6.16961511724038],[-75.571756385729,6.169609070952092]],[[-75.5717376000459,6.16959549288277],[-75.57171502046816,6.169579173098091],[-75.5717375997883,6.16959549285415],[-75.57175638389369,6.169609069625556],[-75.5717376000459,6.16959549288277]],[[-75.5716082377132,6.16943406734871],[-75.57164978953101,6.1695011003886355],[-75.5716082381534,6.16943406726414],[-75.5716066661017,6.16943235873965],[-75.57160422018592,6.169428114975674],[-75.5716066658564,6.16943235875003],[-75.5716082377132,6.16943406734871]],[[-75.57148266397861,6.169294447048694],[-75.5714554086725,6.16927340252851],[-75.5714332859553,6.169259273541741],[-75.5714332857414,6.1692592735185],[-75.5714554088175,6.16927340276619],[-75.57148266397861,6.169294447048694]],[[-75.5715644497378,6.16927077731879],[-75.5714753339754,6.16926384261446],[-75.57146910290218,6.16926316552606],[-75.5714753342038,6.16926384264788],[-75.5715644497749,6.16927077766969],[-75.5715652798183,6.16927084197381],[-75.5715652798034,6.1692708418700315],[-75.5715644497378,6.16927077731879]],[[-75.5715652652372,6.16927074158445],[-75.57156527241749,6.169270790468336],[-75.5715652654452,6.16927074194516],[-75.5715648171859,6.16926776341359],[-75.57154968275906,6.1692612300480105],[-75.5715648170327,6.16926776338222],[-75.5715652652372,6.16927074158445]],[[-75.570927682972,6.16917002316874],[-75.5710167434776,6.16917561031714],[-75.5712326488229,6.16918915545518],[-75.57130429821956,6.169193650648585],[-75.5712326489399,6.16918915518142],[-75.5710167433529,6.16917561022876],[-75.570927682579,6.16917002291336],[-75.57089163269298,6.169167609788138],[-75.570927682972,6.16917002316874]],[[-75.570861871103,6.16916561718654],[-75.57086244061671,6.169153617137644],[-75.5708618708113,6.16916561738329],[-75.57087508950833,6.169166502307067],[-75.570861871103,6.16916561718654]],[[-75.57086342311679,6.169132917683711],[-75.57086337191497,6.169133999049938],[-75.5708634233918,6.16913291763606],[-75.57086342311679,6.169132917683711]],[[-75.5707060744866,6.16909886948264],[-75.5707010178699,6.16908525039927],[-75.57069959844667,6.169084026399838],[-75.5707010179071,6.16908525050463],[-75.5707060742671,6.16909886989278],[-75.5707075458085,6.16911249842732],[-75.5707075719168,6.16912182634428],[-75.5707226876715,6.16914330912285],[-75.5707420562873,6.16914756039352],[-75.57075034642186,6.169149798325127],[-75.5707420565054,6.16914756022584],[-75.5707226879295,6.16914330900737],[-75.5707075719782,6.16912182606382],[-75.5707075459271,6.16911249838989],[-75.5707060744866,6.16909886948264]],[[-75.5706364526567,6.16907036426555],[-75.5706583748738,6.169072642451388],[-75.5706364523572,6.16907036398787],[-75.5706314541309,6.16907755265634],[-75.57061726939865,6.169084701278687],[-75.5706314545363,6.16907755302903],[-75.5706364526567,6.16907036426555]],[[-75.5705485782578,6.16918039106301],[-75.57047642258745,6.16919359788463],[-75.5705485782889,6.16918039145322],[-75.57055605337868,6.169175060841374],[-75.5705485782578,6.16918039106301]],[[-75.57035664347977,6.169179528103976],[-75.5703637650637,6.16917815062121],[-75.5703783982067,6.16917661445006],[-75.5703912368173,6.16917448578931],[-75.570409058975,6.16917028754776],[-75.57041116842232,6.169169343117242],[-75.5704090591144,6.16917028727486],[-75.5703912365391,6.1691744857994],[-75.5703783978171,6.16917661408787],[-75.5703637651594,6.16917815024233],[-75.57035664347977,6.169179528103976]],[[-75.5702997205145,6.16919409434052],[-75.57031202665185,6.16918955840733],[-75.5702997206696,6.16919409409655],[-75.5702748948284,6.16920324403957],[-75.5702630904822,6.169204965502519],[-75.570274895161,6.16920324422854],[-75.5702997205145,6.16919409434052]],[[-75.5702332129992,6.16921563062396],[-75.57023201179885,6.169216459995497],[-75.5702332131962,6.16921563054172],[-75.57023371276782,6.169215403298952],[-75.5702332129992,6.16921563062396]],[[-75.570009984346,6.16910856333322],[-75.57000941175968,6.169108045005954],[-75.5700099839158,6.16910856343882],[-75.57004709868468,6.169142192676822],[-75.570009984346,6.16910856333322]],[[-75.5699444486528,6.16905104594793],[-75.56993842429773,6.169053799061234],[-75.5699444485766,6.1690510462271],[-75.56995357395259,6.169059166278642],[-75.5699444486528,6.16905104594793]],[[-75.569817793183,6.16902428674978],[-75.56983679365892,6.169029266790382],[-75.5698177933843,6.16902428648717],[-75.5697465551856,6.16903725002695],[-75.56973080649324,6.169040116237845],[-75.5697465552376,6.16903725030402],[-75.569817793183,6.16902428674978]],[[-75.5696295226704,6.16906456768285],[-75.56959525789156,6.169075999226683],[-75.5696295230704,6.16906456781308],[-75.5696561338826,6.169057662634923],[-75.5696295226704,6.16906456768285]],[[-75.5694284473704,6.16912006931023],[-75.56942525652832,6.169120757844997],[-75.5694284472955,6.16912006946049],[-75.56944452054451,6.1691181798083266],[-75.5694284473704,6.16912006931023]],[[-75.5692572886746,6.16914525510219],[-75.5692579242539,6.169145217516343],[-75.5692572886644,6.16914525510084],[-75.5692025201782,6.16914849442212],[-75.56917893624717,6.16914860416441],[-75.5692025197512,6.16914849463204],[-75.5692572886746,6.16914525510219]],[[-75.56880150468106,6.169132737319152],[-75.5688211943219,6.16913418518992],[-75.568929329194,6.1691421355784],[-75.5689833957261,6.16914611076664],[-75.5690269123815,6.16914931006262],[-75.56903145457454,6.169149288845045],[-75.5690269121165,6.16914930983443],[-75.5689833959275,6.16914611070322],[-75.5689293290255,6.16914213545672],[-75.5688211943232,6.1691341849636],[-75.56880150468106,6.169132737319152]],[[-75.5686036124799,6.16912153044336],[-75.56856544220095,6.169120554037856],[-75.5686036122456,6.1691215305357],[-75.56861416508201,6.169121979496923],[-75.5686036124799,6.16912153044336]],[[-75.5684704739435,6.16911881984156],[-75.56847047403804,6.169118819838119],[-75.56846920948647,6.169118551533529],[-75.5684704739435,6.16911881984156]],[[-75.5684553876802,6.16911561865286],[-75.56845538783043,6.169115618684736],[-75.56848257670137,6.169017662673584],[-75.5684553876802,6.16911561865286]],[[-75.5686293708076,6.1686794013062],[-75.5686161327745,6.168706531406141],[-75.5686293707724,6.16867940173318],[-75.568690009749,6.16854579902085],[-75.56871024611335,6.168499826914084],[-75.5686900093093,6.16854579930889],[-75.5686293708076,6.1686794013062]],[[-75.5687782719206,6.16835313193978],[-75.56878246575081,6.168344451028005],[-75.5687782717802,6.16835313184145],[-75.568767131632,6.168376191998095],[-75.5687782719206,6.16835313193978]],[[-75.5693302029714,6.16714877380069],[-75.5689357327113,6.16801116549193],[-75.5689247113526,6.16803526075803],[-75.56886048919877,6.1681752655031215],[-75.568924711685,6.16803526079901],[-75.5689357331152,6.16801116544909],[-75.5693302031194,6.16714877376564],[-75.5693303503263,6.1671484514362485],[-75.5693302029714,6.16714877380069]]],[[[-75.5774382802193,6.14868403807082],[-75.5774382957719,6.14868443124998],[-75.5774384413056,6.14868802046869],[-75.5774070540421,6.14868763761071],[-75.577346644103,6.14868690050642],[-75.5773459292435,6.14865515180215],[-75.5773451380924,6.14862002792322],[-75.577345049354,6.14861607876861],[-75.577345119801,6.14861607857087],[-75.5774355337513,6.14861605981308],[-75.5774368361588,6.14864830223708],[-75.5774374601895,6.1486637509787],[-75.5774382744052,6.14868389706927],[-75.5774382802193,6.14868403807082]]],[[[-75.5768546888238,6.14811355283533],[-75.5768576200401,6.14811595999434],[-75.576932860491,6.14818135202804],[-75.5769227122559,6.14819386239289],[-75.5769215142691,6.14819533921034],[-75.5769023482799,6.14821896647617],[-75.5768672322298,6.14826225625133],[-75.5768653604489,6.14826082149366],[-75.5767891324445,6.14820238910446],[-75.5767848467199,6.14819910438356],[-75.5767846204397,6.14819893055398],[-75.5766595677733,6.14810307193275],[-75.5766595288537,6.14810304221123],[-75.5766569293588,6.14810104903835],[-75.5766526563053,6.14809777332005],[-75.5766552756204,6.14809620121573],[-75.5767407166849,6.14804492208132],[-75.5767419644107,6.14804411315176],[-75.5767461700794,6.1480413876624],[-75.5767584120518,6.14803345631585],[-75.5767622277292,6.14803692224423],[-75.5767685597627,6.14804268711692],[-75.5768427104245,6.14810369349643],[-75.5768546888238,6.14811355283533]]],[[[-75.5771369035424,6.14814105310556],[-75.5770996369553,6.14820203672392],[-75.5770919689425,6.14821458442514],[-75.5770912658878,6.14821573623605],[-75.5770548452688,6.14827532447622],[-75.5770538248421,6.14827699333926],[-75.5769390123562,6.14821017563399],[-75.5769414348207,6.14820636135408],[-75.5769829377242,6.14814101147655],[-75.5769889174515,6.14813159621791],[-75.5770261581044,6.1480729575521],[-75.5770810997148,6.14810673987392],[-75.5770842717039,6.14810869075963],[-75.5771185763978,6.14812978333257],[-75.5771190984284,6.14813010458158],[-75.5771369035424,6.14814105310556]]],[[[-75.5772590145466,6.14808568271747],[-75.5772823542777,6.14810435903003],[-75.5772846199995,6.14810617234394],[-75.577301414219,6.14811961230243],[-75.577306882226,6.14811162402364],[-75.5773496104866,6.14814581482985],[-75.5773502848621,6.1481463544095],[-75.5773807648354,6.14817074449779],[-75.5773907455967,6.14817873099871],[-75.5773923387549,6.14818000653525],[-75.5773306722861,6.14827007668667],[-75.577330493288,6.14827033843364],[-75.5773161122082,6.14829134345051],[-75.5773137951172,6.14829472805456],[-75.5773124647672,6.14829667078387],[-75.5773400809563,6.14832176586401],[-75.577344811182,6.14832606628741],[-75.5773451561621,6.14832637718555],[-75.5773854877462,6.14836229494773],[-75.5773928905625,6.14836888754464],[-75.5774043162167,6.14837906299701],[-75.5774059215499,6.14838049307645],[-75.5774051783461,6.14838149855872],[-75.5773409118768,6.14846843384678],[-75.5773166506623,6.14850125243424],[-75.577311121618,6.14850873195544],[-75.5773073435096,6.1485138418013],[-75.577299015129,6.14852504626542],[-75.5772989701404,6.14852510695705],[-75.5772979649894,6.1485186889462],[-75.577295747785,6.14850453643459],[-75.5772891843107,6.14849095748121],[-75.5772721614982,6.14844976748039],[-75.5772416542144,6.1484043522455],[-75.5772014690627,6.14836492940461],[-75.5771565965249,6.14833714012799],[-75.5771556718759,6.14833656689998],[-75.577060814892,6.14829905748362],[-75.5770626186869,6.14829621217735],[-75.5771300478228,6.14818983107884],[-75.577135553355,6.14818040630225],[-75.5771618531845,6.14813539028514],[-75.5772060080415,6.1481707233232],[-75.5772069943877,6.14816914043191],[-75.5772340951175,6.14812566251407],[-75.5772449719103,6.14810821176378],[-75.5772590145466,6.14808568271747]]]]}}]}