{"type":"FeatureCollection","features":[{"type":"Feature","id":103,"properties":{"cd_comuna":103,"nombre":"ITAGUI","municipio":"ITAGUI","slug_municipio":"itagui","is_municipio":true},"geometry":{"type":"Polygon","coordinates":[[[-75.61360738105344,6.15936303954035],[-75.61554847828381,6.158290029691575],[-75.61643866054447,6.1577979471870385],[-75.61670648341999,6.157649896854411],[-75.61689584029759,6.157545222262252],[-75.61708149092534,6.157432626359721],[-75.61710584170409,6.1574178583767125],[-75.61733663182352,6.157277885660703],[-75.6175830486393,6.157147861327951],[-75.61810144017511,6.15687432682244],[-75.61862352579088,6.156674398696526],[-75.6189835122788,6.15659880220342],[-75.62013194039235,6.156357634279665],[-75.62012528470059,6.1563533383395335],[-75.62022000716266,6.156328369469702],[-75.62036583732004,6.156289927682137],[-75.62038262229729,6.156291983327702],[-75.62042747156276,6.156279516640328],[-75.62116743292144,6.1560447262658915],[-75.62163978463927,6.155786314593738],[-75.62281813020415,6.155043336794686],[-75.62404633559964,6.154269648590386],[-75.62417067575832,6.154191322692449],[-75.62433640680463,6.15408945141219],[-75.62447656007447,6.154003302667127],[-75.62453655340232,6.154083950398092],[-75.624543259338,6.154092965202283],[-75.62487578820064,6.154529235832358],[-75.62493033272122,6.154600796492834],[-75.62499079229637,6.1546729843853605],[-75.62509488980415,6.154834292667633],[-75.62514893587222,6.154935479804168],[-75.62514944093009,6.1549364247687635],[-75.62519908642071,6.1550293713854005],[-75.62520839770133,6.155060690851091],[-75.62524257157878,6.155175647760291],[-75.62524775510605,6.155248571345117],[-75.62525187907052,6.155306595894593],[-75.62525497245898,6.155350106393849],[-75.62525657839377,6.155372704383017],[-75.62527735598611,6.1553668930358185],[-75.62534245973781,6.155349585483409],[-75.62534806088284,6.155348096064381],[-75.62534797229198,6.155349552932588],[-75.62533402464419,6.15557974057718],[-75.62533412303542,6.155579910959347],[-75.6253025018156,6.15610041158156],[-75.62530190012106,6.156110317558953],[-75.62530117141324,6.1561223170482835],[-75.62530001310068,6.156141375703622],[-75.62529932947818,6.156152623701547],[-75.62529866929934,6.1561634954973306],[-75.62529328152048,6.1562521727223345],[-75.62529322636917,6.156253081568822],[-75.62530414559365,6.156248375564095],[-75.62538182067095,6.156403018778888],[-75.6255171479619,6.156615980823177],[-75.62559036142554,6.156731194785326],[-75.62559040876822,6.15673127049287],[-75.62549637497247,6.157222538289679],[-75.62547984360154,6.157306826028196],[-75.6254109273715,6.157658210611239],[-75.62532592383381,6.1581085138157245],[-75.62532246486879,6.158126834336204],[-75.62530497292933,6.158219499270198],[-75.62528893854977,6.158253648415125],[-75.62524652168531,6.158343986974262],[-75.62524528717314,6.1583466166187755],[-75.6252456852885,6.158346752979218],[-75.62526102159018,6.15835215152951],[-75.62527079668706,6.158355593057357],[-75.62527966420315,6.15835871178527],[-75.62529500138176,6.158364104905646],[-75.62532150356178,6.158373439884059],[-75.62533022992478,6.158376509582787],[-75.6253447138387,6.158381604043777],[-75.62533872126487,6.158398658704915],[-75.62531601414598,6.158463280226043],[-75.62530921804284,6.158482620677715],[-75.62530547758301,6.158493288857659],[-75.62533243304709,6.158502772578206],[-75.62535405715577,6.158510384030369],[-75.62535068722018,6.158519985409669],[-75.6253332564696,6.158569593536123],[-75.62532936169656,6.158580659356037],[-75.62532359817313,6.1585970845723255],[-75.62532333003666,6.15859784801059],[-75.62532033417015,6.1586063690111725],[-75.62529757741866,6.158671184247833],[-75.62529472063845,6.158680068897887],[-75.62529208892242,6.158688248181245],[-75.62528924455168,6.158697819851842],[-75.62528498937704,6.158709990393322],[-75.62526624122167,6.158763558440067],[-75.62526317088552,6.158772181965886],[-75.62526246869123,6.158771928671532],[-75.6252596191715,6.158780269045121],[-75.62525838675278,6.158783875962911],[-75.62528292283422,6.1587923590503735],[-75.62530915093792,6.158801427769638],[-75.62527709375252,6.158891378127393],[-75.625274257718,6.1588993378277666],[-75.62527422605046,6.158899327135028],[-75.62527279716603,6.158902841902563],[-75.62525461882635,6.1589460864573535],[-75.62525162028919,6.158954615608395],[-75.62521986573417,6.159044941471049],[-75.62522382220223,6.159046427242427],[-75.62525369027257,6.159057642345066],[-75.62521541343729,6.159153184173248],[-75.62522387551421,6.159156327494171],[-75.62524089291126,6.159160266750264],[-75.62531021680238,6.159176317738312],[-75.62528990340945,6.159255092215167],[-75.62523832011888,6.159370633070488],[-75.62521746585128,6.159449264662087],[-75.62518858316714,6.159581737894391],[-75.62518470896548,6.159608382288043],[-75.62517924282122,6.1596459808158075],[-75.62512237625957,6.1599513612419905],[-75.62506472598095,6.159971805535829],[-75.62506762139832,6.15997996845508],[-75.62507441717193,6.159999148870594],[-75.62508025207106,6.160015618236401],[-75.62508824689898,6.16003818566496],[-75.62509666116527,6.160061919066575],[-75.62509983784632,6.160070886113091],[-75.62507459150612,6.160079082734111],[-75.62504947051868,6.160087238054564],[-75.62507284599616,6.160152511431753],[-75.62507924971634,6.160170399170092],[-75.62507133317906,6.160177540407186],[-75.62499850964271,6.160243228715185],[-75.62500078899433,6.160248630068201],[-75.6250035975453,6.16025529178007],[-75.62500923657035,6.160268664818725],[-75.62501580788178,6.160284261761786],[-75.62501593944974,6.16028456578043],[-75.62503514326299,6.160330117852743],[-75.62503883843591,6.1603389015351935],[-75.62501436771267,6.16034924327816],[-75.62498710816837,6.160360428675337],[-75.62500453807561,6.160403989714118],[-75.62501115004058,6.160420505880172],[-75.62501804362083,6.160437714069335],[-75.62502182237218,6.160447145547454],[-75.62494744398947,6.160529503254868],[-75.62495086028792,6.160537968275697],[-75.62495966696956,6.160559756932018],[-75.62496481235326,6.1605724869057426],[-75.62496516896917,6.16057336841132],[-75.62498320937989,6.160618004979562],[-75.62498640702606,6.16062590694612],[-75.62496464743444,6.160634671327106],[-75.6249385246611,6.1606452128676406],[-75.62496588806528,6.16071321493303],[-75.6249686012967,6.160719962998743],[-75.62497291561006,6.16073066203649],[-75.62497393063141,6.160733178447268],[-75.62498406534799,6.160758313701131],[-75.62499448628176,6.160784158132078],[-75.62513542459688,6.160774598000615],[-75.62515850134666,6.160773032441301],[-75.62538266807178,6.160747556014827],[-75.6253937205727,6.1607489977895575],[-75.62542733453606,6.160753384147841],[-75.62547710050762,6.160761323440688],[-75.62548626252463,6.160762785373237],[-75.6255445785077,6.160772089255616],[-75.62565454934479,6.160755554860095],[-75.6256614327292,6.160754519262309],[-75.6256608874787,6.160772589475564],[-75.6256877742913,6.160771392061888],[-75.6257103668937,6.160770383049468],[-75.62576900645696,6.160767789764304],[-75.62580271255966,6.160766300194189],[-75.62583196370198,6.160765006145741],[-75.62590423542669,6.160761809589333],[-75.62593580661259,6.160760413701031],[-75.6259853267415,6.160758223322679],[-75.6260437215575,6.16075564206267],[-75.62604439390402,6.1607601111062635],[-75.62611581357875,6.160749152894796],[-75.62612682514938,6.160745395640027],[-75.6261632065089,6.160846699183473],[-75.62616805125187,6.16086018911472],[-75.62618064093334,6.160856077830391],[-75.62645975030534,6.160764931913064],[-75.62659849227123,6.160698393392239],[-75.62665542946053,6.160671087053969],[-75.62699178882941,6.160521539946877],[-75.6271589972497,6.160447198294795],[-75.62719528936135,6.1604293605621985],[-75.62720300644467,6.160425567092263],[-75.62721297089273,6.160420669545994],[-75.62723447041563,6.160410101883358],[-75.62754079639095,6.160259538156319],[-75.62769122525134,6.160218441577061],[-75.62783462988891,6.160227592494933],[-75.62795422275528,6.160265511092392],[-75.62821980441232,6.160379539030594],[-75.62840729860747,6.160449469722771],[-75.62883700290912,6.160609737592072],[-75.6288515309199,6.160615703206375],[-75.62943273560442,6.16085434681363],[-75.62950928023953,6.160880432623926],[-75.6295738418782,6.160894594330087],[-75.629633568916,6.160889637489259],[-75.63021178943168,6.1608640369190875],[-75.63033964677976,6.160870644748925],[-75.63034324005969,6.160870830429052],[-75.63043651238281,6.160896866990925],[-75.63094036036546,6.161078193755131],[-75.63095083989468,6.161081965259492],[-75.63100345199827,6.16110089946702],[-75.63108715865866,6.161124572901617],[-75.63115885411443,6.1611267548559],[-75.63123530151216,6.1611193575293335],[-75.63131170071556,6.161095217417527],[-75.63138524766103,6.161057763868441],[-75.63147810532402,6.161010476550376],[-75.63154315288728,6.160977351050975],[-75.63175783632788,6.160845183981158],[-75.63191533010378,6.160768191346982],[-75.6320260386232,6.160748999591135],[-75.63202758642933,6.1607487306781685],[-75.63203897905922,6.160748998074947],[-75.63211839951491,6.160750857904024],[-75.63225593594369,6.160798813012721],[-75.63233607753871,6.160826756501666],[-75.63235407914595,6.160832999567686],[-75.63282166671804,6.160995149481384],[-75.63377047638083,6.161337751511237],[-75.63380723684978,6.161351024816952],[-75.63416613430417,6.161505435505744],[-75.63524287483507,6.161985409214072],[-75.63562090420064,6.162144546146302],[-75.63576773013776,6.162205447987783],[-75.6357372730885,6.1622707325106445],[-75.63573359966773,6.162270596990729],[-75.6357122470879,6.162328436859279],[-75.63563180854666,6.162606105983798],[-75.63560029864806,6.162725988424982],[-75.63554436211267,6.162938802987919],[-75.63555036898583,6.1629558218020035],[-75.635552379828,6.162961519106966],[-75.63557004589374,6.163011565672295],[-75.63557164173304,6.163016085247926],[-75.63558936269851,6.163042308989698],[-75.63563556659619,6.163074862112639],[-75.6357025658776,6.163105758309521],[-75.63586277026666,6.163138773590469],[-75.63606594469037,6.163157312184132],[-75.63609703739655,6.163166788270569],[-75.63611143158988,6.163185879237242],[-75.63613065336045,6.163221698308358],[-75.63618841632336,6.163362638210472],[-75.6361896472341,6.163365144466636],[-75.6362114723298,6.163409567119822],[-75.63622489550643,6.163436887900919],[-75.63623199535006,6.163451339219214],[-75.63627301312087,6.163534826596316],[-75.63628697739792,6.163563249440975],[-75.63630166365665,6.163682790296489],[-75.63629260631829,6.163738179046526],[-75.63628867473972,6.163762219926519],[-75.63628522979857,6.16378328770104],[-75.63628567204672,6.163793820369654],[-75.63629807179314,6.164089384108761],[-75.63631517646992,6.164218484130245],[-75.6363230898365,6.164219149223607],[-75.63637015255297,6.164223106589259],[-75.63643465148327,6.164215743076718],[-75.63653426131297,6.164204572436051],[-75.63656603938841,6.164201008722464],[-75.63666632720576,6.164174407150918],[-75.63681187193778,6.164097447683157],[-75.63681356220711,6.164096029909199],[-75.63691199170728,6.164013446298178],[-75.6370027386049,6.163944913423603],[-75.6370103312932,6.1639391794479375],[-75.63704551754832,6.163912605333322],[-75.63705304332433,6.163912707306878],[-75.63733706693982,6.163916535853035],[-75.63763336806845,6.163910885114309],[-75.63802023658663,6.163823653122847],[-75.63826149937674,6.163791854748194],[-75.63831508334229,6.163786784408672],[-75.63833132131579,6.163785247583005],[-75.63834501592522,6.1637839511708545],[-75.6385700777367,6.163762652921295],[-75.63857445752149,6.163762238875504],[-75.63871541716625,6.163752259849866],[-75.6389257680411,6.163773168233653],[-75.63908834606127,6.163801391834732],[-75.63915056075344,6.1638299091260205],[-75.6392080520234,6.163877573966132],[-75.63924403552376,6.163925302849665],[-75.63938104260606,6.164197550661597],[-75.63941462327342,6.164240502697942],[-75.63948906888652,6.164303796677206],[-75.63954638213222,6.164352524579898],[-75.63959420347295,6.164361950066574],[-75.63967069917223,6.164371293137723],[-75.63970039587645,6.164358393544147],[-75.63974136933676,6.164340595108129],[-75.63984253566973,6.164296648167536],[-75.63999441125995,6.164239700198436],[-75.64018698440209,6.164188076936536],[-75.64019737193502,6.164185291629914],[-75.6402069511231,6.164185264046919],[-75.64025412623738,6.164185125181435],[-75.64029596189648,6.164190982175447],[-75.64035280268536,6.164220711113285],[-75.64045341491199,6.164296284131266],[-75.64049949195793,6.164330895794948],[-75.64063108781164,6.164387312193819],[-75.64088470033569,6.164453620546437],[-75.64089116175487,6.164455309814356],[-75.64092062903903,6.164437496016216],[-75.64101043310748,6.1643832096173155],[-75.64116551500116,6.164299046415353],[-75.64118702004492,6.164299528332811],[-75.64138220235198,6.164303901732071],[-75.64140150765213,6.164304333976213],[-75.64179597164886,6.164362967895714],[-75.64180877691584,6.164363581523876],[-75.64197223404429,6.164371419003413],[-75.64212630760044,6.164352021676065],[-75.6421424337915,6.164349991678373],[-75.64237835754729,6.16433136269172],[-75.64257552783263,6.164339752387069],[-75.64267417883393,6.164366368029551],[-75.64297318955762,6.1644701251224925],[-75.64299502646993,6.164474879626932],[-75.64300049903565,6.164476071124839],[-75.64300104520473,6.1644761895567886],[-75.64301174256978,6.164478518635056],[-75.64311330964664,6.164500628428378],[-75.64317643946306,6.1645143712505535],[-75.64334758151865,6.164557384380736],[-75.64335280628364,6.164558697341437],[-75.64336484229862,6.164588557782327],[-75.64336737596743,6.164598579168739],[-75.64338776771919,6.164679206191799],[-75.64339808476716,6.164720001406914],[-75.64343901560717,6.16481289198482],[-75.64344018404394,6.164815544068997],[-75.64344497808688,6.16482454351867],[-75.64346721684998,6.16486628667143],[-75.64349119285099,6.164893123499622],[-75.64352110641443,6.164907983951091],[-75.64355400798692,6.1649228340920015],[-75.64367356887006,6.164949389107345],[-75.64393656784426,6.164996450019691],[-75.64396079386921,6.165007385295912],[-75.6439694694239,6.165011300127598],[-75.64398744394366,6.165029185058637],[-75.64399196901978,6.16504041248713],[-75.64399948000997,6.165059045464943],[-75.64408778913538,6.165632784446573],[-75.64409375228067,6.165632535162349],[-75.64410371976044,6.165632119545037],[-75.64447307267899,6.165616703558142],[-75.64503146541931,6.165552279861644],[-75.64542963801752,6.165494580103349],[-75.64543174107084,6.165496080309424],[-75.6454351376841,6.165498503444163],[-75.64543361769621,6.1655147647314985],[-75.64543344787378,6.165516585407788],[-75.64543514612775,6.165556134154596],[-75.64544503606075,6.165628435368146],[-75.64545323052873,6.16568834699472],[-75.64547865482736,6.165813779233687],[-75.645483878915,6.165841367191374],[-75.64549277713125,6.165888360201138],[-75.64549902215772,6.165917086697675],[-75.6455097254623,6.1659663308401225],[-75.64551806158237,6.165999062694902],[-75.64554022713855,6.16608611019393],[-75.64555096135511,6.166133570507661],[-75.6455592289075,6.166164495523983],[-75.64556395125183,6.166182159609948],[-75.64556887884643,6.166201868518803],[-75.64557021972118,6.1662072318559975],[-75.64558485330741,6.1662657798325835],[-75.6455924867979,6.166293433563311],[-75.64560575318417,6.1663414906161265],[-75.64562205083412,6.166403904133177],[-75.64562552305516,6.166417199777363],[-75.64564246724532,6.166480479766318],[-75.64565715520055,6.16653923900918],[-75.64566242398078,6.166566725483118],[-75.64567015098939,6.166607039824094],[-75.6456769345227,6.166666933124796],[-75.64567736389878,6.166670639363575],[-75.64568767346847,6.166759593590825],[-75.64569069001807,6.166791744345645],[-75.64569536123003,6.166841529219132],[-75.64569571027036,6.166845246705353],[-75.6456968299179,6.166857180798246],[-75.64569785228095,6.166868076632551],[-75.64571084983834,6.166962998629285],[-75.64572553659504,6.167025149824344],[-75.645741355599,6.167106508047908],[-75.64575558514282,6.167164983876081],[-75.64576225544812,6.167192390152947],[-75.64576350550585,6.167199474326758],[-75.64577920690567,6.167288440623981],[-75.64578329396527,6.167315876007417],[-75.64579841630665,6.167417393251311],[-75.64580294161166,6.167447771817915],[-75.64580671341899,6.167477936254676],[-75.64581876722507,6.167574335602925],[-75.64583345630271,6.167655697616112],[-75.64584758225726,6.1677347969012795],[-75.64585549444949,6.167796949194385],[-75.64585584059637,6.167799718356304],[-75.64585832004053,6.167819549708965],[-75.6458684923042,6.167892999403395],[-75.64587922689816,6.16795289022536],[-75.64588749908025,6.168009856057582],[-75.64588873921389,6.168018397590855],[-75.64588939952715,6.16802295157392],[-75.64589065029998,6.168030360292439],[-75.64589614207888,6.168062910074099],[-75.64589904663318,6.1680801230215945],[-75.64592047770336,6.168207143491814],[-75.64592217560063,6.168221833835988],[-75.64592443302861,6.168244432651182],[-75.64592524804264,6.168248670355261],[-75.64593136041876,6.168308717034969],[-75.64600653754758,6.168457856210032],[-75.64606578411077,6.1685015423731135],[-75.64612016312468,6.168541639272504],[-75.64620081426365,6.168622332558737],[-75.64624297341557,6.1686718515044054],[-75.64624149102522,6.168687304387744],[-75.64623382402154,6.168767233372969],[-75.64618069137455,6.168875461495604],[-75.64617349356126,6.168887390817964],[-75.64614383177866,6.168936613140554],[-75.64611656111778,6.1689818557485365],[-75.64609232837118,6.16904879195951],[-75.64608770877622,6.169058038838022],[-75.64608206621229,6.169070472116766],[-75.64607529238457,6.169086293934918],[-75.64607021455382,6.169099855360238],[-75.6460645698347,6.1691156769903435],[-75.64606231259371,6.169126977857096],[-75.64605836223978,6.169141666439897],[-75.64605498044746,6.169158618623943],[-75.64605289506802,6.169169057086764],[-75.6460414533931,6.169212980674703],[-75.64604095908722,6.169236056031221],[-75.64604087594621,6.169236594348068],[-75.64603918487387,6.169246764159378],[-75.64603636312,6.169263716272114],[-75.64603467430068,6.16928744576275],[-75.64603524318257,6.169313436786541],[-75.64603524488047,6.169323608128006],[-75.6460352456662,6.169333777665927],[-75.64603637466726,6.169343948828039],[-75.646041461156,6.169382369637336],[-75.64604259304225,6.169393668122388],[-75.64604541943574,6.169420789726126],[-75.64604711682775,6.169437740167852],[-75.64604824729379,6.169451300566972],[-75.64605163786733,6.169476161978946],[-75.64605389890764,6.169493111426683],[-75.64605503042763,6.169502151622336],[-75.6460567239857,6.169512322689764],[-75.64605898569849,6.169522490932862],[-75.64606028848058,6.169529273794225],[-75.64606087357431,6.169532320211322],[-75.6460618091249,6.169537182909951],[-75.64606350267903,6.16954735307322],[-75.64606971805581,6.16957899249181],[-75.64607254308807,6.169592551698961],[-75.64608214822232,6.1696332336468585],[-75.64608344582358,6.169638426328018],[-75.64608553600875,6.169646793672316],[-75.64608733269971,6.169655176036162],[-75.64608799107974,6.1696582464978516],[-75.64608892506246,6.169662611078201],[-75.64609174921118,6.169676173905394],[-75.64609401277295,6.169691992385907],[-75.64609570690426,6.16970555450219],[-75.64609622303061,6.169709264826971],[-75.64609703151521,6.169715097287351],[-75.64609853215886,6.169725892196241],[-75.64610305139449,6.169737192825764],[-75.64610813374748,6.16975075165875],[-75.64612112309557,6.16978352270604],[-75.64612168542759,6.1697856227065335],[-75.6461295949031,6.169815162656129],[-75.64613527710665,6.169824366459758],[-75.64615331355631,6.1698535821392255],[-75.64616474151117,6.169864773385681],[-75.64616769970552,6.169867669686428],[-75.64617984928933,6.16987956882385],[-75.64620638641138,6.169897645153539],[-75.6462475992535,6.169915717225824],[-75.64627457083006,6.169922140130043],[-75.6462950256086,6.16992701245949],[-75.64632056727945,6.169929613863094],[-75.6463836623074,6.1699360397771725],[-75.64659028866424,6.1699416579995106],[-75.64669924877684,6.16994729440795],[-75.64679917465077,6.1699450183659525],[-75.64692450317155,6.169944999930942],[-75.64693750435448,6.1699590391885595],[-75.64695597538646,6.169978988067692],[-75.64696007662916,6.169983417351786],[-75.64699847858853,6.170077203029933],[-75.64702354036851,6.170141612305394],[-75.64706794726384,6.170255740619641],[-75.64711199680895,6.17036647784133],[-75.64717580859086,6.170482862827924],[-75.64720002314534,6.17051780372338],[-75.6472345358386,6.170567606416443],[-75.6473209261942,6.170672689767821],[-75.64741578793256,6.1707902003537525],[-75.64747800683473,6.170901206011235],[-75.64747947596308,6.170903828550863],[-75.64748355522205,6.170911103848667],[-75.6475485014331,6.171068170239796],[-75.64758811710196,6.171194578313508],[-75.64759312207286,6.17121054946943],[-75.6475933342004,6.1712130661611715],[-75.6476016057918,6.171311119509099],[-75.64762532882439,6.17138457031928],[-75.6476552604199,6.171464796739925],[-75.64768032516822,6.171512669235468],[-75.6477049549408,6.171559713984937],[-75.64771399397164,6.171606042561531],[-75.64771399481359,6.171612030907479],[-75.6477139988453,6.1716390272811505],[-75.64771399943334,6.171644418963047],[-75.64771400071348,6.171648495265665],[-75.64768677011523,6.1716439523598625],[-75.64767745693997,6.171643357736378],[-75.64765892170146,6.17164123506794],[-75.64764041312662,6.1716386611509355],[-75.64762561237836,6.171636595838943],[-75.64762190360798,6.171636079101563],[-75.64761778497359,6.1716356087013455],[-75.64761631087548,6.171635441556441],[-75.6476147301198,6.1716352604776],[-75.64758761518964,6.171625635390369],[-75.64756366989945,6.1716190999030545],[-75.64752816570338,6.171610121354258],[-75.64747612141605,6.171587154638907],[-75.64743232677102,6.1715641640498315],[-75.64739186204433,6.171551071480216],[-75.6473638299853,6.171552299404248],[-75.64735143952517,6.171552841995776],[-75.64731598344774,6.171559552780844],[-75.64730602350032,6.171564047489218],[-75.64728467328685,6.171573682272647],[-75.64724926948863,6.171598558547777],[-75.64720969501214,6.171607757841789],[-75.64715440562483,6.171603792046765],[-75.6470941222695,6.171584978746026],[-75.64705692878123,6.171561967937628],[-75.64704762819399,6.171553177223396],[-75.64700728753738,6.171515048454274],[-75.64697089859196,6.171485429629895],[-75.64693044624165,6.1714764657019465],[-75.64689910992989,6.171481512423961],[-75.64687934448264,6.1714939571994485],[-75.64686787105649,6.171516367536924],[-75.64686622049753,6.171519592317613],[-75.64685649245897,6.17157824684087],[-75.64684995775333,6.1716005611941185],[-75.64683679255295,6.171612985796353],[-75.64680544476101,6.171613903827493],[-75.64676911906237,6.1716057537921305],[-75.64672782782635,6.171592663469231],[-75.64667663297922,6.17157795173643],[-75.64664774001113,6.171572256253993],[-75.64658344090785,6.1715906125412205],[-75.64654796693034,6.171591542038397],[-75.64652650899056,6.171589128298611],[-75.64649429848822,6.171577663455964],[-75.64645952592741,6.171536479309334],[-75.64644456880934,6.171500192331951],[-75.64642617686185,6.171418499885002],[-75.64640793702534,6.171388001520546],[-75.64636993721781,6.1713715995667835],[-75.64632703739942,6.171372551507452],[-75.6463231285973,6.1713734089902355],[-75.64629653035313,6.171379247557867],[-75.64626687822033,6.171395849435501],[-75.64625961815919,6.17140779625802],[-75.64624224705855,6.171436382484665],[-75.64620534547193,6.171513283681285],[-75.64616332986758,6.171534049570142],[-75.64613116105107,6.1715366215148135],[-75.64610805281654,6.171534212346632],[-75.64607664637894,6.17151531407807],[-75.64602362763345,6.17144198075775],[-75.6459673825143,6.171393428729765],[-75.64595153770807,6.171387209070412],[-75.64589221676067,6.17136392486324],[-75.64585345546625,6.171368993074118],[-75.64577440580045,6.17142124634899],[-75.64570869909137,6.171522178201712],[-75.6457082868494,6.171522837488283],[-75.64567503020037,6.171575948833029],[-75.64564950010684,6.171591712942455],[-75.64564140764375,6.171593923776616],[-75.645597565278,6.171605902406853],[-75.64546546294625,6.17157326337983],[-75.64544066423349,6.171567860269337],[-75.64540189454199,6.171559413098591],[-75.64537219609969,6.171560325557306],[-75.64534170047068,6.171571151160635],[-75.64532522956186,6.1715811069672695],[-75.64532444104715,6.1715934953322416],[-75.64533521054555,6.171608326814166],[-75.64538231034855,6.171632960095432],[-75.64540553172127,6.171674177362406],[-75.64541222219793,6.171704709693896],[-75.64540158228314,6.1717336412445745],[-75.6453911160549,6.171742422687845],[-75.64536701538859,6.171762642929806],[-75.645335686789,6.171770167508256],[-75.64531092504599,6.171766937523609],[-75.64528283521972,6.171753808570684],[-75.64524897988977,6.171743998983362],[-75.64521926449312,6.171739131993564],[-75.64517802177083,6.1717425563032],[-75.6451351360464,6.171747636842549],[-75.64510953495694,6.171739455071378],[-75.64509298530773,6.1717229897860415],[-75.64507723744208,6.17169826481856],[-75.64504491520988,6.1716488162764875],[-75.64501593064362,6.1716117437239015],[-75.64494323067225,6.1715789295180254],[-75.64494194965815,6.171578536299486],[-75.64488459987383,6.171560936722888],[-75.64484663392287,6.1715560935380624],[-75.64480043893303,6.17155870619027],[-75.64475839164807,6.171568739381195],[-75.64474631299876,6.171575694530715],[-75.64472956411792,6.171585338907142],[-75.64470401932701,6.1715961480099795],[-75.64468338925101,6.171594557274691],[-75.64465860460221,6.17158306986182],[-75.64464119642633,6.171574167504428],[-75.64460241720741,6.171554335734145],[-75.64457848196673,6.171551103409643],[-75.64455457053272,6.171556128472792],[-75.64452326251782,6.171571083210851],[-75.64446479508864,6.1716084132256155],[-75.6444438919015,6.171620414282207],[-75.64439396095892,6.171649080937888],[-75.64434612571318,6.1716550014550275],[-75.64432788038823,6.1716556083312355],[-75.64429167874833,6.171656813413285],[-75.64423559842426,6.171664411207811],[-75.64419356344578,6.171678571247456],[-75.64414660457206,6.171708929044182],[-75.64413839016781,6.17171423951701],[-75.6440963483162,6.1717259234176485],[-75.64403448232851,6.171730233921918],[-75.64402916284729,6.171730055136663],[-75.6439668224483,6.171727956531646],[-75.64389753148325,6.171732288544941],[-75.64385960800976,6.1717402038122025],[-75.64383734137783,6.171744850924225],[-75.6437928112715,6.1717524147954235],[-75.64376474843152,6.171748367609729],[-75.64374572381845,6.1717319100413235],[-75.64374068372291,6.1717013730651455],[-75.64374718929696,6.171669149643771],[-75.64376431110378,6.1715997390813495],[-75.6437722136441,6.171554681279641],[-75.64377242535535,6.171553475140886],[-75.64376740538304,6.171529543893796],[-75.64375331840428,6.17150894207509],[-75.64373576162305,6.171493752812148],[-75.64373429470191,6.171492483593849],[-75.64368886901582,6.171476102940566],[-75.64363026973514,6.171459183828507],[-75.64360959806822,6.171453215886414],[-75.64358548024163,6.171451964270213],[-75.6435812155987,6.171451743173248],[-75.64357666905438,6.17145150720395],[-75.64356287582032,6.171450791018469],[-75.64354936087449,6.171450089722885],[-75.6435330476384,6.171452143381599],[-75.64350235120752,6.171456008771152],[-75.64346445521947,6.171475112284446],[-75.64343562852166,6.171491710846805],[-75.64340109164891,6.17153062149199],[-75.64338139145872,6.171565359510974],[-75.64337158616672,6.171597591191996],[-75.64337498829401,6.171632262363202],[-75.64338662087502,6.171660303089927],[-75.643412260388,6.171681695523894],[-75.64345026799384,6.171700575657385],[-75.64348045823057,6.171712481973595],[-75.64351469500937,6.1717259837065],[-75.64355354652525,6.171751466371337],[-75.64357506763439,6.171775349094049],[-75.64358422523806,6.171803396682274],[-75.64359257278713,6.171836401536777],[-75.64359304179443,6.171845547200727],[-75.64359519782374,6.171887588874941],[-75.64358296146862,6.171934690553825],[-75.64357272552077,6.171953850129874],[-75.64356573031498,6.171966943760667],[-75.64354183256759,6.171976922868589],[-75.64347670249005,6.1719928031875995],[-75.64343469720325,6.172017698530813],[-75.64340427644613,6.17205329441389],[-75.64337391928379,6.172111183643538],[-75.64335124612462,6.172144602979155],[-75.64334023864203,6.172160826445858],[-75.64330570312089,6.1722005624885075],[-75.64327358584978,6.172220473543147],[-75.64321505191356,6.172235509247566],[-75.64317955310743,6.172228182955411],[-75.6431778967772,6.172227153343812],[-75.64313987913835,6.172203527034152],[-75.6431042335137,6.172145831879969],[-75.64307188210476,6.172086475000506],[-75.64303280144172,6.1720453905835555],[-75.64302801975968,6.172040363454453],[-75.6429872123475,6.172019021031633],[-75.64296522059762,6.172007519659837],[-75.64290493941775,6.171989530315162],[-75.64290145876441,6.171989296279934],[-75.64288232420367,6.171988009040923],[-75.64285790269679,6.171986365651313],[-75.64281419811877,6.171993926258385],[-75.64276888941298,6.172017179052655],[-75.64274902398431,6.172036821297388],[-75.6427228204874,6.17206272929457],[-75.64265866180553,6.17212897611409],[-75.6425886913921,6.172182852860454],[-75.64257499888276,6.172190250837775],[-75.64255926227364,6.172198753761884],[-75.64250878944993,6.172226026251505],[-75.64240238165894,6.172233770773711],[-75.64231865949995,6.172229362583003],[-75.64231326360755,6.172229078388937],[-75.6422924695981,6.17223269476134],[-75.64226160709654,6.172238061636641],[-75.64224564516174,6.172240836757237],[-75.64217726876043,6.172275717956281],[-75.6421344518964,6.172304744214831],[-75.64211228436676,6.172341967041027],[-75.64210005245212,6.172390721312229],[-75.6420995531036,6.172404786170963],[-75.64209797033462,6.1724493868247094],[-75.64209700415086,6.172476604202041],[-75.64209409912058,6.172537089118242],[-75.64209311654018,6.172557537107805],[-75.64208797337959,6.172570515767464],[-75.6420701654686,6.17261545464677],[-75.64206474931161,6.172629121734564],[-75.64206363325383,6.172631938848661],[-75.64206125043202,6.172635780205143],[-75.64205600983105,6.172644227384469],[-75.64203899847863,6.172671645583449],[-75.6420151047393,6.172682450018588],[-75.64199199320652,6.172679215309853],[-75.6419840022083,6.172675301614117],[-75.64193333069505,6.172650487755027],[-75.64188839341193,6.1726384484653805],[-75.64185406589172,6.172629251232303],[-75.641802881398,6.17261866772562],[-75.64176743097913,6.172627854343503],[-75.6417600630234,6.172634826742945],[-75.6417262945109,6.17266678507378],[-75.64167936371615,6.172699951468342],[-75.6416302067437,6.172704782655786],[-75.64162740066449,6.172705058760818],[-75.64153898654287,6.172659077860289],[-75.64151904264818,6.172645046691931],[-75.64150509044458,6.172635231159352],[-75.64144238717569,6.172635415903797],[-75.64136185883554,6.172655040173768],[-75.6413566449785,6.17265631092566],[-75.64127098091238,6.172704454307357],[-75.6412686645043,6.1727063878024735],[-75.64120843156483,6.1727566587057625],[-75.64115908189952,6.172808823791269],[-75.64107754627543,6.172857781095867],[-75.64107241871157,6.172859331671034],[-75.64099758875503,6.172881962490148],[-75.64097881798062,6.172885194508038],[-75.64093903996309,6.172892043013801],[-75.6408994716104,6.172880684853921],[-75.64087992714957,6.17287507464604],[-75.64085646583268,6.172868339361189],[-75.64076228613229,6.17282567855561],[-75.64074557699695,6.172820953790912],[-75.64070209000535,6.172808656776855],[-75.64069870512239,6.172807699923027],[-75.64069213851648,6.172808686282067],[-75.6406205457955,6.172819437221994],[-75.6405865483691,6.172824542943605],[-75.64054362860045,6.172837029259739],[-75.64052060149453,6.1728437286008075],[-75.64050142559803,6.172852888618307],[-75.64044233167328,6.172881115949231],[-75.64037400429504,6.172932510920502],[-75.64031633860088,6.172962406348412],[-75.64028814127532,6.1729717132908135],[-75.64027595132391,6.172975737115043],[-75.6402164992474,6.172959395950308],[-75.64014957787123,6.172927390412468],[-75.64013123737253,6.172914278772789],[-75.64009666401057,6.172889562016888],[-75.64004384009381,6.172882286231748],[-75.64002073856477,6.172882353858233],[-75.63999519443405,6.1728931627970605],[-75.63991590627107,6.172919194923693],[-75.63990450548147,6.172922425593819],[-75.63986815266881,6.172932727654734],[-75.63985860471523,6.172931981281308],[-75.63979740147356,6.172927195201406],[-75.63973220732542,6.1729398887187195],[-75.63970759989834,6.172944679298428],[-75.63966563222233,6.172975416194634],[-75.63961979524521,6.173069336946789],[-75.63961972549714,6.173069480131814],[-75.63960672081552,6.173096128074499],[-75.63959722830236,6.173111316104433],[-75.63957982236893,6.173139164758507],[-75.6395743725964,6.173147884182946],[-75.63951708789335,6.173171011795338],[-75.63947694628662,6.1731730425524445],[-75.63946670369349,6.173173756035273],[-75.63944757660623,6.173175089473977],[-75.63941960564944,6.173177038145893],[-75.63935092360764,6.173225071757249],[-75.6392606658679,6.173321178288332],[-75.63925182133315,6.173330596203953],[-75.63916209224455,6.173372952859834],[-75.6390761651064,6.173407645140912],[-75.63906935516802,6.173409842302923],[-75.63898639765164,6.173436608548321],[-75.638940947721,6.173439269509288],[-75.63888318124422,6.1734426515165],[-75.63886273789969,6.173443229358537],[-75.63883937804742,6.173436926518397],[-75.6388117718437,6.173430636604383],[-75.63877777616221,6.173415868609902],[-75.63874803794752,6.173405338448956],[-75.63870559098599,6.173403338607383],[-75.63867169402933,6.173422552254288],[-75.63865054960822,6.1734480978588],[-75.63861247681089,6.173490685503016],[-75.63860616115416,6.17350769479146],[-75.63857227018985,6.173529032911967],[-75.63853625319669,6.173548251646819],[-75.6384980867714,6.173558983019195],[-75.63847474490763,6.173559050878761],[-75.63844078612122,6.173557026096987],[-75.63837918693501,6.173535969936161],[-75.63832183648557,6.173517023528339],[-75.63825819945923,6.1735257051709915],[-75.6381585790288,6.173564226981959],[-75.6380886751885,6.173606905569402],[-75.63805923571243,6.173698314931132],[-75.63804874326884,6.173738697327431],[-75.63802141690152,6.173827976226961],[-75.63798756638406,6.173862055741853],[-75.63793878897717,6.173872818013165],[-75.6379354643429,6.17387053099303],[-75.63790238659776,6.173847778383861],[-75.63790201950735,6.173847525263512],[-75.63787493699543,6.173814193615527],[-75.637856646024,6.1738140085859],[-75.63783564772177,6.173813796299],[-75.63763734946453,6.173811789021419],[-75.63760899158754,6.1738115020204685],[-75.63758182613331,6.173811228090421],[-75.63758113715939,6.173806715799034],[-75.637577752069,6.173807908747008],[-75.63754140697897,6.173820716668617],[-75.63750918278264,6.173832071243529],[-75.63749494447518,6.173837087874807],[-75.63749343768988,6.173837619692341],[-75.63748632720922,6.1738402378064094],[-75.6374566292763,6.173851173032656],[-75.63744609655926,6.173854232111933],[-75.6374317970698,6.173858385681766],[-75.63741436761933,6.173863447967247],[-75.63739395974835,6.173869375726669],[-75.63734824559016,6.173900066913833],[-75.63731261850323,6.1739239856032855],[-75.63724895394004,6.1739667281181605],[-75.63715770560329,6.173993124820501],[-75.63715120931884,6.173995003993261],[-75.63714027527158,6.17399709863306],[-75.63706701724172,6.173983008839986],[-75.63705081373,6.1739798924636595],[-75.63696966453166,6.173957241586309],[-75.63695553550717,6.173955869675784],[-75.63688647823922,6.173949162261815],[-75.63682407628298,6.173938942173658],[-75.6367533951224,6.173941229009279],[-75.63667505582832,6.173965982278199],[-75.63665369269806,6.173972732911123],[-75.63657890841318,6.17399375924628],[-75.63657128720395,6.173997949306696],[-75.63653324239968,6.17401886314248],[-75.63649592276754,6.174054344801243],[-75.63648475819522,6.174069912670323],[-75.63646900488186,6.174091877714601],[-75.63646518476797,6.174110305745119],[-75.63646080352507,6.174131436039408],[-75.63643809333534,6.174185603344253],[-75.63640287130653,6.174227321567518],[-75.63637176485439,6.1742544624364095],[-75.63632607478243,6.174271242891665],[-75.63626369100598,6.174267264195875],[-75.63623240790744,6.174234062639079],[-75.63617615191438,6.174192612471974],[-75.63614206778615,6.1741756804493235],[-75.6361261820892,6.17416779000788],[-75.63608250420181,6.174161675433634],[-75.636049227161,6.174157611219307],[-75.6360265435682,6.174160201626367],[-75.63601181628826,6.174161882006205],[-75.63598277672719,6.174184855809355],[-75.63594545794273,6.174220338349357],[-75.63592688639208,6.174268249935569],[-75.63589585285352,6.174320360197816],[-75.63588481587958,6.174337258188364],[-75.63584410789,6.174399581496474],[-75.63583448951151,6.174414554069969],[-75.63581867789999,6.174439167352271],[-75.63581582715148,6.174444660907165],[-75.63576824557843,6.174517507934625],[-75.63570910396187,6.174559774100347],[-75.63568630133429,6.174586328661773],[-75.63562253205541,6.17463972939705],[-75.63562109394977,6.174640815955475],[-75.63561448297534,6.174645809220983],[-75.63557449312476,6.174676009087348],[-75.63556292076404,6.174684748899311],[-75.63553076054794,6.174718923934955],[-75.63551826175004,6.174743073298528],[-75.63551650265363,6.174746469479508],[-75.63550041580498,6.174796339584029],[-75.63549874055853,6.174801529882907],[-75.6354714154644,6.1748548241561725],[-75.63546191173604,6.174873985516501],[-75.63545693851944,6.174882279478545],[-75.6354446707624,6.17490273647424],[-75.63543297566058,6.174918438056933],[-75.63541789128567,6.174938690230443],[-75.63534488620456,6.175006265175343],[-75.63533850634454,6.175021641180548],[-75.63533511512783,6.175029816105921],[-75.63533418944247,6.175032230882513],[-75.63532843555741,6.175047238550988],[-75.63532800125307,6.175048371666032],[-75.63532434028508,6.175071039803845],[-75.63532087457848,6.175079130118035],[-75.63532003783939,6.175081082485803],[-75.63530903616832,6.175106765833638],[-75.63530313616444,6.175120539298067],[-75.63527876272276,6.1751704812077985],[-75.63526841617788,6.17519913291315],[-75.63526341818421,6.175208810190793],[-75.63525405745477,6.175226933902289],[-75.63523540539082,6.175247811275187],[-75.63522127333273,6.175262087499248],[-75.63522042215347,6.175262946945608],[-75.63520164531971,6.175279602132037],[-75.63519290983785,6.175287350611734],[-75.63517512718757,6.175304664442327],[-75.6351461981262,6.175332830540223],[-75.63511304971394,6.1753619089353355],[-75.63508426281085,6.1753801017822365],[-75.63504880522977,6.175395787308025],[-75.63504760916068,6.175396316677846],[-75.63502164232744,6.175409934630943],[-75.63500134611795,6.175415815674419],[-75.63499685499245,6.175417117154206],[-75.6349914804809,6.175416054406854],[-75.63495605969018,6.175409048156606],[-75.63492090152243,6.175399619563364],[-75.63490279059191,6.175394763253192],[-75.63484535703965,6.175383722809371],[-75.63480718012366,6.175365366325537],[-75.63480558287077,6.175364776663597],[-75.63477541879524,6.175353645403292],[-75.63474505785645,6.175348369728006],[-75.63472378472784,6.175347404728666],[-75.6346960438256,6.175349342122218],[-75.63467361559948,6.1753520767819365],[-75.63465508013076,6.175356355253889],[-75.63464761095054,6.175367366491235],[-75.63464218763067,6.175396432272743],[-75.63464480333383,6.175440026051165],[-75.6346457284878,6.175470194057072],[-75.6346466965645,6.175492785931223],[-75.63464250672762,6.175504231138384],[-75.63464010654553,6.1755107865261145],[-75.63462967346258,6.1755223150985294],[-75.6346133785934,6.175530145322984],[-75.63458416959351,6.175558156394287],[-75.6345503456358,6.175585445393026],[-75.63453464461006,6.17559371656178],[-75.63452390516908,6.175599373957589],[-75.63452361686008,6.175599525457808],[-75.63451828286982,6.175604099242741],[-75.63450631332611,6.175614363431198],[-75.63450728056156,6.175622722888908],[-75.63451151126051,6.175637619620999],[-75.63451855654782,6.175651579376455],[-75.63451735481534,6.175653703513744],[-75.63454345911755,6.175666959519584],[-75.63454956133944,6.175671967545846],[-75.6345875007357,6.1757031129733875],[-75.63460353230607,6.175716378195492],[-75.63462500961332,6.1757341475233005],[-75.63464622026493,6.175751697583136],[-75.63472696357684,6.175850000547639],[-75.63485852567968,6.176011580001699],[-75.63494661276147,6.176132482048132],[-75.6350126759237,6.176220618425659],[-75.63514818877533,6.176378806960503],[-75.63523966642438,6.1765076214978265],[-75.63526601592085,6.176582650672948],[-75.63526903301897,6.17659124044015],[-75.63526904134542,6.1766579120675775],[-75.63525098635456,6.176731366788169],[-75.63516689189623,6.176950607305564],[-75.63514827588035,6.17705344001905],[-75.63513756315679,6.177175487960024],[-75.63513024356112,6.177329174297693],[-75.635122917137,6.177432009821888],[-75.63514833120148,6.177505458830393],[-75.63517666707058,6.177548706312065],[-75.63517737336375,6.1775497822434176],[-75.63518164668665,6.177556305458715],[-75.63519380406944,6.177614295873031],[-75.63519866202189,6.177637466930615],[-75.63521102294939,6.177696429088599],[-75.63524716630597,6.177780045148031],[-75.63526967394374,6.177798814597429],[-75.63528781863226,6.177813941570647],[-75.63537193942369,6.17783201141267],[-75.63554413067216,6.177835380560263],[-75.6357129360785,6.177843268591312],[-75.63580778245101,6.177853428107351],[-75.63595457329869,6.177890700952973],[-75.63607200603252,6.177930236609057],[-75.63614879078645,6.177964129146614],[-75.63622292595382,6.1780089312802025],[-75.63623291755438,6.178014969578516],[-75.63628430044015,6.178066944229225],[-75.63629376441752,6.1780985054673145],[-75.63629526979383,6.178103524499386],[-75.63630293723358,6.178129094490819],[-75.63632101180782,6.178194636807904],[-75.63632497599502,6.178290689248514],[-75.63632103727828,6.178393522357632],[-75.63633573546257,6.178547207851252],[-75.6363651064972,6.178656817013252],[-75.63640916110933,6.178796935413163],[-75.6364313841671,6.178868761951353],[-75.63644776136238,6.178921691275443],[-75.63645128466396,6.178933078341985],[-75.63645321521747,6.178939315725257],[-75.63647524111883,6.179005983842516],[-75.63648992816562,6.179076045084602],[-75.63650493061874,6.1791576259245815],[-75.6365080070529,6.179174356311123],[-75.63651078147196,6.179199961409073],[-75.6365198553124,6.179283692548073],[-75.63652270166676,6.179309959954389],[-75.63655546649026,6.1794534720448455],[-75.63659217569615,6.179548388350565],[-75.63665090344522,6.179673816352886],[-75.63670963451247,6.179791335725447],[-75.63680111116577,6.179923535231609],[-75.63687112922192,6.180029752223983],[-75.63690388088862,6.180077209422056],[-75.63694397251219,6.180128055622926],[-75.63701003597134,6.180206020876507],[-75.63706141900373,6.180268164937636],[-75.63710546641171,6.180348392857974],[-75.63714161000804,6.180446702938295],[-75.63715001749249,6.180482687434247],[-75.63716589852879,6.18055066336924],[-75.63717199663236,6.180571229977208],[-75.63716983610216,6.180571269629359],[-75.63714847645501,6.180571656794887],[-75.63711630367335,6.180572131977822],[-75.63708054837944,6.180573889698198],[-75.63703736150347,6.180579654866411],[-75.63698259556053,6.180592634825168],[-75.63695556029438,6.18060467165862],[-75.6369005982658,6.180639883071869],[-75.63685052085458,6.180659678861143],[-75.6368053325432,6.180688118378077],[-75.63675242984125,6.1807313104267765],[-75.63669734237445,6.18077913389426],[-75.63666810191589,6.180802985791464],[-75.63662290834914,6.180839851037323],[-75.6365627257662,6.180880848017879],[-75.63646774135064,6.180802447630428],[-75.6364432236029,6.1807822110670605],[-75.63635056661045,6.180725967213866],[-75.63634947211484,6.180725302746013],[-75.63634174994601,6.180720615610164],[-75.63628944056406,6.180682089748561],[-75.63626435523611,6.180663614357744],[-75.63616734116516,6.180563515084741],[-75.63605600005155,6.180473161053544],[-75.6360152193469,6.180445139929587],[-75.63600764909943,6.1804399376297825],[-75.63599882865756,6.180433639498911],[-75.63590124449415,6.180363962325568],[-75.63581882515481,6.180282968082466],[-75.63576037836526,6.180196941417653],[-75.6357690890329,6.180095885459293],[-75.63574410636471,6.179990322695288],[-75.63565225101492,6.179928647660745],[-75.63556567160354,6.179919811478896],[-75.63544996026489,6.179877577805288],[-75.63531004718926,6.179816336286291],[-75.63518429548705,6.179726103124813],[-75.63518335347922,6.179725038308087],[-75.63517105290282,6.179711139909592],[-75.63514385101185,6.1796804033885975],[-75.6350871980477,6.179616387557247],[-75.63501408314016,6.179501646783337],[-75.63500087006891,6.179484614048901],[-75.63485850463061,6.179301098537007],[-75.63474227409569,6.179266907799836],[-75.63471247041439,6.179257465411812],[-75.63462863251445,6.17923090243032],[-75.63457379509255,6.179169030938531],[-75.63447942693715,6.179116660743976],[-75.63444272479235,6.179096292759376],[-75.6344040634045,6.179074837872367],[-75.63439680703516,6.179070811048847],[-75.63433214735726,6.179034928039751],[-75.63419013594729,6.178956119073961],[-75.63397454371639,6.178847434290964],[-75.63387153039952,6.178795502753538],[-75.63388236264774,6.178764588490494],[-75.6339274018328,6.178636047435383],[-75.63395234932094,6.178592915534258],[-75.6339591016364,6.1785812406476],[-75.63396793937457,6.178572238641444],[-75.63400533953526,6.178534140247457],[-75.63400818148573,6.178531244963444],[-75.63406464178001,6.1784762160318465],[-75.63409127707611,6.178409071487168],[-75.6341229343196,6.178349318866756],[-75.6342549049678,6.178429904415696],[-75.63431222984842,6.178339306852476],[-75.63431799576848,6.178330194405401],[-75.63433059779415,6.178310278158508],[-75.63432266915471,6.178304016238651],[-75.63432038750481,6.178302214026284],[-75.63420340135939,6.1782098269191925],[-75.63424036542631,6.178189670612303],[-75.63430934182767,6.178149405134759],[-75.63437327856398,6.178099265305245],[-75.63438424529123,6.178089877567752],[-75.63439765865529,6.178078393875135],[-75.63443471002421,6.178046675262849],[-75.63446674634997,6.178029043965399],[-75.63447931455465,6.17801507380927],[-75.63448424840242,6.178009588909671],[-75.63452068989827,6.177969081454638],[-75.63453559100142,6.1779207179011815],[-75.634535793695,6.177920058749958],[-75.63453753263029,6.177914411586849],[-75.63456653094786,6.177834858138294],[-75.63459832040924,6.177789975548795],[-75.63463174862125,6.177758632894839],[-75.63465970646273,6.177732418891971],[-75.63471882552916,6.177697202538293],[-75.63480018561314,6.17765681690065],[-75.63484955655709,6.17763902916482],[-75.63485866972212,6.177636953506651],[-75.63491434031845,6.177624271340495],[-75.63491751187846,6.17762354865587],[-75.63495136810076,6.177613903720883],[-75.63492888822533,6.177482631746454],[-75.63492239180937,6.177444699379634],[-75.63491010776285,6.177372968956386],[-75.6348923526842,6.177292720590459],[-75.63486787167649,6.177158454368443],[-75.63487475219587,6.177084699722693],[-75.63486261973868,6.177073358907927],[-75.63485662202828,6.177067752800175],[-75.63486713908698,6.177029925961622],[-75.63488993552254,6.1769694180985075],[-75.63490746348276,6.176914494429583],[-75.63491929224438,6.176858065741378],[-75.63492529917337,6.176800722984214],[-75.63492542310392,6.1767430658440725],[-75.63491965979948,6.176685698244768],[-75.63490807094529,6.176629220167128],[-75.63486469406921,6.176542130359879],[-75.63485729256448,6.176529756274481],[-75.63483406427021,6.176490923207907],[-75.63483282346627,6.176489166464001],[-75.63481182389015,6.176459331183941],[-75.6347910854383,6.17642987430805],[-75.63477208361222,6.176402885011176],[-75.63474922737778,6.176370419106964],[-75.6347323442473,6.1763464388272515],[-75.63470658062009,6.176309844075415],[-75.63469873718469,6.176298703487339],[-75.63466822037061,6.176255355542652],[-75.63465672994917,6.176239034749921],[-75.63462598481725,6.176195364282072],[-75.63461320899566,6.176177218255595],[-75.63459457833812,6.176150754165324],[-75.63459401962004,6.176151571480492],[-75.63458819745959,6.176160085718371],[-75.63445767095664,6.175892664179226],[-75.63442072853434,6.175865483479715],[-75.63435807746396,6.175819387272979],[-75.63431015241375,6.175784125441741],[-75.63422928130673,6.175724627458468],[-75.63421344755488,6.175721406117761],[-75.63417474607994,6.175725209499157],[-75.63412762842249,6.175725347066293],[-75.63406239880362,6.175725538181756],[-75.63404476076423,6.175722422505924],[-75.63392540453032,6.1757013418549525],[-75.63390383738023,6.175695907766238],[-75.63374621699671,6.175656187976879],[-75.63354585302429,6.175572443817105],[-75.63336317649791,6.175534326088501],[-75.63320162567294,6.175517229491053],[-75.63299792487447,6.175493229379672],[-75.63279431713153,6.175500852353487],[-75.6326383914139,6.175518897944158],[-75.63262518627353,6.175520426066961],[-75.63259450127227,6.175523977194919],[-75.63254512937542,6.175529691099717],[-75.63241876886853,6.175540601070606],[-75.63233444772357,6.1755197651651335],[-75.63228866346716,6.175499098306969],[-75.63226484604802,6.175519047423491],[-75.63225449631832,6.175527716050235],[-75.63223646213386,6.175523953160375],[-75.6321636280933,6.175511836877302],[-75.63214321731046,6.175508441038307],[-75.63208010923005,6.175501450478069],[-75.63194395277341,6.1754718730474565],[-75.63185974128409,6.175439591243296],[-75.63171747737529,6.175397177532374],[-75.63164082271003,6.17545004508804],[-75.63158499882213,6.175490760383139],[-75.63157606832542,6.175494705550172],[-75.63154544431964,6.175508232507756],[-75.631542167916,6.175518085686916],[-75.63133193796068,6.175663077825582],[-75.63130402774044,6.175682326640826],[-75.63109605093689,6.175825763472994],[-75.63108127847941,6.17583185392179],[-75.63108081963018,6.175832043330463],[-75.63106414506592,6.175838918865183],[-75.63104925529628,6.175797852828587],[-75.63104904008081,6.175797258124337],[-75.6310485693783,6.175795962237173],[-75.63103374549453,6.175758724525643],[-75.63104852971847,6.175795979610346],[-75.63104562647388,6.175797441359015],[-75.63104554448009,6.175797483351019],[-75.63099900792714,6.175820926894456],[-75.63099895025513,6.175820955205355],[-75.63097392399526,6.175833563054693],[-75.6308440512533,6.175837542444159],[-75.63084330071457,6.17583756514239],[-75.63075727342705,6.175840201144482],[-75.63064737238543,6.17581957739538],[-75.63061226611383,6.175812989669688],[-75.6305836344469,6.175807616598255],[-75.63053333215105,6.175798176722767],[-75.6304350792532,6.1757797391558915],[-75.63032253503238,6.175745926551091],[-75.63028526366229,6.17574540303279],[-75.63018107512411,6.175780750534318],[-75.6301699613426,6.17578452115225],[-75.63016631356216,6.175785758758796],[-75.63009596865182,6.175809623756375],[-75.63003995763543,6.175796202599478],[-75.6300398518212,6.1757961769053535],[-75.63001807885783,6.1757909606335915],[-75.63001707228334,6.175790719710005],[-75.63001626777357,6.17578987388104],[-75.63001530799795,6.175788866090818],[-75.62996670536734,6.175737825078451],[-75.62996350913733,6.175734467871641],[-75.6299211890796,6.175690020665595],[-75.62992003135635,6.175688805018198],[-75.6296457244722,6.175400737676712],[-75.62958140867285,6.175333195803741],[-75.62938413864661,6.175249261771639],[-75.62920680321977,6.175173809441866],[-75.62916981538328,6.175158071950987],[-75.62903728160425,6.175101681477206],[-75.62895112885057,6.175305678096628],[-75.62869081690243,6.175195225843618],[-75.62850651928703,6.175584853799731],[-75.62844125747336,6.175722825522942],[-75.62843283768868,6.1757343549288395],[-75.62842819352817,6.175740714384364],[-75.62835407804971,6.175842201649826],[-75.62831045393364,6.175899405096661],[-75.62827218432484,6.175949587427151],[-75.6282716640567,6.175950693846287],[-75.62823798376192,6.176022394345204],[-75.62821154749298,6.1761353579536316],[-75.62819875072458,6.176182864054209],[-75.62819110779652,6.176211238442531],[-75.62818885198774,6.176219611170992],[-75.62816985644416,6.1762617597597504],[-75.62808603960274,6.176365324585576],[-75.62804038638092,6.176443904440553],[-75.628029024768,6.176456771920885],[-75.62796416619317,6.176530227605411],[-75.627903023322,6.176541885600232],[-75.627788334271,6.176547959909362],[-75.62767928572528,6.176521491165471],[-75.62763153106046,6.176535023064324],[-75.6276201380073,6.176561843844023],[-75.6276355272325,6.176594325438605],[-75.62768145922948,6.176611411956193],[-75.62776184818595,6.176643704302876],[-75.62782125131024,6.176691364373638],[-75.62784814473397,6.1767352931646125],[-75.6278673899097,6.176779243480662],[-75.62786136431363,6.176814841396375],[-75.6278579929615,6.176834758061179],[-75.62782771055456,6.1769400797679594],[-75.62782719965293,6.176942352368789],[-75.62782003994668,6.176974197745124],[-75.62780317486236,6.177049211680948],[-75.62778821539368,6.17716405598336],[-75.62777681651905,6.177188962917955],[-75.62775397575287,6.177223469583626],[-75.62773363478193,6.177243946560006],[-75.6277311018201,6.177246495850703],[-75.62771819738096,6.177248573860835],[-75.62769479482512,6.177252341901096],[-75.6276641789773,6.177242864155978],[-75.62765914929489,6.177240662333487],[-75.62765812546768,6.177245346769709],[-75.62765697090619,6.177250630334876],[-75.6276420531328,6.177327247483438],[-75.62749737567742,6.177456172565939],[-75.62746727481569,6.177555827699497],[-75.6274812443255,6.177674401105452],[-75.62746642616551,6.177689378555741],[-75.62745270637865,6.177703245824939],[-75.62734952507421,6.17771715022594],[-75.62735299256133,6.177765594836879],[-75.62726078198952,6.177660676874394],[-75.62721375309567,6.177691891181721],[-75.62721872375718,6.17771361993668],[-75.627234222409,6.177755821373505],[-75.62725572737334,6.177794942850652],[-75.62728928314299,6.177829418508182],[-75.62731074766158,6.177864002739027],[-75.62733982229756,6.177904562210843],[-75.62736434309699,6.177942147251419],[-75.6273903402642,6.177976690087393],[-75.62741192975513,6.1780248814924414],[-75.62742430416759,6.178056526362779],[-75.62742769776406,6.178097314911916],[-75.62742958228338,6.178139641480905],[-75.62742993435137,6.178178952472043],[-75.62754592837243,6.17818609793096],[-75.62760359793423,6.178265176027209],[-75.62760333234753,6.178267553190191],[-75.62758401755727,6.17844032632413],[-75.62762345460104,6.178471447755792],[-75.62770032095474,6.178486353492755],[-75.62781109850869,6.178570394419928],[-75.62777116769934,6.178645130950895],[-75.62751931214318,6.178642417158621],[-75.62741392559536,6.178672046792389],[-75.62744503853494,6.1787205463992025],[-75.62747534243663,6.178778264105569],[-75.62749222240228,6.1788259679804165],[-75.62755671211062,6.178837508541274],[-75.62757792869755,6.178850027846536],[-75.62769086038168,6.1788825660076645],[-75.62768575421708,6.1790197016599935],[-75.62766698565775,6.179031349144469],[-75.62766576810075,6.179032104623418],[-75.62765755860276,6.1790371997675955],[-75.62765630981357,6.179163395398259],[-75.62756476464443,6.179229791387822],[-75.62738822188874,6.17922466576678],[-75.62738244036338,6.179290496727255],[-75.62738113181977,6.179305395656161],[-75.62737352174757,6.179331097524936],[-75.6273909252492,6.1793713955230904],[-75.62731271438938,6.179430937044932],[-75.6271593329586,6.179502752012296],[-75.62716171672854,6.179509506160149],[-75.62721661248082,6.179624110973463],[-75.62720781785023,6.179626873840396],[-75.62712144718306,6.179654005622228],[-75.62700643897487,6.17967810934402],[-75.62700589445959,6.179703040391757],[-75.62701905114363,6.1797791499529495],[-75.62700408825792,6.179866763365042],[-75.62689150709197,6.179875467199021],[-75.62685817506092,6.179875380633862],[-75.626849499944,6.179879299190447],[-75.6268332513564,6.179884125785534],[-75.62681641589482,6.179886081296388],[-75.62679949551658,6.179885107190393],[-75.62674749221823,6.179880883747989],[-75.62669533307631,6.179882056459745],[-75.62665654115285,6.179886501765777],[-75.62661838237156,6.179894774413386],[-75.62658213752833,6.17990685179976],[-75.62654772068021,6.179923440415893],[-75.62659052819276,6.1800601992339494],[-75.62661698714338,6.180144727615555],[-75.62663499180775,6.18019976055433],[-75.62663694260398,6.180205724895411],[-75.62670827437874,6.180423758098768],[-75.62669255004974,6.180427740431957],[-75.62667768634782,6.18043423720275],[-75.62666408076667,6.180443071964161],[-75.62665209709255,6.1804540105764305],[-75.62664205545444,6.180466758544055],[-75.62663422787463,6.1804809745985],[-75.62656562358015,6.180629289144349],[-75.62647815843793,6.180681064477076],[-75.62657022732772,6.180739930640392],[-75.62661975918306,6.18070332748725],[-75.62685854998234,6.180660048002516],[-75.62680081271058,6.18058379087344],[-75.62708773444965,6.180290393165287],[-75.62733267527425,6.180428751642286],[-75.62720752609538,6.180569026674139],[-75.62703190561817,6.180713334697089],[-75.62702694747922,6.180718131705408],[-75.62702282855552,6.180723666792082],[-75.62701965652911,6.180729794776298],[-75.62701751461698,6.180736355229249],[-75.62701645887473,6.180743175199729],[-75.62691158608051,6.180734412671533],[-75.6269098767531,6.180731801176514],[-75.62679098102814,6.181002190941015],[-75.6267903489215,6.181002418271156],[-75.62678015685562,6.181006102047614],[-75.62677483624769,6.181007923800772],[-75.62677116498206,6.181009171462754],[-75.62676882749275,6.181009965928658],[-75.62674129663353,6.181019053063007],[-75.62673301548433,6.181021901087286],[-75.62671444385465,6.181028259795345],[-75.6267103017199,6.181029825299374],[-75.62670887262193,6.181030365755669],[-75.62670410075366,6.181032273392759],[-75.6266935733207,6.1810375571919165],[-75.6266896778397,6.181040413368406],[-75.62668784529323,6.181041754098075],[-75.6266866120824,6.181042633509918],[-75.62668609892367,6.1810429850112865],[-75.62668571721842,6.181043249073704],[-75.62668428762359,6.181044237942771],[-75.62667936543434,6.181047534948492],[-75.62667717125795,6.181048997704978],[-75.62666989011377,6.181053132676935],[-75.62666797840848,6.181053991937574],[-75.62666688570141,6.181054421340389],[-75.62666612206084,6.181054719836822],[-75.62665976167041,6.18105634693369],[-75.62665634104542,6.181056947862114],[-75.62665407839513,6.181057348694579],[-75.62665285485429,6.181057625055117],[-75.62665260315927,6.181057692295251],[-75.62665125890194,6.181058035248442],[-75.62664742440576,6.181059337959959],[-75.6266467255261,6.181059580084947],[-75.62664350058452,6.1810599296231965],[-75.62663877780423,6.181060435734806],[-75.62663677675798,6.181060397712213],[-75.62663523464617,6.181060369173566],[-75.62663464371833,6.181060337740793],[-75.62663111086447,6.181060162642204],[-75.6266202389212,6.181059154125208],[-75.62661137866543,6.181058326418461],[-75.6265934176415,6.181056441659889],[-75.62658772913369,6.181055834231252],[-75.62658254436641,6.181055346359532],[-75.62658115533372,6.181055219426211],[-75.62658090410474,6.1810551980668125],[-75.62657454911755,6.181054625574567],[-75.62656718422738,6.181054055362429],[-75.62655056216451,6.181052767890842],[-75.62654379718848,6.181052402645009],[-75.62653211140739,6.181051771523131],[-75.62653117084433,6.181051730065914],[-75.62652746418873,6.181051664312138],[-75.6265256919539,6.181051681209329],[-75.6265244779586,6.181051695346963],[-75.62651968033813,6.181052595090652],[-75.62651931236387,6.181053811053192],[-75.62651911663569,6.181054053402963],[-75.62651902928327,6.181054108077964],[-75.62651887540788,6.181054228173641],[-75.62651823120557,6.181054384143135],[-75.6265176962401,6.181054526915879],[-75.62651515890106,6.181054545787059],[-75.62651332162413,6.181054562101685],[-75.6265110698395,6.181054602162601],[-75.62650837813872,6.181054642590036],[-75.62650667279716,6.181054669101087],[-75.62649488446407,6.181054856653551],[-75.62648062498457,6.181054930757792],[-75.62647744331576,6.181054896762563],[-75.62647686328101,6.181054876124425],[-75.62647458842748,6.181054817757414],[-75.62647121969728,6.181054585795107],[-75.62646706302155,6.18105430348454],[-75.62646395873796,6.181054574676716],[-75.62646797847796,6.1810454139234325],[-75.62646936932319,6.181042247381925],[-75.6265596764177,6.180858515927552],[-75.62650858572731,6.180817208244521],[-75.62650386323934,6.180813380321222],[-75.62634084970979,6.18064733760623],[-75.62614602088345,6.180525514699989],[-75.62609936298665,6.180499063956463],[-75.62609924613092,6.180498997634003],[-75.62599341777647,6.180439004187191],[-75.62595910851365,6.180419554867552],[-75.62595856046973,6.180419243869211],[-75.62594093071368,6.180409248983863],[-75.62592887321124,6.180353961496683],[-75.62591460222926,6.180288533326981],[-75.62589198919451,6.180184859701776],[-75.62591191336806,6.180140105513996],[-75.62592579355446,6.180108928437612],[-75.62595048134028,6.180076707113476],[-75.6259545729733,6.180061792610268],[-75.62594818268023,6.180058639206396],[-75.6259882410097,6.1799686678257375],[-75.62598608016137,6.179962604166836],[-75.625991822246,6.1799575944569485],[-75.62596473314889,6.1799328116918],[-75.62595052303239,6.179919815620974],[-75.62593804446726,6.179901486117024],[-75.62598338547771,6.179870121038816],[-75.62603148356821,6.179843181238427],[-75.62603164218748,6.1798431072262785],[-75.62608190264856,6.179820893075027],[-75.62613179718474,6.1798061708128476],[-75.6261902775106,6.179791944030744],[-75.62624011279391,6.1797436093445635],[-75.62655278091405,6.1797159921352876],[-75.62661526774544,6.179718123342066],[-75.62661515866671,6.179680640026129],[-75.62665679489596,6.179681821963323],[-75.62670490415516,6.179582104883682],[-75.62676998000731,6.179613551669682],[-75.62680631346359,6.179540539759667],[-75.62680744315328,6.179538269522998],[-75.62674473647203,6.179509152526585],[-75.62674360834934,6.179508628327201],[-75.62674689311407,6.179501548725018],[-75.62676787717213,6.1794563219110525],[-75.62683139350393,6.179485862522141],[-75.62683796988826,6.179469981062796],[-75.62686904434175,6.179382534820606],[-75.62686905591508,6.1793825004093925],[-75.62687321066689,6.179369947890449],[-75.62690537831632,6.179263867330693],[-75.6269086547776,6.1792519935768055],[-75.62690916585119,6.179250121469082],[-75.62692220802931,6.179200158703829],[-75.6269253032933,6.179187627695107],[-75.62692957495355,6.179169843748252],[-75.62693406664005,6.179148137836033],[-75.62693552927394,6.179126020182176],[-75.62693537263601,6.1791193562775355],[-75.62693519090298,6.17911602754849],[-75.62693459989313,6.179109205773357],[-75.62693235286514,6.179088423659909],[-75.62692747260945,6.179043283099655],[-75.62693018569311,6.179021949407791],[-75.6269308271219,6.17900457305057],[-75.6269283422867,6.178972392907536],[-75.6269275999348,6.17896785190198],[-75.62692065925988,6.178928029219639],[-75.62689374254036,6.178773589972439],[-75.62679022757891,6.178794252899256],[-75.62675936885611,6.178676800744532],[-75.62674405414054,6.1786894617519215],[-75.62676301201876,6.178628299273878],[-75.62677153707035,6.178614840091506],[-75.62677777802816,6.178600179861581],[-75.6267815696783,6.178584703623176],[-75.62678281375345,6.178568816877651],[-75.62678207839576,6.178557087709988],[-75.62677995006908,6.178545530867837],[-75.62674424827055,6.1784962854236705],[-75.6267125188321,6.178444387741505],[-75.62668495754549,6.178390157793716],[-75.62666173497685,6.178333929238186],[-75.62661120430137,6.178328986047415],[-75.62660154544889,6.178382884612341],[-75.62659493254077,6.178382025892456],[-75.62658984199244,6.178398616918926],[-75.62646775093222,6.1783915682908175],[-75.62644784642231,6.178331159251691],[-75.62644777525638,6.178306478041818],[-75.62645499113559,6.178243521176693],[-75.6264733167173,6.178185468152453],[-75.62648545976548,6.17817058529512],[-75.62650157596933,6.178150832560251],[-75.62652980639221,6.178106324848086],[-75.6265531624273,6.178081576704693],[-75.62656717420742,6.178042659397245],[-75.62657273204091,6.178027221443217],[-75.62658515144186,6.177986873655564],[-75.62657352694592,6.177985101288273],[-75.62658923698125,6.177949850567478],[-75.62662240712308,6.177873743486065],[-75.62665758763173,6.177856883547525],[-75.62667035293929,6.177850766932952],[-75.62669090949743,6.17782600188525],[-75.62669706021195,6.177806781156272],[-75.626696144645,6.177803931584136],[-75.6266982362658,6.177803105793269],[-75.62670232310705,6.177790335737289],[-75.62669660813418,6.1777653117564775],[-75.62668929961717,6.177733310029757],[-75.62667125560345,6.177691870595205],[-75.62664147508828,6.177627414995683],[-75.62661470218254,6.177562869495141],[-75.62660420626537,6.177488277288031],[-75.62659502920873,6.177419181535865],[-75.62659706086059,6.1774056486689926],[-75.62662823572066,6.1773486170381],[-75.626654201514,6.177306675383572],[-75.6266700554574,6.177271666245594],[-75.62648879057075,6.177265413422873],[-75.62649151312648,6.177266870867606],[-75.62635394601726,6.1772671897504985],[-75.62633862053222,6.177267224775864],[-75.62634086578373,6.177359272547194],[-75.62634296139032,6.177445153604333],[-75.62633726444443,6.1774507028025925],[-75.62622476576637,6.177560298256489],[-75.62611255571142,6.177611019402452],[-75.62603001566015,6.1774964586196255],[-75.62603040039507,6.177375365053449],[-75.62615907866075,6.17718944002822],[-75.6263554128598,6.1770757600278445],[-75.62633668361931,6.177021015374168],[-75.62631864727919,6.176968295991497],[-75.62629300926699,6.176893356357977],[-75.62649394493612,6.17684856781614],[-75.62650167446371,6.176854400555372],[-75.62650359988879,6.176823540222024],[-75.62652585064798,6.176745759462738],[-75.62654716245284,6.176683098211519],[-75.62656929128313,6.176618326481107],[-75.6265834856284,6.17658455596603],[-75.62659103908733,6.1765504765244295],[-75.62660450290535,6.176485803651845],[-75.62660996043222,6.176468709069732],[-75.62661001913997,6.176468524352846],[-75.62661268163129,6.1764601848694465],[-75.6266120389651,6.176459918636223],[-75.62661485269497,6.176453122528804],[-75.62661882869453,6.176443519018724],[-75.62663135031093,6.176413271727723],[-75.62663217241034,6.176411090706316],[-75.62664597245637,6.176374481605648],[-75.6266468411105,6.17637294856051],[-75.62665225904455,6.17636339488306],[-75.62672761835749,6.176286902234661],[-75.62675036348593,6.17625606743385],[-75.6267536698049,6.176250977554066],[-75.62675738969507,6.176246041128418],[-75.62676151795964,6.176241303385231],[-75.62676602501286,6.176236809673315],[-75.62677091116682,6.176232623274837],[-75.62677613134167,6.176228761589503],[-75.62688833321702,6.176307039830904],[-75.62679523492828,6.176506298336714],[-75.62681059589991,6.176529214330026],[-75.62675912138972,6.1766753565970705],[-75.62665012620623,6.1769848091578625],[-75.62666482771033,6.177018883523156],[-75.62667774418126,6.177054772100455],[-75.62687476918221,6.177043642539245],[-75.62693327664878,6.177049633918362],[-75.62694245523622,6.177124347427895],[-75.6270320176868,6.177106148387023],[-75.62716341625412,6.1770938078976005],[-75.62728591482984,6.177102419388205],[-75.62734860069475,6.177087288572773],[-75.62741129588353,6.177075147407716],[-75.62745913352582,6.177089956244294],[-75.62756086090495,6.177146462157651],[-75.62764458822764,6.177176114431338],[-75.62771625258674,6.177166936682486],[-75.62774598539727,6.177119015977434],[-75.62776964744444,6.177038228616157],[-75.62777622627465,6.176915573134479],[-75.62777814793536,6.176879755022237],[-75.62779277909682,6.176775076606122],[-75.6277747257633,6.176730285049807],[-75.62773578810773,6.176694523319958],[-75.62763705647585,6.17664099863651],[-75.62755022978357,6.1765724909943405],[-75.62754412534522,6.176527664780174],[-75.62757687908739,6.176491694300438],[-75.62763359133933,6.17647658125163],[-75.62772921412675,6.176488260968921],[-75.6278068967662,6.176494013765068],[-75.62787858811348,6.176493804100354],[-75.62793527325091,6.176469722053142],[-75.62798593248253,6.176427720729471],[-75.62803665496702,6.176340874480946],[-75.62807200217233,6.176289547595813],[-75.62807309411042,6.176288232227181],[-75.62803868003355,6.176275487025457],[-75.62805624206315,6.176241765864963],[-75.62807660374182,6.176207003864379],[-75.62809820961985,6.176170113904027],[-75.62810895524032,6.176151769105053],[-75.62812029205827,6.1761324133659325],[-75.62813017376206,6.176118391494573],[-75.62814349019717,6.176099495174555],[-75.62815107998453,6.176088725658223],[-75.6281570219284,6.1760757186206],[-75.62816775118766,6.176052228037631],[-75.62819132621453,6.175976881717976],[-75.62822194949517,6.175908616359096],[-75.62823112558274,6.175888162028615],[-75.62824290947896,6.175846095194705],[-75.62824362078507,6.175843796290652],[-75.62824641530254,6.175834759134171],[-75.6282479392616,6.175829830846105],[-75.62825244642849,6.175823533543573],[-75.62825695178871,6.175817236249977],[-75.62827521550614,6.175803252508681],[-75.6282852990205,6.175795531788653],[-75.62829347832367,6.175789269675666],[-75.6283021667828,6.175780381486846],[-75.62831085614494,6.175771493293527],[-75.62831216063347,6.175769318025033],[-75.62831263010321,6.175768534603622],[-75.62832367514497,6.175750095209312],[-75.62832790663734,6.1757430326331155],[-75.62833117717665,6.175737103063501],[-75.62833582020075,6.17572868237515],[-75.6283452557776,6.175711572660033],[-75.62834539008001,6.175711330614318],[-75.62835068578057,6.175701726912157],[-75.62835685439984,6.175690540420629],[-75.6283335766005,6.1756805825228565],[-75.62818708805094,6.175617915282631],[-75.6281846711064,6.1756168812391286],[-75.62818985122749,6.175605272017065],[-75.62820461073697,6.175572195743122],[-75.62819044532702,6.175566036830823],[-75.62819033669585,6.175565989452925],[-75.62819039562605,6.175565849937648],[-75.62820624073194,6.175528891723099],[-75.62821245624141,6.17551439255373],[-75.62821613553551,6.1755058093796125],[-75.62822267617437,6.1755086899110925],[-75.62822327637568,6.175508954544261],[-75.62822771857718,6.175510910656453],[-75.62824038594182,6.175482396625898],[-75.62824613667964,6.175469450203205],[-75.62825001756501,6.175460715056189],[-75.62814339527772,6.175415327887422],[-75.62806123184293,6.1753803520305866],[-75.6278828615282,6.175304422451872],[-75.62699326257443,6.174925732257695],[-75.62702025637584,6.174870807884308],[-75.6270253558873,6.174860431288261],[-75.62718458194412,6.17453645399058],[-75.62718892961321,6.1745348124526975],[-75.62721084233662,6.174509760491124],[-75.62721758657604,6.174492200303887],[-75.62722102648294,6.174483244941224],[-75.62723872453518,6.174437163829658],[-75.62724388750962,6.174423721277965],[-75.62724486320673,6.174421181494161],[-75.62724749419559,6.174414332050336],[-75.62709573548429,6.174326982568407],[-75.627044752483,6.174297638390204],[-75.62698861954613,6.1742653290317815],[-75.62685599401738,6.174188993052213],[-75.6268518179039,6.174186589005358],[-75.62685155338599,6.174186436622627],[-75.62673538308603,6.174129440205384],[-75.62642326523563,6.173976304202719],[-75.62640991935666,6.173948557795635],[-75.62640898113735,6.173946606960305],[-75.62637653870834,6.173879161114758],[-75.62627414497511,6.173822733884553],[-75.62627045934438,6.173821242311468],[-75.62625695682608,6.173815777070836],[-75.6259175672922,6.173678385571987],[-75.62581092244436,6.173640431845711],[-75.62560973246696,6.173589426427273],[-75.62552624876207,6.173538508084481],[-75.62540365922285,6.173434657779495],[-75.62528597398534,6.173407484098393],[-75.62516229245809,6.1734200740724505],[-75.62511075593017,6.173432548493326],[-75.62507647153346,6.173473038504021],[-75.62505294349758,6.173500825001662],[-75.62498705808287,6.173529662187819],[-75.62491867145975,6.1735519121120745],[-75.62484843655972,6.1735673581939565],[-75.62478754664484,6.173574601777195],[-75.62477702923998,6.173575853352149],[-75.62470513381736,6.173577317364005],[-75.6246334412527,6.173571735066306],[-75.62459405589635,6.173556493554419],[-75.62458039799782,6.173551208030481],[-75.62458005861434,6.17355107771291],[-75.62457877527042,6.173550580486045],[-75.62453848488131,6.173534989044376],[-75.62451145853318,6.17352156246292],[-75.62441410899262,6.173473199359237],[-75.6242872120945,6.1734347258961995],[-75.62416027119883,6.173380713712268],[-75.62401769264183,6.17328790243629],[-75.62388284594101,6.173184711477144],[-75.6237972894953,6.173125399793604],[-75.62377138521191,6.173115117352905],[-75.62365509391171,6.17316465723329],[-75.62351043945431,6.173247943429068],[-75.62343297385681,6.173302549799083],[-75.62331391590666,6.173289946733214],[-75.62320905507531,6.173288308538626],[-75.6231819398707,6.173180125502742],[-75.62309495056327,6.172979646078766],[-75.6230545926179,6.172886640510305],[-75.62301959154208,6.172805975103796],[-75.62297448738732,6.172810003551016],[-75.62294997536341,6.172815553254505],[-75.62287688503002,6.172832102523903],[-75.62265423574325,6.172882514591082],[-75.62260202853525,6.1728945590343205],[-75.62245921638025,6.172927505274336],[-75.62238142061744,6.1729473539829955],[-75.6222359966215,6.17298445814781],[-75.6219072212022,6.173064548860632],[-75.62179853038444,6.17309102642438],[-75.62173677720163,6.173106069588641],[-75.62168392181795,6.173118946173697],[-75.62169216164372,6.17315617983447],[-75.62169778975515,6.173181613957747],[-75.62164737790833,6.173193039242163],[-75.62163420976958,6.173127561813187],[-75.6214722731832,6.172997965831281],[-75.62144911269445,6.173015314897323],[-75.62144059513481,6.173021695211171],[-75.62143481851521,6.173032358098522],[-75.62142510832139,6.173019955270191],[-75.62139967838044,6.172987473944606],[-75.6213737442027,6.173011512232928],[-75.62131194310003,6.173018655029336],[-75.6212382538339,6.173006767224314],[-75.62116447991929,6.172995116687733],[-75.62115993362981,6.172994398663813],[-75.62114792560466,6.172992502349657],[-75.62107661467483,6.172985372608029],[-75.62103691795183,6.172991299000205],[-75.62102431967232,6.172993180030592],[-75.62101018508145,6.1729952901235725],[-75.62101110019397,6.173027992603608],[-75.62101544141339,6.173070763868613],[-75.62102628847215,6.173111184173722],[-75.62103839662483,6.173150516108089],[-75.62106641148866,6.173221674759683],[-75.62109560758397,6.173285607784799],[-75.62111748324355,6.173334115685466],[-75.62113916461209,6.173378199180309],[-75.62113412273315,6.173422907054172],[-75.62112877953973,6.173467143590943],[-75.62112336769314,6.173506605235579],[-75.62111848341692,6.173525323398314],[-75.62111292446329,6.173546632297433],[-75.62110909257778,6.173561316795616],[-75.62110397367987,6.173600283382239],[-75.62110326381843,6.173606005042382],[-75.62109821229345,6.173646731496881],[-75.6210924855425,6.1736937932960965],[-75.62109178012845,6.173720618344412],[-75.6210905821679,6.173766124547916],[-75.62109156025183,6.173816580591747],[-75.62109629545812,6.173859005462517],[-75.62109811604859,6.173870841450568],[-75.6211017624149,6.173871145327717],[-75.62111045314498,6.173871869145134],[-75.62112820511481,6.173873347499897],[-75.6211226183836,6.173891580030153],[-75.62116555530837,6.173957623197088],[-75.62117296752459,6.173953323138344],[-75.62119713590124,6.173994312431247],[-75.62122772170268,6.174046191108759],[-75.62126321342515,6.174094033400125],[-75.62127075656421,6.174090272416531],[-75.62132363085388,6.174194313829371],[-75.62133069803197,6.174211316862215],[-75.6213848099613,6.174267270786759],[-75.62137378067392,6.174277955949636],[-75.62141544481423,6.1743359031827305],[-75.62141505708583,6.174344857066742],[-75.621329485641,6.174408469672154],[-75.62132443118806,6.174430417967493],[-75.62131747952128,6.1744288149799],[-75.62130584597327,6.174469621785092],[-75.62130175181184,6.17446845131907],[-75.62129882321057,6.174478721376393],[-75.62129376295341,6.174477275413817],[-75.62128699657633,6.17449717541647],[-75.62125832527988,6.174597216842307],[-75.62125148907182,6.174624588318326],[-75.6213018168886,6.174637178799906],[-75.62127042106486,6.174750961763872],[-75.62125845279728,6.174811495845181],[-75.62125995713292,6.174867920583623],[-75.62127068457289,6.174911728950228],[-75.62126996395565,6.174921872406955],[-75.62127688851993,6.174924758383204],[-75.62127633709734,6.174936059103197],[-75.62127446940589,6.174974318062522],[-75.62128918816792,6.174985911472273],[-75.621288837525,6.175007358339988],[-75.62127695958243,6.1750278693675025],[-75.6212988145098,6.175052123278674],[-75.6213059942056,6.175074181239895],[-75.62131955745424,6.175115844762105],[-75.62133162446516,6.175160374286407],[-75.62134575603575,6.175212527491565],[-75.62135959040526,6.1752966179765725],[-75.62142359367625,6.175293989919433],[-75.62143091202088,6.1753100777032595],[-75.62143998858465,6.175322752141354],[-75.62144944366165,6.175333962853101],[-75.62145900292202,6.17534339929112],[-75.62146821973668,6.175352450480441],[-75.62148170745985,6.175361874785599],[-75.62149421591292,6.17536779617629],[-75.62150501246875,6.175372593221766],[-75.62151438514057,6.175375685905994],[-75.62152083633993,6.175380216880908],[-75.62152412854661,6.175383810551697],[-75.62153189702732,6.175391328365533],[-75.62153775725574,6.175400590471161],[-75.62154531966125,6.175408083986865],[-75.62155476648103,6.175415780666515],[-75.62156576136377,6.1754254514074525],[-75.62157565672325,6.1754367358854605],[-75.62158523841973,6.175452198652291],[-75.62160051056402,6.17547638102156],[-75.62161280254615,6.175500538302571],[-75.62161686801437,6.175514047472527],[-75.62162174938146,6.17552466144627],[-75.62163132767544,6.175545488901354],[-75.62164550982682,6.1755781756793775],[-75.62165429704234,6.175598314525532],[-75.62166671861326,6.175617782725271],[-75.62167635294699,6.175639900894952],[-75.62168622070884,6.17566851808204],[-75.62169206517385,6.175681550178189],[-75.621694707274,6.17568758619698],[-75.6216958245912,6.175690138265405],[-75.62169719343615,6.175706720959946],[-75.62169382057213,6.175720326466511],[-75.6216894854006,6.175737913663352],[-75.62168631907906,6.175755308862085],[-75.62168136860788,6.175773785068208],[-75.62167397759895,6.175790104473995],[-75.62166393872101,6.175806924220569],[-75.6216594724563,6.175817147616944],[-75.62165805754908,6.175820387499795],[-75.62165371183609,6.175832162567527],[-75.62165000008513,6.1758406003481205],[-75.62164781274846,6.175852263520691],[-75.62164195224986,6.17586240248107],[-75.62163443793361,6.175873307194514],[-75.6216227187156,6.175891744446823],[-75.62161929670866,6.175896283409893],[-75.62161526792744,6.175902709418917],[-75.62161117813609,6.175907751617644],[-75.62160368003383,6.175916995498706],[-75.62159369304968,6.175933347592538],[-75.62158149923073,6.175948225200606],[-75.62157727497204,6.175955495658492],[-75.62156561168374,6.175975569882438],[-75.62155679952983,6.17598652167692],[-75.62154530592802,6.175997942335514],[-75.62153245292812,6.176011768158899],[-75.6215198248918,6.176029272384968],[-75.62150479224572,6.176052286940055],[-75.62149885753979,6.176060747432919],[-75.62149596348715,6.176065187963247],[-75.62149569004218,6.176065607889699],[-75.621482285027,6.176084371681477],[-75.6214731777549,6.176095194746706],[-75.62145754789519,6.176112679417427],[-75.62144670243597,6.176126581229258],[-75.62143357783611,6.176143405340502],[-75.62141833935917,6.176160206422717],[-75.62141238565017,6.176170128869544],[-75.62140695382863,6.176177618638286],[-75.62139577086863,6.176190121729623],[-75.62137760553294,6.176207635172662],[-75.62136208195763,6.17622597636535],[-75.62133962074246,6.176250158517528],[-75.62132582006805,6.176274429063599],[-75.62131149302499,6.176298203165163],[-75.62130468866803,6.1763151570415245],[-75.62130167310858,6.1763422628825095],[-75.62130037453397,6.176378500276494],[-75.62130019579169,6.176394124168386],[-75.62129834405413,6.176444609517107],[-75.62129466467785,6.1764653160985254],[-75.62128851045998,6.176506445777876],[-75.62128166660474,6.176565295664465],[-75.62128126908699,6.176567853393641],[-75.62127997150114,6.176579881037983],[-75.62127728920359,6.17658458270163],[-75.62108051791773,6.176542809806804],[-75.62107741448504,6.1765421506784675],[-75.6210863683732,6.1764810691151375],[-75.62110738114072,6.176403750004595],[-75.62111289895986,6.1763834475132455],[-75.62109516982542,6.176379651981785],[-75.62105637596221,6.1763741530745095],[-75.62103313362319,6.176370856634933],[-75.62097351817361,6.176362400121925],[-75.62092877894725,6.176356223537006],[-75.62092889536635,6.176351428746959],[-75.62089410736414,6.17634879492819],[-75.62089541325433,6.176318076757925],[-75.62087417196476,6.176316105739575],[-75.62079819927546,6.176307841929799],[-75.62077942279153,6.176305799995092],[-75.62076848678933,6.176304610816766],[-75.62076802565304,6.1763214095735],[-75.62063857270071,6.176308699187901],[-75.62061754593898,6.17630663488753],[-75.62049225206188,6.176294333392833],[-75.62039230362883,6.176269942664032],[-75.62031770403176,6.176241127299368],[-75.62027294100042,6.176342115976095],[-75.62026713174082,6.176339358296837],[-75.62024331709188,6.1763280646322425],[-75.62022177059461,6.176318774030286],[-75.62018641925235,6.176297664899409],[-75.62012018641397,6.176266141304853],[-75.61998993912836,6.176142091779276],[-75.61983237132102,6.175992021491286],[-75.61990973830697,6.175906539523214],[-75.61994003636505,6.175873455414083],[-75.62003920586507,6.175765949850658],[-75.62004992086983,6.175752880431285],[-75.62006282591678,6.175737137770905],[-75.6199994175415,6.175712532529616],[-75.61998255835579,6.175705989749995],[-75.61990148530576,6.175674528356912],[-75.61985776347444,6.175657561226098],[-75.6198368723173,6.175649454393982],[-75.61974586911948,6.175614139070624],[-75.61974460181696,6.175578885234799],[-75.61974243236915,6.175518522913553],[-75.61973903227562,6.175423929969019],[-75.61985879887162,6.175433348801153],[-75.61991884084021,6.175368019591186],[-75.61992479615714,6.1753615397983435],[-75.61992942368765,6.175350303064586],[-75.61996427653366,6.175265667026394],[-75.61996654120415,6.175260168237204],[-75.61996854459092,6.175225053792659],[-75.61996880652822,6.17522045717505],[-75.6199753696226,6.1751053997260605],[-75.61997613552155,6.175091968882511],[-75.61997031395603,6.175002952360632],[-75.61996655242038,6.174945437538311],[-75.61996427846906,6.174910661489015],[-75.61992466203867,6.174304930670774],[-75.61992157254292,6.17425768896149],[-75.61991884823952,6.174219683119199],[-75.61976248863671,6.174197406991364],[-75.61968856577738,6.174154592341056],[-75.61967071420261,6.174144251947217],[-75.61962520492607,6.174112968739398],[-75.61960266963987,6.17409747929079],[-75.6194996488737,6.174026669083506],[-75.61948712726027,6.174018062634275],[-75.6194688655518,6.17400551021059],[-75.6193689041893,6.173953594185361],[-75.61937125153311,6.173998168081151],[-75.61935437119952,6.17410306865605],[-75.61926138638832,6.174091998885266],[-75.61926595540756,6.174178737082787],[-75.6192536202864,6.174265210457773],[-75.61918574007838,6.174339334885887],[-75.61912402909572,6.174388754460857],[-75.61905821832362,6.174406093807132],[-75.61900677334361,6.174419647633454],[-75.61887717375876,6.174450542799552],[-75.61886220586175,6.174457353543749],[-75.61880929050774,6.174481431512099],[-75.61872288977099,6.17448761576422],[-75.61869315673727,6.174496545989775],[-75.61859946303528,6.17452468684975],[-75.61853158323626,6.174604988679313],[-75.61845753195833,6.174685291057488],[-75.61837730810204,6.17475324092309],[-75.6182723956407,6.17479031032302],[-75.61818599590377,6.174808847573177],[-75.61802553696617,6.174808862659992],[-75.61795147632756,6.174784163064084],[-75.61785889750503,6.174716228450858],[-75.61783504372343,6.1746947460666615],[-75.61779717619454,6.1746606441774405],[-75.61772311540527,6.174623592369747],[-75.61764288746413,6.174635952450272],[-75.61750094522085,6.174673024948602],[-75.61733432243632,6.1747718649113805],[-75.61725409765467,6.1748212850626985],[-75.61718004608801,6.17490158645231],[-75.61711781470473,6.1749830483489125],[-75.6170998251751,6.175006596327788],[-75.61707188132004,6.175076530892004],[-75.61705046409438,6.175130132232812],[-75.61703170325099,6.175158302851462],[-75.61701513574006,6.175183179130796],[-75.61700400404844,6.175199893024263],[-75.61700109872807,6.175204255850152],[-75.61700110221524,6.1752472565514775],[-75.61700110210829,6.175248705760466],[-75.61700110382584,6.175265420016638],[-75.61700110513804,6.175278374288504],[-75.61697007271079,6.175350860849593],[-75.61696408378086,6.175364850817724],[-75.61696608107853,6.175386375703374],[-75.61699589461148,6.175707663974267],[-75.61699701344486,6.175719721343177],[-75.61699941704941,6.175745618975027],[-75.6170119113747,6.175746641456024],[-75.61702171591874,6.17587899823916],[-75.61702353380258,6.1759035327176335],[-75.61702467934815,6.175915878349712],[-75.61702542905068,6.175923956957844],[-75.61703176568886,6.1759285220145586],[-75.61703349849596,6.1759498972212],[-75.61704297719072,6.1759558119450055],[-75.61708132371668,6.17598001386109],[-75.61709058084467,6.175986612239415],[-75.61709157527225,6.175987321552764],[-75.61710361805795,6.175995905097833],[-75.61711350067006,6.176002949715013],[-75.61708836705843,6.176025822276508],[-75.61706454892489,6.176053157132644],[-75.61705300747313,6.176061118132076],[-75.61702972920557,6.176077173988937],[-75.61701458452495,6.176088284385676],[-75.61698599630189,6.176109256435975],[-75.61697338893478,6.176118505541908],[-75.6169725122622,6.176119149026935],[-75.61697068330645,6.176120490612734],[-75.6169629570493,6.176126158219698],[-75.61693794711654,6.176139090028507],[-75.61692707076243,6.176144713470079],[-75.61691436080989,6.176151285253863],[-75.61690954569798,6.176153775226984],[-75.61689177375068,6.176162964766984],[-75.61685501423156,6.176191873993846],[-75.61683637471873,6.176207054489563],[-75.61682012826341,6.1762200616001515],[-75.61680089633359,6.176235459273133],[-75.61678903451258,6.176244956037007],[-75.61675224136219,6.176270515883371],[-75.61674329469328,6.1762767310269435],[-75.61674324427732,6.176276765629346],[-75.6167419202012,6.17627772412083],[-75.61673573817716,6.1762821989039445],[-75.61669072767054,6.176314778532872],[-75.61668859582201,6.1763162472732045],[-75.616687944023,6.176316696182506],[-75.61666917508622,6.176329621682344],[-75.61665223191024,6.1763412905939505],[-75.61662540731015,6.1763597641750465],[-75.61661680258615,6.176368102177024],[-75.61660770554101,6.176380850800293],[-75.616597987945,6.176392318711477],[-75.61659734490004,6.176393078574461],[-75.61659169900207,6.176398933931161],[-75.6165855507045,6.1764053097867855],[-75.61658509845007,6.176405740536951],[-75.61657232472638,6.176417905148643],[-75.61654907935124,6.176436985821254],[-75.61653703227722,6.176444079597999],[-75.61652684092125,6.1764508659029005],[-75.61651682694207,6.176457534711086],[-75.61650181497465,6.176467531550472],[-75.6164834111635,6.176481048314734],[-75.61648137429327,6.176482543709188],[-75.6164538292876,6.176503685098358],[-75.6164385755017,6.1765153927054115],[-75.61641642826393,6.176532391345149],[-75.61640473999563,6.1765413628968515],[-75.61638760729937,6.176558219333286],[-75.61637809162275,6.1765675797889426],[-75.61637554162706,6.1765701707174205],[-75.61637002458292,6.176575777726892],[-75.6163528667156,6.1765932110776305],[-75.61634094276927,6.176605327207347],[-75.61632899185219,6.176617469687487],[-75.61631513190733,6.176625687993319],[-75.61628011906761,6.1766464502575715],[-75.61626842079718,6.176653386816887],[-75.61625946844191,6.176662308742891],[-75.61640519183995,6.176738144824752],[-75.6164513205609,6.1767553625821465],[-75.616479284369,6.176765407406361],[-75.61648683774042,6.176768123100315],[-75.61648841320648,6.176768689425799],[-75.61650573430029,6.176774919050378],[-75.61651198759186,6.176777594130494],[-75.61658646589711,6.176809463694154],[-75.61662725437365,6.176823410603606],[-75.61667048683152,6.176838193489741],[-75.61668769964578,6.176844079192427],[-75.61669669559,6.176847155735437],[-75.61669611213748,6.17685342555328],[-75.61669472387221,6.176868345765222],[-75.61669311163469,6.176885666455668],[-75.6166930704262,6.176886104223688],[-75.61673190391296,6.176895412968781],[-75.61673091639317,6.1769135749765836],[-75.61672975750427,6.176934915599873],[-75.61672851238384,6.1769578260962925],[-75.61672746774312,6.176977047943994],[-75.61672700968498,6.176985489601559],[-75.61672670728593,6.176991048348715],[-75.61672416667645,6.177037832413886],[-75.6167236041801,6.177048183056851],[-75.61672341447982,6.177051675471495],[-75.61672274012611,6.177064079786001],[-75.6167226854835,6.177065092602503],[-75.61672266805115,6.177065405493187],[-75.61672252143121,6.177068105738942],[-75.61672247506644,6.177068964824453],[-75.61672159529363,6.177085155450595],[-75.61672134433745,6.1770897854746165],[-75.6167203055371,6.177108908751108],[-75.61672000728183,6.177114391536823],[-75.6167193918078,6.177125726058208],[-75.61671935285312,6.177126438649482],[-75.61671887469792,6.17713520225151],[-75.61671874564813,6.177137617631809],[-75.61674804096083,6.177150416878063],[-75.61675406214817,6.177151630325753],[-75.61675412261906,6.17715125213092],[-75.6167614433465,6.177152763850706],[-75.61676607938449,6.1771537210341725],[-75.61678767716353,6.177158182045063],[-75.61678776939794,6.177158201480421],[-75.61679781279791,6.177160276589355],[-75.61680379977089,6.177161512806268],[-75.61682110059618,6.177165085480245],[-75.61682311344026,6.177165502289523],[-75.61683011044846,6.177166946892964],[-75.61683152285674,6.177167235568798],[-75.61683852168933,6.1771686837793665],[-75.61684475823539,6.177169972106896],[-75.6168477684507,6.177170593748963],[-75.61686479619935,6.177174110809578],[-75.61687368306946,6.177175945704925],[-75.61688747906314,6.177178795202087],[-75.61689038800218,6.177179395644916],[-75.61694815539452,6.17719132786924],[-75.616958267512,6.177193416197245],[-75.61695818528078,6.1771945132269845],[-75.6169572561498,6.177206907944891],[-75.61695610914047,6.177222207576499],[-75.61694228002395,6.177406727426669],[-75.61693224909786,6.177447078901072],[-75.61694611921946,6.177475304093378],[-75.61694501945692,6.177502055222696],[-75.61694556347591,6.177527649200083],[-75.61692579369036,6.177600323562836],[-75.61691303089341,6.177628314614755],[-75.6168660345407,6.177720024189141],[-75.61682965912836,6.177772515786977],[-75.61679702922979,6.177820481303741],[-75.61679572700996,6.177822395280978],[-75.61676723448875,6.177848152080843],[-75.61671791529118,6.177901186545436],[-75.61669512112985,6.1779256975259464],[-75.61664595594237,6.178027720454346],[-75.61665488615888,6.178028630280597],[-75.6166928402573,6.1780324972629765],[-75.61672099289795,6.178035365587993],[-75.61673146947729,6.178036433243959],[-75.61673912356437,6.1780372137413195],[-75.61675644353764,6.178038978190813],[-75.61677174718622,6.178040537398833],[-75.6167884707891,6.178042817385014],[-75.61679055163908,6.178043101865476],[-75.61681029617478,6.178045793696459],[-75.61681201816056,6.178046028411953],[-75.61684813467872,6.178050954041882],[-75.61685968599201,6.178052528102529],[-75.61687085766066,6.178054051596302],[-75.61688370611881,6.1780558036991255],[-75.61689207289484,6.178056945021921],[-75.61692613206596,6.178061589666442],[-75.61701427499854,6.178091587309717],[-75.61702229366729,6.178094316065256],[-75.6170535004676,6.178101048656363],[-75.61705509200331,6.178101391596308],[-75.6171134055846,6.178113971993218],[-75.61711923549613,6.1781152297683795],[-75.6171709414776,6.178126383535927],[-75.61722969092186,6.178139057602156],[-75.6172817920821,6.178150298009152],[-75.61733418622785,6.1781616011557565],[-75.6173901676656,6.178173678589441],[-75.61739482291253,6.178174682679728],[-75.61740181663143,6.178176190569752],[-75.61741386168347,6.17817879010139],[-75.61747829725515,6.178192690068193],[-75.61746575335853,6.1782718172857525],[-75.61746009869759,6.178309148443961],[-75.61741293840826,6.178292886091315],[-75.61738537644125,6.178283382719012],[-75.61738382466616,6.178281940247853],[-75.61737136951896,6.1782789765914705],[-75.61728688848356,6.178258872207743],[-75.6172794954724,6.178254603475445],[-75.61726914477232,6.1783074434011445],[-75.61726872071377,6.178336764151936],[-75.61724889271164,6.178335470431117],[-75.61725112933699,6.17836468767589],[-75.6172656799728,6.178458750366339],[-75.61727348988641,6.178509237107344],[-75.61728170373577,6.178556078497223],[-75.61728563779205,6.178578512357628],[-75.61729129490779,6.178610770288847],[-75.6172940523592,6.1786264918734375],[-75.61729850873112,6.178651904750851],[-75.61730729886078,6.178703329596382],[-75.61732549763227,6.178809797902733],[-75.61732874268351,6.178828786165576],[-75.61731805331067,6.178825779463842],[-75.61728978621427,6.178817827320264],[-75.61722509595754,6.1789046508347685],[-75.61722505269675,6.178904670937104],[-75.61719280556154,6.1789479886419],[-75.61709418457271,6.17892364152878],[-75.61707611601383,6.178919181265524],[-75.61699741855857,6.178899752659307],[-75.6168192077936,6.178860052240616],[-75.61675552046388,6.178845864661832],[-75.61674310816834,6.178867244414617],[-75.61671368393316,6.178917925339966],[-75.61669658173679,6.1789091985645825],[-75.61669607102044,6.178908946133888],[-75.61668721626286,6.178904645716923],[-75.61666631959447,6.178894162046175],[-75.61665663082834,6.17888944534629],[-75.61663208051536,6.178877737481676],[-75.61661734525785,6.178870710436543],[-75.61661717220962,6.178870238464873],[-75.61662100428325,6.178863839645932],[-75.616621080442,6.178863712702577],[-75.6166409083272,6.17883060784798],[-75.61665047641539,6.178814631201711],[-75.61664494469834,6.178813027509151],[-75.61664483071324,6.178812993716006],[-75.61660082570117,6.178800227136838],[-75.61655171186392,6.178781289272527],[-75.61651882111914,6.178839235110062],[-75.61651693146332,6.178842564122191],[-75.61647670304357,6.178825711573414],[-75.61646900339865,6.178839374571045],[-75.61642833830471,6.178820241414702],[-75.61642648581785,6.1788193699786955],[-75.61641760213303,6.178815248702056],[-75.61637918915444,6.178797427094907],[-75.61637963029057,6.178796387966023],[-75.61638153948644,6.1787918880995285],[-75.61638872354176,6.178774958557614],[-75.61639378139515,6.178763038032433],[-75.61638988528584,6.1787613702337705],[-75.61631313813658,6.178728526495186],[-75.61630491062049,6.178745432243078],[-75.6162400776477,6.17872329359235],[-75.61623921985418,6.178723000378545],[-75.61621479555198,6.178712852275923],[-75.6161747470418,6.178696211264812],[-75.61617696539466,6.1786919395082265],[-75.6161841385837,6.178678128125597],[-75.61619254489024,6.178661942938811],[-75.61618781625566,6.17866089580511],[-75.61618752778195,6.178660832132592],[-75.61617825679326,6.1786587776309],[-75.6161497203891,6.1786524558585],[-75.61615072588833,6.178647328501691],[-75.61616143456664,6.178592680474085],[-75.6161550878717,6.178606665888275],[-75.61613470375214,6.17865158683294],[-75.61612737022384,6.17866475531323],[-75.61611188296335,6.178692566313569],[-75.61610970976919,6.17869646899106],[-75.61608947064619,6.178687622019188],[-75.61605017559144,6.178670445700151],[-75.6160507129687,6.1786693220199895],[-75.61605188427609,6.178666869866749],[-75.6160534239688,6.178663647448756],[-75.61605596418805,6.178658329918023],[-75.61605213194771,6.178656607558127],[-75.61605118859963,6.178656183676181],[-75.6160035648566,6.178634773039713],[-75.61600518693238,6.178631587282816],[-75.6160069315792,6.178628160442523],[-75.61600085139423,6.1786254230365225],[-75.61594290378436,6.178599280720091],[-75.61594421383369,6.178597120799838],[-75.6159438426574,6.178596955375302],[-75.61595985245327,6.17856481406647],[-75.61593371068871,6.1785415618994035],[-75.61563583496431,6.178465704336494],[-75.61562560274655,6.178474111827183],[-75.61562321945708,6.178476069998217],[-75.6156228411132,6.178476284314318],[-75.61559968915118,6.178489395020817],[-75.61559023504815,6.17849474838023],[-75.61557798116304,6.178520251669338],[-75.61557046283718,6.17850978166644],[-75.615568687652,6.17850809619102],[-75.6155593083181,6.178513407595421],[-75.61554514652966,6.178521426689924],[-75.61553289173855,6.178546929983585],[-75.61552537431604,6.1785364599753985],[-75.61549955603398,6.178511936884798],[-75.61546557452596,6.178483761772904],[-75.61546595121432,6.178483578203138],[-75.61545356019012,6.1784638809150785],[-75.61545210895923,6.178461574563129],[-75.6154383985475,6.17846659356699],[-75.6154381859687,6.178455132020951],[-75.61542969832591,6.178455133100532],[-75.61541527177658,6.178474720053707],[-75.61541594302572,6.178484665944637],[-75.61541638343616,6.1784912019483755],[-75.6154218766737,6.178572686886684],[-75.61541578721992,6.17862580241992],[-75.61540189359407,6.178677377862989],[-75.61538169312907,6.1787071087697365],[-75.61534122183943,6.178741583580604],[-75.61530485719392,6.178755856824147],[-75.61525705320508,6.178774621675773],[-75.61518962746098,6.178797862340567],[-75.61518096611202,6.178800752749199],[-75.6151072400076,6.178825352471365],[-75.61510531843504,6.178827886969157],[-75.61491910153573,6.179073461174314],[-75.61490836997804,6.179087615524455],[-75.61485954436182,6.17915200794893],[-75.61487210205779,6.179171796647239],[-75.61493723880047,6.179323804219381],[-75.6146603737277,6.179448196499477],[-75.61467607396519,6.179494623289561],[-75.6146847289001,6.179520217187198],[-75.6147284904871,6.179653703568742],[-75.61461876794075,6.179692369482216],[-75.61461406192059,6.179693906034243],[-75.61452376371889,6.179723395973297],[-75.61446245649594,6.1797434178810615],[-75.61443817422865,6.179751348432907],[-75.61443090866727,6.179753721175811],[-75.61441022941244,6.179760474090312],[-75.61438400524771,6.17976956144798],[-75.61432620838309,6.179789591389101],[-75.61432606048942,6.179789642744106],[-75.6143363278678,6.179810271748403],[-75.61434845277867,6.179827280790846],[-75.61434969893193,6.179829030348798],[-75.6143663354297,6.179852366422975],[-75.61437827468355,6.179903487537394],[-75.61438190761662,6.179948495564587],[-75.61438292192989,6.17996355134198],[-75.6143860156396,6.180009491397145],[-75.61438093437583,6.180040565497212],[-75.61437113920869,6.180043249026182],[-75.61437734109305,6.180069288948649],[-75.61434846586705,6.1800758471311905],[-75.61436428809556,6.180099289366952],[-75.61443878397834,6.1802096605025625],[-75.61443998875426,6.18021144552176],[-75.61444057541334,6.180212446144154],[-75.61454904053375,6.180296233436969],[-75.61459103732142,6.180329722090678],[-75.61461354083549,6.180345673832166],[-75.61464730924894,6.1803696099654895],[-75.61467376776677,6.180388365627455],[-75.61476091101191,6.180450138988562],[-75.61485468166488,6.18053372364952],[-75.61496814270826,6.180687456054423],[-75.61504654486389,6.180789748084423],[-75.61508692150107,6.180842428825231],[-75.615087452449,6.180843121435322],[-75.61502550683932,6.180878286007188],[-75.61502047833791,6.180882215396263],[-75.61501968575485,6.180881590070184],[-75.61499737017094,6.180863998372428],[-75.61498696832219,6.1808559084909085],[-75.6149830773993,6.1808529098825655],[-75.61497775104486,6.180848800014455],[-75.61496911607976,6.180842358581482],[-75.61496298892234,6.180837788870627],[-75.61495429863369,6.180831302506486],[-75.6149489159034,6.1808263819721825],[-75.61493761139502,6.180816038185717],[-75.61493266295842,6.180810339829067],[-75.61492757048326,6.180804006625945],[-75.6149079696273,6.180775795112204],[-75.61488937774412,6.180748860590807],[-75.61488808351378,6.180747255018179],[-75.61488681016613,6.1807456710402695],[-75.61488533956583,6.180743836703936],[-75.61488492241563,6.180743323441713],[-75.61488469259059,6.180743062394875],[-75.61488075307237,6.180738630182724],[-75.6148682154063,6.180728630580937],[-75.61486229438752,6.180727038736366],[-75.6148551477073,6.180725111188013],[-75.61485218369019,6.180724704481423],[-75.6148506741263,6.180724500359647],[-75.61484758879774,6.18072422353081],[-75.61484580659469,6.180724053296923],[-75.61482513698152,6.18072376355382],[-75.61480553412714,6.1807252974770215],[-75.61480135882141,6.180726009630665],[-75.61479823322635,6.180726730179609],[-75.61479773152,6.180726841135877],[-75.61479338476934,6.180728878583383],[-75.61478912542636,6.180730872205761],[-75.61478730525081,6.180732901740399],[-75.61478253093854,6.180738190489275],[-75.61478136468317,6.180739649959385],[-75.61478017674838,6.180741109536201],[-75.6147775723518,6.180744399575572],[-75.61476624371006,6.180759480826951],[-75.61475450043362,6.180775296408645],[-75.61475320527872,6.180776996089414],[-75.61475165705642,6.180779036038609],[-75.6147505574858,6.180780462634363],[-75.6147489669146,6.180782524489417],[-75.61474406384812,6.18078863475982],[-75.61474070773473,6.180792814478728],[-75.61473220345893,6.180801757718222],[-75.61472936810142,6.180804371751964],[-75.61472631360418,6.180807060997125],[-75.6147242521727,6.1808087093008774],[-75.61472371769503,6.180809136839949],[-75.61472082487552,6.180811454624238],[-75.61471358071195,6.180817265417618],[-75.61469920920716,6.180827659617773],[-75.61469704855985,6.180829154719212],[-75.61469513816617,6.180830472297191],[-75.61469101271342,6.180833241849402],[-75.61467578621661,6.180842994756505],[-75.61466319940509,6.1808507565870885],[-75.61466073264255,6.180852274892281],[-75.61465872437157,6.180853527859381],[-75.61465518801388,6.180855771060933],[-75.61465483876489,6.180856024108653],[-75.61465450035118,6.180856276199004],[-75.61465436990885,6.180856386232341],[-75.61465429339856,6.180856441756608],[-75.61465407469403,6.180856605563895],[-75.61465364994022,6.180856934924359],[-75.6146532341129,6.1808572425434],[-75.61465252514829,6.180857824631541],[-75.61465238391956,6.18085794556672],[-75.61465227510335,6.180858044644897],[-75.61465218706323,6.18085814362084],[-75.6146520784602,6.180858286092946],[-75.61465246373528,6.180858930601197],[-75.61465335353378,6.180860405267625],[-75.61465399080188,6.18086141016057],[-75.61465417743689,6.180861705774413],[-75.61465518717387,6.180863322692378],[-75.6146605272155,6.1808716897238645],[-75.61467062781222,6.180882080125006],[-75.61467238279488,6.180883880516459],[-75.61467453109155,6.180885571389102],[-75.61467751269997,6.180887903661186],[-75.6146834289393,6.180892199579264],[-75.61469483480636,6.180899455503165],[-75.61470215301293,6.180904118803516],[-75.61471145391234,6.18091004526584],[-75.61473605498989,6.180931512292821],[-75.61474114087464,6.180935952425581],[-75.61474809026681,6.18094534397404],[-75.61475178151447,6.18095127634289],[-75.61475450590663,6.18095567837299],[-75.61477314036733,6.181001022095766],[-75.61477686714095,6.18102062008453],[-75.61478235669944,6.181049489590489],[-75.61478239156334,6.181050518241007],[-75.61478282910929,6.181061801488696],[-75.61478261166287,6.181068104772197],[-75.61478245512315,6.181072647548018],[-75.61478242467787,6.1810736213721835],[-75.61478039017948,6.181082406206215],[-75.61476863065619,6.181099511966737],[-75.61469081577405,6.181163644810703],[-75.61468210139907,6.181170827069851],[-75.61464711613742,6.181199660701766],[-75.6146276069288,6.181214191860167],[-75.6145815351312,6.181242852223677],[-75.61453485092939,6.181271892592543],[-75.6144975074686,6.181401570548927],[-75.6144792047719,6.181465127561279],[-75.61445515466565,6.1815486419960495],[-75.61443818689516,6.181607562741131],[-75.61438316971049,6.1815849950649415],[-75.6143612091236,6.181615029385471],[-75.61435162952041,6.181628131178591],[-75.6143344704045,6.181651600080265],[-75.61426094988062,6.181752150000452],[-75.61424843419988,6.181750860014122],[-75.61391356230806,6.181692502398483],[-75.61373304755574,6.181661044061813],[-75.61372284254865,6.181695423321922],[-75.61371734460802,6.1817139456772745],[-75.61368220870524,6.181763442367987],[-75.61366074357065,6.181804241624255],[-75.61366025938649,6.181805161629576],[-75.61365408314593,6.181816900526353],[-75.61362595757815,6.181870357781461],[-75.61363298180879,6.181926801810373],[-75.61365232026165,6.181974046992913],[-75.61362595800914,6.182042587089636],[-75.61361014055932,6.18208652368696],[-75.61361563897871,6.182124742091563],[-75.61355367815516,6.182267212550403],[-75.61352754051265,6.182300931582547],[-75.61353135363696,6.182343813298233],[-75.61351875422218,6.182409893541977],[-75.61352578379264,6.182481948897303],[-75.61354470278859,6.182521400411894],[-75.6135749919336,6.182541702184474],[-75.61357850702495,6.182580365200211],[-75.61358377943019,6.182661206737499],[-75.61354472066218,6.182740383230465],[-75.61356444685337,6.182773684047708],[-75.6135943242637,6.182807075949835],[-75.61358202085918,6.182822892485802],[-75.61354160127196,6.182842224034005],[-75.61352226796566,6.182930095484702],[-75.61344318337908,6.183010938926118],[-75.61338343110819,6.183047844735608],[-75.61338870267821,6.183068933179348],[-75.61335727818414,6.18310567610658],[-75.61333025816779,6.1830782016882795],[-75.61325468378361,6.183161414577334],[-75.61306572459607,6.18307065959268],[-75.61300527665468,6.183282461552229],[-75.61310354153753,6.1834034805359535],[-75.6131208411874,6.1835286912831045],[-75.61313531164618,6.183546513297397],[-75.613208944484,6.183637196453609],[-75.6132444117137,6.183656412280342],[-75.61329443873562,6.183648560250661],[-75.61332444081195,6.183648474103675],[-75.61333789039,6.183648435047251],[-75.61335026411184,6.183648399476129],[-75.613389724878,6.183648284865036],[-75.61341047979475,6.183648442204235],[-75.61347911102551,6.183654567633769],[-75.61351515387527,6.183640909799557],[-75.6135668108626,6.183619157902947],[-75.61357404731521,6.1836176522876265],[-75.6136202731362,6.183626911138841],[-75.61366586226723,6.183665068758428],[-75.6136664040085,6.18366483194031],[-75.61366826553727,6.183666436530737],[-75.61366956993596,6.183666432823812],[-75.6136905389952,6.183693812221899],[-75.61370627390735,6.183717285609859],[-75.61370755190123,6.183719261929135],[-75.61372988044779,6.183753803847353],[-75.61374427115513,6.183764214723893],[-75.61376582269543,6.183743389362351],[-75.61377556138729,6.183733978061965],[-75.61379149556787,6.1837981893166845],[-75.61379206265467,6.18379906617834],[-75.61379947079953,6.183803271579331],[-75.61380483305263,6.183815415674653],[-75.61380626742236,6.183824214181377],[-75.61381579009101,6.18382911705599],[-75.61382073899996,6.183835088440301],[-75.61382499415011,6.183845288825636],[-75.61382925020382,6.1838554892064],[-75.61383492452075,6.183864407879278],[-75.61383778235279,6.183878130135109],[-75.61384064019401,6.183891854198962],[-75.61384700573214,6.1839009909647356],[-75.61384714726996,6.183904425704451],[-75.61385410375793,6.183909368329313],[-75.61387834984612,6.183926392728406],[-75.61389119328689,6.183937751437605],[-75.61393614599778,6.183959442847047],[-75.61389233907667,6.183983966879829],[-75.61387740194883,6.183992328838993],[-75.61382490534483,6.184021717904956],[-75.61370946673344,6.18409132205006],[-75.61370956953206,6.184091468906282],[-75.61370873003712,6.18409196032745],[-75.61370866363315,6.184091866631799],[-75.61366269947371,6.184118771722722],[-75.61366153693228,6.184116944005767],[-75.61365565594367,6.184107697269459],[-75.61365075360115,6.1840999889510435],[-75.61364990870396,6.184100484014999],[-75.61361269316494,6.184122202836459],[-75.61361184736437,6.184122697904827],[-75.61365741061606,6.184194000366928],[-75.61362015275498,6.184217769813153],[-75.6136189037987,6.1842158204729945],[-75.61359300248814,6.184175387187057],[-75.61359216940939,6.184175897561868],[-75.61351986929179,6.184220072374166],[-75.6135074387299,6.184227662580083],[-75.61350273925947,6.184230540736501],[-75.61350908594056,6.184251466573669],[-75.6135168833848,6.184277173185394],[-75.61352376367658,6.1843171657840745],[-75.61352495858208,6.1843241094311905],[-75.61353738717014,6.184378257654495],[-75.6135635260633,6.1843929511155755],[-75.61361191961126,6.1844201539488655],[-75.61361450460606,6.184446002833666],[-75.61365493079984,6.184502634129781],[-75.61365856373185,6.184507722393269],[-75.61365968709158,6.184509297165246],[-75.61367089318811,6.1845192644458935],[-75.61374101227467,6.1845816314148765],[-75.61374673852912,6.18458163125628],[-75.61382233066718,6.184581625332393],[-75.61388558120723,6.184617790196241],[-75.61389694874651,6.184623476844558],[-75.61393979640826,6.184644914604589],[-75.61403015789577,6.1847262901275],[-75.61410244616886,6.18479862537719],[-75.61411135010667,6.184831287794523],[-75.61412956092296,6.184898092401177],[-75.61416571068668,6.184988515002541],[-75.61417319894404,6.185033457929941],[-75.6142301740706,6.185041321219385],[-75.61423475369712,6.185039055695142],[-75.61423559596756,6.185042069306972],[-75.61430391567497,6.185051497717911],[-75.61438478854922,6.185062658875412],[-75.61444903143783,6.185071525122167],[-75.6145488574496,6.1850853024048265],[-75.61487291659823,6.18513002535534],[-75.61496192682777,6.185142309868752],[-75.61495836239641,6.185197087323394],[-75.61495568739066,6.185238195510475],[-75.61494769906471,6.185361264946399],[-75.61492320875145,6.185504947792445],[-75.61491906805298,6.185529239520985],[-75.6149184824329,6.185532677838389],[-75.61491376225986,6.185560371691748],[-75.61490751171674,6.185597044083425],[-75.61490601354552,6.18562010321917],[-75.61490019967178,6.18570957335801],[-75.61489315296197,6.185818009544709],[-75.61481017340748,6.185899624638145],[-75.61484758767871,6.18591354282462],[-75.61483836141124,6.185922081922031],[-75.61486932378787,6.18592180376386],[-75.61489093155083,6.185930049964979],[-75.61493082096588,6.185952417063462],[-75.61496151673104,6.185973789769217],[-75.61499326041499,6.1860043561345535],[-75.61502098465901,6.186057417258129],[-75.61505275230496,6.186096160732508],[-75.61507631756919,6.186123685426777],[-75.61514213294863,6.186145892248957],[-75.61515502964187,6.186150244156546],[-75.6151626464175,6.186150942543021],[-75.61532856612902,6.186207295325103],[-75.61535849166233,6.1862272578377295],[-75.61542174737093,6.186317678682723],[-75.61552114323553,6.186380968689501],[-75.61552270926583,6.186382732029438],[-75.61559343397406,6.186462346862474],[-75.61564277275876,6.1864952592980185],[-75.61564764963028,6.186498512489873],[-75.61565854566497,6.18650805269771],[-75.61571993905734,6.186561804900982],[-75.61580126279637,6.186625097077723],[-75.61580669288557,6.186628976767498],[-75.61584763345475,6.18665823837012],[-75.61585076596846,6.186658184059787],[-75.61590886270852,6.186656404271793],[-75.61591099672393,6.186491218258994],[-75.61592986157605,6.186500485040613],[-75.6160037390332,6.186536775228546],[-75.61600204970402,6.18655915814863],[-75.61600197224395,6.186559938734617],[-75.61599916283264,6.186588392516774],[-75.61599302661408,6.186617435867357],[-75.61598115393441,6.186652486039144],[-75.61597988880123,6.186654228973912],[-75.61602362389783,6.186658437021568],[-75.61611163427169,6.186674010602263],[-75.61628657277659,6.186704965961915],[-75.61637029035452,6.18671977954187],[-75.61705360682095,6.186925011353555],[-75.6173145878834,6.187003395796533],[-75.61735364467232,6.187019549522933],[-75.61740245467841,6.187035675947676],[-75.61744147889205,6.187040441387911],[-75.61749679013398,6.1870565484018964],[-75.61758952778963,6.187087187132911],[-75.61763152281195,6.187109511014109],[-75.61764311048192,6.187130537441166],[-75.61766340371625,6.187167360057629],[-75.61766171433119,6.187180541438079],[-75.61765802926439,6.187209276153259],[-75.617646974902,6.187295466734464],[-75.61763442078085,6.187393355104996],[-75.61767065806154,6.187430012298093],[-75.61774719607912,6.187507407443293],[-75.61776840641018,6.187528855611066],[-75.61775561058894,6.187551417138565],[-75.6177800658516,6.187574359984379],[-75.61778011122671,6.187574402251371],[-75.61778011263632,6.1875924834303735],[-75.61779506555146,6.187617419579119],[-75.61780722316674,6.187637694622877],[-75.61780722496806,6.187659340505256],[-75.61780723096426,6.1877190780004305],[-75.61778916603261,6.1877823789236555],[-75.61775368574338,6.187853412276243],[-75.61774399628156,6.187872809647209],[-75.61770785832803,6.187908983004954],[-75.61762654396732,6.187963246097571],[-75.61760847551444,6.187999418933304],[-75.61761170155681,6.188028447739123],[-75.6176175185156,6.188080802059733],[-75.61764263982239,6.188097558756776],[-75.6176717344343,6.188116967350393],[-75.61773498764667,6.188162175661941],[-75.61780727138577,6.188171211402234],[-75.6178976230187,6.188125989494471],[-75.61794563495111,6.188093949675403],[-75.61795183137059,6.188089813777857],[-75.61800970704752,6.188056710042834],[-75.61801507673232,6.188053638684357],[-75.618060251936,6.188026505621107],[-75.61809876393724,6.188003375148045],[-75.61810542623516,6.187999373464416],[-75.61811892476727,6.187982483242672],[-75.61814156478172,6.187954156782913],[-75.61815963138818,6.187917984857859],[-75.61816387423796,6.187913738356325],[-75.61820480512895,6.187872767905313],[-75.6182249885643,6.187845829541698],[-75.61824700925519,6.187849493551301],[-75.61828693404034,6.187867076726234],[-75.61829945690846,6.187880072272158],[-75.61830274379884,6.187883483344748],[-75.61830408331693,6.187900512822909],[-75.6183062140669,6.187927610518106],[-75.61831177162505,6.187931688432972],[-75.61834199185749,6.187953860562844],[-75.61834452857148,6.187955722162525],[-75.6183454415299,6.187956391182499],[-75.61833769466696,6.187972750375277],[-75.61834061598523,6.1879745675868225],[-75.61835841842421,6.18798563675208],[-75.61835842030219,6.188008392808792],[-75.61836583309106,6.188060290804522],[-75.61836746195911,6.188071691087471],[-75.61836143083566,6.188113969320816],[-75.61835849866436,6.188134524004162],[-75.61835843230546,6.1881349899218625],[-75.61833132842932,6.18816212064405],[-75.61833133322527,6.188216279172285],[-75.6183313337062,6.188216376808272],[-75.61833141131713,6.188216728104289],[-75.61834941203541,6.188297758692457],[-75.6183618152162,6.188322580816389],[-75.6183855605134,6.1883700967179625],[-75.61843787880761,6.1884224475823215],[-75.618438838367,6.188423407478738],[-75.61844830869322,6.188432883204818],[-75.6184488143489,6.188433389695082],[-75.61845033152757,6.18843440198783],[-75.61849536197565,6.18846444046603],[-75.61850303033899,6.188469555765262],[-75.61852374533579,6.188500646295775],[-75.61853917737925,6.188523807174369],[-75.618575322964,6.188559974698705],[-75.61862537901517,6.188610061175427],[-75.61862954044484,6.188614225529028],[-75.61862983752489,6.1886151181771565],[-75.61863675276084,6.18863587107564],[-75.61865665497625,6.188695607991458],[-75.61867762501035,6.1887375721710685],[-75.61869280262943,6.188767945066374],[-75.61870184289384,6.188813157630266],[-75.61870184733328,6.188867413781788],[-75.61870185563934,6.18895784039495],[-75.6187018618872,6.189012095633237],[-75.61868379470872,6.189057310876919],[-75.61866609908331,6.189078564925891],[-75.61863862216296,6.189111571186545],[-75.61857536845575,6.1891242381913285],[-75.61854826964603,6.18912966427374],[-75.61850251812106,6.189129668543442],[-75.61843984340095,6.189129674950132],[-75.61837853912381,6.189090640039018],[-75.6183404467617,6.189066384955966],[-75.61829526738995,6.189048304300451],[-75.61820490955049,6.1890121420654545],[-75.61819380905412,6.189026031648137],[-75.61816877188035,6.1890573587733115],[-75.61818910871756,6.189111619499927],[-75.61819588520979,6.1891296970783785],[-75.61823203377563,6.189202035097257],[-75.6182390062948,6.189214244364362],[-75.6182681811642,6.189265329813985],[-75.61829907146216,6.189296239953637],[-75.61830432591117,6.189301498250892],[-75.6183282864569,6.189333464167087],[-75.6183585458596,6.18937383386865],[-75.6184037308913,6.189455213963615],[-75.61844891594049,6.189536594048667],[-75.61846115129698,6.18956107796148],[-75.61848506458459,6.189608932023073],[-75.61853928488897,6.1896903099916845],[-75.61854207245914,6.189701464072048],[-75.61854701210066,6.189695997261293],[-75.61869580111501,6.189817614631744],[-75.6187637879884,6.1897348352723425],[-75.61883102866958,6.18975837687471],[-75.61883745258206,6.189760626108112],[-75.61886621619813,6.189776632432442],[-75.61891701766972,6.189804902019471],[-75.61892134044629,6.189809542008183],[-75.61893899845515,6.1898284979370555],[-75.61892337344517,6.189863164335677],[-75.61890480417179,6.189940669611291],[-75.61892271403056,6.19001696058516],[-75.61893290059518,6.190098807147564],[-75.61895579461175,6.190136136622431],[-75.61880886673148,6.190261511640898],[-75.6188741958016,6.190326251547425],[-75.61895195545746,6.190398253854363],[-75.6189463412987,6.190403593815033],[-75.61886901808388,6.190477151803869],[-75.61884638162793,6.19049868520846],[-75.6188430251842,6.190501878638131],[-75.61882720322606,6.190516930659527],[-75.61870435802226,6.190633799872338],[-75.61872490312858,6.19065568335519],[-75.61878981274869,6.190737029264265],[-75.61884446203346,6.190805510428006],[-75.61886778135732,6.190834732008291],[-75.61891276506076,6.190873925984344],[-75.61891831646321,6.190878762413083],[-75.618888864619,6.1908923032403536],[-75.6188564240569,6.190907218524605],[-75.61878551639259,6.190855422467856],[-75.61847449383727,6.19064110736538],[-75.61847339022542,6.190639330008624],[-75.61840793541357,6.190712781476828],[-75.61839781557956,6.19072623138326],[-75.61837255817251,6.190759799889575],[-75.61833286407192,6.190788349797486],[-75.61829045423244,6.1908595566593885],[-75.61824524704718,6.190946411218831],[-75.61823793735601,6.190957629599833],[-75.61840284484379,6.191090173387842],[-75.61818411328362,6.19133965310598],[-75.61812588617167,6.191378667665284],[-75.61826268961543,6.1914745079581985],[-75.61827949257669,6.191485287286894],[-75.61829089327193,6.191493448004182],[-75.61837579049424,6.191554643263531],[-75.61840505078483,6.1915665598760965],[-75.61841722794343,6.1915715200045875],[-75.61861313669334,6.191654204545693],[-75.61863084802812,6.191679197502812],[-75.61863231417927,6.191684883121648],[-75.6186269277486,6.191708753354378],[-75.61858823874303,6.191753003648794],[-75.61878030565447,6.191872891883988],[-75.61901144487564,6.191738403859511],[-75.61909547605485,6.191689509726216],[-75.61911737156123,6.191680757912487],[-75.61923045412031,6.191878450446915],[-75.61924179034881,6.191894236278713],[-75.61933755586008,6.191871336402461],[-75.6194443737703,6.192131668504609],[-75.61945200072589,6.192166294229019],[-75.61943244507265,6.192170871319658],[-75.6194023623707,6.19217849102283],[-75.6192987936912,6.19221237941973],[-75.61919332740923,6.192246888316027],[-75.6190504273518,6.192281952711449],[-75.61896317403607,6.192300283919151],[-75.61890449938849,6.192311000149752],[-75.61882324589784,6.192321780850402],[-75.61866219558816,6.1923267681534355],[-75.61857100745479,6.1923361622239526],[-75.61856218740436,6.192331627617176],[-75.61856115406778,6.192331096612139],[-75.61852427994194,6.1923121397424845],[-75.61858535491406,6.192200286417094],[-75.61862894549486,6.192165015429373],[-75.61861057627112,6.192165999330504],[-75.61860272035734,6.192168481786362],[-75.61847700859754,6.192208209289355],[-75.61839639481903,6.192233684950217],[-75.61839397580853,6.1922344490691605],[-75.61830180221243,6.192269888463371],[-75.6183002207387,6.192270496565527],[-75.6182837239507,6.192277306009165],[-75.61827522809276,6.192280813207076],[-75.6182746475852,6.192280333305375],[-75.61826093457228,6.192285607475236],[-75.61822290230462,6.192249410469168],[-75.61817694134234,6.192198362746922],[-75.61813200511479,6.192133451639376],[-75.61812257570683,6.192141094991791],[-75.61808954449873,6.1921879535876],[-75.61803744014568,6.19222329188485],[-75.61789304004671,6.192281395210332],[-75.61776702777826,6.1922944506988244],[-75.61776523520595,6.192294383605318],[-75.617729719868,6.192293054539747],[-75.6176612804668,6.192290493003372],[-75.61763156715357,6.192286928486859],[-75.61761026265577,6.1922843729853],[-75.6176035224084,6.192283564571313],[-75.61760129795616,6.1922832980034475],[-75.61758784581038,6.192219602898711],[-75.61757194723215,6.192144322592701],[-75.61755603572664,6.1920689835840905],[-75.6175561706475,6.191980313682528],[-75.61756610347378,6.191917534699263],[-75.61785566785856,6.19185504548203],[-75.61799490400871,6.191774327349807],[-75.61796538878494,6.191715262581899],[-75.61795215982063,6.191688791932172],[-75.61790697570409,6.191616454248969],[-75.61787986064621,6.191526030276751],[-75.61786196586986,6.191478284822522],[-75.61785274889982,6.191453691985882],[-75.61780756541084,6.191399439980415],[-75.61779615931765,6.191376615435425],[-75.61779026741488,6.191364824841848],[-75.61777141751831,6.191327101972149],[-75.61774128601725,6.19129695292954],[-75.61772250137682,6.191278157117791],[-75.61771719879108,6.191272851143227],[-75.6176720177136,6.19123668390357],[-75.61765058060023,6.191228104389373],[-75.61762683902364,6.191218602352156],[-75.6175997272946,6.191173392134939],[-75.61760875960357,6.191137220450991],[-75.61761208061588,6.191120598302107],[-75.61761779162784,6.191092006367444],[-75.61762142766695,6.191090187539634],[-75.61765393209637,6.191073918620233],[-75.61769082911007,6.191061605885208],[-75.6177081439732,6.191055827583429],[-75.61775331850015,6.19102869624731],[-75.61775331526574,6.190991919134015],[-75.61775331316139,6.190974440063343],[-75.61772620324771,6.190929228938573],[-75.61766481229651,6.190902905512827],[-75.61766869962942,6.190925140654821],[-75.61739135672097,6.190986471741815],[-75.61738677091529,6.190987486120893],[-75.61684774614967,6.191106684974964],[-75.61682319194796,6.191054157267836],[-75.6167834435203,6.190987149142398],[-75.61673504674724,6.190902954998086],[-75.61672836971078,6.190892967332528],[-75.6166790987048,6.190819266391811],[-75.6166487166486,6.1907844490145],[-75.61660973324315,6.190744924126157],[-75.61655932126823,6.19070202649949],[-75.61638312276048,6.1906379984397955],[-75.61634877597717,6.190541542773514],[-75.61632080047048,6.190382515503632],[-75.61628987301988,6.19026021486117],[-75.6162729192798,6.190172193267684],[-75.61620607950594,6.19003413472609],[-75.61629004285885,6.1899600388867215],[-75.61622226846386,6.189715427873124],[-75.61627314767031,6.189669399907679],[-75.61582823538735,6.1893579784529775],[-75.61577253770672,6.189316824440226],[-75.6157885287978,6.189188180048445],[-75.61580028444877,6.189090439249165],[-75.61579449032631,6.188990389198948],[-75.61579386734036,6.188979624907276],[-75.61583174647183,6.188942025446844],[-75.61577428438498,6.188833642407659],[-75.61571350903696,6.188822765976011],[-75.61561884965948,6.188795995002095],[-75.6155511345307,6.188742101375998],[-75.61550370715209,6.188694909901271],[-75.61544276777099,6.1886477578892665],[-75.61535833025526,6.188651382534695],[-75.61533189602753,6.18860205705443],[-75.61535044457246,6.188588695837225],[-75.61536581781085,6.188557698477521],[-75.61538452284792,6.188490588256009],[-75.61539075807511,6.188425300599068],[-75.6154035653515,6.188291210445726],[-75.61540764603448,6.188248489728704],[-75.61542865156642,6.188028557464682],[-75.61543955081335,6.187914441097101],[-75.61543783344835,6.187909644475964],[-75.61543334465148,6.187872353288051],[-75.61542557795299,6.187843023140048],[-75.61542334679054,6.187834595629559],[-75.61542122007174,6.187831422910733],[-75.6154169602665,6.187825068463804],[-75.61541070660591,6.187815739536556],[-75.61539018838599,6.187797986342604],[-75.61538997882515,6.187797805658987],[-75.61537105219624,6.187780766965724],[-75.61534673169746,6.187764642637505],[-75.61533388315172,6.18774291084531],[-75.6152183046133,6.187547426552604],[-75.61519244086959,6.187497073923377],[-75.6151876652398,6.187487776582563],[-75.61501820029893,6.187189171047457],[-75.61500705198277,6.187170399796759],[-75.61492156277416,6.18702645681288],[-75.61490002471947,6.187056639224624],[-75.61488004958989,6.187081525178377],[-75.61485316235583,6.187086260203039],[-75.6148080217276,6.187057466714368],[-75.61475432076627,6.187015574853097],[-75.61469370134499,6.186941765719131],[-75.6146744218793,6.18690881000124],[-75.61467322059586,6.186883676679581],[-75.6146867568379,6.186841363211739],[-75.61469921537122,6.186685705629365],[-75.61471665013286,6.186627166755319],[-75.61472502431587,6.186600024457617],[-75.61461629912283,6.186737968280549],[-75.61460977256723,6.1867425767855435],[-75.61458730680955,6.186758439804913],[-75.61453582350332,6.186772375440671],[-75.61448880319404,6.186784024417341],[-75.61443914154844,6.186775656008594],[-75.61438527220886,6.186778507833718],[-75.6143220239676,6.186798912094996],[-75.61426150650281,6.186831439028202],[-75.61423811862251,6.1868484466017755],[-75.61420184009228,6.186874829493936],[-75.61415196423205,6.186912187757032],[-75.61414899672981,6.186914019535132],[-75.6140963886591,6.186946499371983],[-75.61406201003878,6.186976781163865],[-75.61399909090288,6.186879845574363],[-75.61390386938353,6.186733145814368],[-75.6139125718487,6.186727751820263],[-75.61393226495942,6.186706126421788],[-75.61394115680396,6.186697175819003],[-75.6139752428119,6.186662866075793],[-75.61403798506706,6.186623141832036],[-75.61406129591157,6.186610492226657],[-75.614077459157,6.186610446086097],[-75.61409006642651,6.186622991148948],[-75.61413666722329,6.186590503840692],[-75.61418506292513,6.186558011308158],[-75.61423525965775,6.1865273107957615],[-75.61426933061301,6.186509238070218],[-75.61429086562283,6.186503783591341],[-75.61430685961408,6.186513960505288],[-75.61439851634961,6.186467524932784],[-75.61443077490831,6.1864440665900196],[-75.61447562163985,6.186425963389848],[-75.61450611049597,6.186411496516884],[-75.61453119010972,6.186389856335979],[-75.61454189275014,6.186364660768727],[-75.61453201579275,6.186328500839033],[-75.61452368043406,6.186276642422646],[-75.61452015619636,6.1862503072858805],[-75.61451521029187,6.18621335461774],[-75.61451516968357,6.186213179429762],[-75.6145054453279,6.186210442809466],[-75.61425516150118,6.186135837191302],[-75.61359847495032,6.185940088114023],[-75.61352069003343,6.185916901216048],[-75.61342074348147,6.185854929722797],[-75.61335360413341,6.185813299951401],[-75.61332436516928,6.185795170055613],[-75.61327994253247,6.185771639889584],[-75.61327377542081,6.18577954191686],[-75.61325947585905,6.185802949770279],[-75.61323977841322,6.185822777886729],[-75.61321647277472,6.185837223796684],[-75.61317883625277,6.18586429315098],[-75.61315733164267,6.185880531087974],[-75.61313584359385,6.185902161676724],[-75.61312357414091,6.185923794808038],[-75.61311440160922,6.185939968431576],[-75.61309115337116,6.185974185907501],[-75.6130696800678,6.186001208253436],[-75.61304458381917,6.1860174566344215],[-75.61303050921454,6.186027268990248],[-75.61302128338802,6.186033700696579],[-75.61298902996637,6.186058956220646],[-75.61294966544276,6.186109396864464],[-75.61293182028827,6.186148990427393],[-75.61292468309428,6.186165188388668],[-75.61290858768552,6.186188599657297],[-75.61288888930952,6.186208427776415],[-75.61286741598795,6.1862354501222665],[-75.61283909231693,6.186274541971355],[-75.61283266771065,6.186225814769533],[-75.61281573948014,6.186168348153405],[-75.61280601539193,6.186118050557547],[-75.61278665687738,6.186022096380353],[-75.6127690606827,6.185992490838776],[-75.61274895378746,6.1860262498595695],[-75.6127302377015,6.186074833188283],[-75.61270610978173,6.186115343650793],[-75.61268868486061,6.186145050120846],[-75.61266458041315,6.186193648215763],[-75.61264796313087,6.186235500414131],[-75.61263436348145,6.186276713959115],[-75.61260557734302,6.186258824084685],[-75.61257822683302,6.186219650923902],[-75.61251770029709,6.186201268120587],[-75.6125025577169,6.186189342102827],[-75.61248170923699,6.186172922038702],[-75.61247971960887,6.186171355143329],[-75.612461408486,6.186156931420118],[-75.612422489625,6.186077452366912],[-75.61241974027746,6.186071838102491],[-75.61241584098536,6.186072109523167],[-75.61241304610147,6.186072304088414],[-75.61240207426253,6.186073067766365],[-75.61240184475288,6.186073055334737],[-75.61239869030261,6.1860728746748705],[-75.61239032572068,6.186072395093322],[-75.61238515495951,6.186072755039913],[-75.6123557991969,6.186074798923473],[-75.61234151968533,6.186073981396076],[-75.61228818950595,6.186070927701025],[-75.61228564227237,6.186070782023375],[-75.61228312633074,6.186070570195131],[-75.61227667561923,6.186070027854985],[-75.61223180439586,6.186066253581071],[-75.61223179110365,6.186066306082134],[-75.61221329143683,6.186138912021492],[-75.61215703743748,6.1862341181667695],[-75.61213833333338,6.186249110967815],[-75.61202702646902,6.186338330058246],[-75.61198287424942,6.186373720782827],[-75.61189441591823,6.1864446241298126],[-75.61185806043545,6.186473764670892],[-75.61189718737633,6.186597445140339],[-75.61207005870148,6.1868399168983945],[-75.6121103835512,6.186896478282937],[-75.61215879495823,6.186947304269267],[-75.61235362383795,6.187151849914941],[-75.61237641894562,6.187175782194409],[-75.61254157567447,6.187384327753897],[-75.61264965202587,6.187551868333158],[-75.61270873319087,6.187635280180642],[-75.61274815218188,6.187690932817388],[-75.61276140419493,6.187719231651545],[-75.61279213964795,6.187784868100613],[-75.61281183601055,6.187826929398112],[-75.61284809093749,6.187920507657504],[-75.61281642300446,6.187928529805386],[-75.61278915957936,6.187932652743791],[-75.61276192506628,6.187946885673406],[-75.61273165038347,6.187958093204731],[-75.6127135047302,6.18797128872992],[-75.61268830723402,6.187991583316176],[-75.61266717019487,6.188017928696292],[-75.61265106156422,6.188037186783896],[-75.61263292765027,6.188054426123963],[-75.61260373877653,6.18809191755318],[-75.61258690385958,6.188107868537322],[-75.61258661342832,6.188108142993996],[-75.61256444433171,6.188127416449354],[-75.6125442982452,6.1881476952088645],[-75.61251610619068,6.1881801298268915],[-75.61250602772101,6.188188246392243],[-75.61248890372508,6.188205483472257],[-75.61248287986173,6.188218643735944],[-75.61246372110831,6.188230831695061],[-75.6124526467186,6.188244006874946],[-75.61244459758458,6.1882551511026485],[-75.61242946994481,6.188264294223538],[-75.61241426924285,6.188272172919603],[-75.61241230920939,6.188273505211886],[-75.61231088886886,6.188274416682763],[-75.61220138946949,6.188244172293325],[-75.61210693397014,6.188151341473013],[-75.61194634527835,6.188015432907604],[-75.61188456620174,6.1879732784997366],[-75.61181991046175,6.187927544584064],[-75.6117883245273,6.187913285627729],[-75.61175391211283,6.187913385353895],[-75.61172766720199,6.187921650168365],[-75.61171021809648,6.187927145044034],[-75.61166940542233,6.187956651998372],[-75.61140934960174,6.187851819818213],[-75.61129963860257,6.187798160970672],[-75.61086106248881,6.187510202527488],[-75.61074530292969,6.187557377335329],[-75.61071880438948,6.18756145843291],[-75.61067414790425,6.187568336512711],[-75.61062998607318,6.187575138023003],[-75.61062387956491,6.1875760784503635],[-75.61062132593368,6.187576471621345],[-75.61057346528655,6.187596228481479],[-75.61057205170859,6.187596812227057],[-75.61055147096931,6.187605307688294],[-75.61054140643114,6.187609462545461],[-75.61051847813867,6.18761892695609],[-75.61049000184357,6.187627357280752],[-75.61046250966515,6.1876354961757505],[-75.61045437873311,6.187637903005944],[-75.6104226100109,6.187647307828932],[-75.6103832550266,6.187659846381219],[-75.61036179080016,6.1876666845117265],[-75.6103522429277,6.187669726634139],[-75.61035052294052,6.187670274819574],[-75.61035185716943,6.187677447434496],[-75.61035309863351,6.1876841250782215],[-75.61035629988787,6.187714439796084],[-75.61035650738835,6.187716408732248],[-75.61035609055895,6.187732151450166],[-75.61035525117225,6.1877637580588285],[-75.6103537355527,6.187820828259198],[-75.61035363485624,6.187824605032078],[-75.61035395229754,6.187843628605293],[-75.61035407110063,6.187850714078935],[-75.61035248778978,6.187887007400745],[-75.61035222634686,6.187893001730465],[-75.61035064542288,6.187929229043862],[-75.6103487153488,6.18797345723767],[-75.61035089922802,6.187979996444486],[-75.61035386607448,6.187988879656087],[-75.61035805149665,6.187993524044144],[-75.61036365930585,6.1879997462615615],[-75.61036531196032,6.188000938731038],[-75.61038291938077,6.188014615610752],[-75.61040684965742,6.18802799378816],[-75.61042487256762,6.188035589692423],[-75.6104305817857,6.188037996257694],[-75.61043190250078,6.188038552994019],[-75.61045094287377,6.188046576939634],[-75.61045856246186,6.1880489415620525],[-75.61049700872837,6.188060874158731],[-75.6105174666264,6.188066542369595],[-75.61053986122216,6.188072747108413],[-75.61055446655006,6.188066500509504],[-75.6105686923297,6.188070157994522],[-75.61057582640186,6.188068942195845],[-75.61058781073879,6.1880708947911405],[-75.61060904213059,6.188081760275537],[-75.61063583983605,6.1880964677741845],[-75.61065153992352,6.188116689503711],[-75.6106709473886,6.188135081250889],[-75.61067085710006,6.188138769373372],[-75.61067824373221,6.188143730706208],[-75.6106913016651,6.188161771265963],[-75.61071073091483,6.188187540971915],[-75.6107412523688,6.188224350788784],[-75.61074793220273,6.188231809005973],[-75.61076301949943,6.188248652542794],[-75.61078359614953,6.18825716253294],[-75.61081974036861,6.18827840652974],[-75.61082022234002,6.18827868984304],[-75.6108210003704,6.188280212076011],[-75.61082727371327,6.188283626603779],[-75.61083506602424,6.188287867206238],[-75.61085318935721,6.188291997317593],[-75.61090190531938,6.188303100953221],[-75.61093445088356,6.188304720945409],[-75.61096025744479,6.188308722847627],[-75.61099956304525,6.188314818146085],[-75.61102186589369,6.188319262192343],[-75.61105272071136,6.188336946672184],[-75.61105986297795,6.1883429163266195],[-75.6110877816671,6.188366249375657],[-75.61109096988316,6.188366312343398],[-75.6111039084966,6.188378264600725],[-75.61111777761292,6.188393906284868],[-75.61113023346401,6.188414057160305],[-75.61113513406141,6.18842177002865],[-75.61113907511267,6.1884279724066955],[-75.61115067975729,6.188453220061334],[-75.61116786643541,6.188473739118112],[-75.61121411765816,6.1884770328811225],[-75.61124526024155,6.188495000707429],[-75.61127074104708,6.188512864395917],[-75.61128431108962,6.188518928986938],[-75.611305039601,6.188528192190942],[-75.61133988668412,6.188546686027598],[-75.61135879660023,6.188554629203303],[-75.6113753629475,6.188563984304789],[-75.6113929728047,6.188580356134269],[-75.61140656377664,6.188597483646418],[-75.61140684828474,6.188597842063814],[-75.61142692121695,6.1886255423470695],[-75.61143276463409,6.1886365079123395],[-75.61144241532969,6.188652923424185],[-75.61144356918604,6.188657761719862],[-75.61145656865095,6.188673271153609],[-75.61148725995842,6.18870988658833],[-75.61157183570467,6.188760076255539],[-75.61158516459119,6.188767985407323],[-75.61160324991737,6.188778718047482],[-75.61160189026073,6.1887805319619],[-75.61159852388832,6.188785025451747],[-75.611572689578,6.18881950429467],[-75.61157012603506,6.1888222932899035],[-75.61159833387907,6.188854642903707],[-75.61159635583661,6.188858010330595],[-75.61168266092487,6.188891532275465],[-75.61168445003948,6.188892734915584],[-75.61169077114405,6.188883622487763],[-75.61181083218435,6.188970581104756],[-75.6119449678032,6.189067733329321],[-75.61197920200905,6.189090729639612],[-75.61200511243088,6.189109058556341],[-75.61200139833404,6.189113748133374],[-75.61200179870343,6.189117646291966],[-75.61196454665777,6.189162895405716],[-75.61198320321753,6.189220009991164],[-75.61203945445399,6.1892503085245485],[-75.61205282910745,6.1892258022410855],[-75.61205379010734,6.189226320963293],[-75.61205666457084,6.1892209936338665],[-75.61214408505893,6.189261255191841],[-75.61218431500781,6.189284478718933],[-75.61223470777938,6.189328138283318],[-75.61231884601331,6.189401028226383],[-75.61240480683924,6.189460792122282],[-75.6124459361799,6.1894905575107035],[-75.6124835471225,6.189517777198119],[-75.61253376856457,6.189563327953469],[-75.61261493702979,6.189633719143598],[-75.61269672106559,6.1896953658974665],[-75.6127046084669,6.189701302915098],[-75.61271356305515,6.189708042909816],[-75.61275350884402,6.189740340038302],[-75.61277932357109,6.1897592217460184],[-75.61281197474854,6.189784150513176],[-75.61282081123869,6.189789468995764],[-75.61289048715999,6.189872490410466],[-75.61291843059179,6.189905785943834],[-75.61293826480168,6.189911731022834],[-75.61295148638438,6.189922426968968],[-75.61300325443037,6.189964303152016],[-75.61301148594818,6.189970961717323],[-75.61306682468573,6.190015726866166],[-75.61308031200984,6.190026637569059],[-75.61315304849506,6.190080439914044],[-75.61324740213334,6.19015023260196],[-75.61335445281561,6.190226735052507],[-75.61339158895316,6.190253274405381],[-75.61354157491361,6.1903604598258015],[-75.613691553096,6.190479827453505],[-75.6137356543759,6.1905218551996555],[-75.61376243408414,6.190547376930682],[-75.61379301209374,6.190576515179406],[-75.61384304269703,6.190629140041971],[-75.61386310797921,6.190669015186815],[-75.61387006123257,6.190692925914017],[-75.61389556509792,6.190780631683795],[-75.61391276218654,6.190839772049789],[-75.61391300386173,6.190840604404136],[-75.61391780418344,6.190857116949027],[-75.61396855022971,6.190980241525918],[-75.61398238665372,6.191013811682981],[-75.61392363916407,6.191064113862803],[-75.61385740192986,6.1911208283901376],[-75.61384942194321,6.19112766173588],[-75.61377829738527,6.191188560834859],[-75.61375688427368,6.191206895848844],[-75.61366491970684,6.191275378738689],[-75.6136481670415,6.191287853259688],[-75.6136016238855,6.191323863550543],[-75.61355440135038,6.191362433875009],[-75.61354502072432,6.1913700959126485],[-75.61354027526582,6.191377591367233],[-75.61349728555432,6.191445491215742],[-75.61348749792839,6.191460950083125],[-75.61348260098474,6.191468685860706],[-75.61348174606626,6.19146916560953],[-75.6134726762389,6.191474266715577],[-75.61342514250661,6.191500998067361],[-75.61342142197013,6.19150309122065],[-75.6134139053686,6.1915088184213944],[-75.61335581549031,6.191553078206276],[-75.6133389292295,6.191565943937156],[-75.61332623955822,6.19157561211752],[-75.61331844756336,6.1915815495129225],[-75.61331619761769,6.191583262947064],[-75.61330600198276,6.191590704791255],[-75.61325983046237,6.19162441149861],[-75.61325931468765,6.191624786513315],[-75.61317531910043,6.191653554428848],[-75.61314203907901,6.191649388824968],[-75.6130742619215,6.191555408202157],[-75.61302541351161,6.1913427601836055],[-75.6130060936983,6.191302191520361],[-75.61288225962281,6.190908120277352],[-75.61288648719768,6.190795675644945],[-75.61294823458321,6.190798043930255],[-75.61289335677127,6.190718991760757],[-75.61288372501781,6.1906733813211074],[-75.6127584902485,6.190557828749696],[-75.61275663918043,6.190558909180233],[-75.6127564233388,6.190558921091963],[-75.61258496533652,6.190567966215544],[-75.61244653562807,6.19057427478068],[-75.6123861846972,6.190577025586156],[-75.61232659878446,6.190588389243261],[-75.61229751412894,6.190571026177791],[-75.61225199973669,6.190602615852596],[-75.61223430437266,6.190605991059885],[-75.61219644258318,6.190613211095932],[-75.61219617631397,6.190613439326836],[-75.61213742010025,6.190663849891268],[-75.61206995348039,6.190721732932455],[-75.61199646818783,6.19076259858649],[-75.61190732186887,6.190812173337628],[-75.61173564908277,6.190839315018069],[-75.61151879651051,6.190839332037565],[-75.61133809193909,6.19091168779983],[-75.61121159751112,6.19094786817677],[-75.61114835091348,6.190975001252751],[-75.61109481830557,6.19101965337798],[-75.61109414086272,6.191020219040128],[-75.61114084698696,6.191025409012495],[-75.61117546148508,6.191029254486511],[-75.6113019652939,6.191101586128087],[-75.61129294223326,6.191264354794812],[-75.61127630926093,6.191305979307845],[-75.61125680640318,6.191354784462522],[-75.61116646085618,6.191463302793706],[-75.61114100877275,6.191497271713154],[-75.6110851496932,6.191571821856481],[-75.6110219093026,6.1916893803028294],[-75.61101804667582,6.19170098127987],[-75.61100384335181,6.191743638936564],[-75.61100385072471,6.191843107636188],[-75.61100385901322,6.191942577235062],[-75.61103301527145,6.191981476616534],[-75.61105807689036,6.192014913003618],[-75.61115746814588,6.192014906487559],[-75.61120249430114,6.192005245494793],[-75.6112839638886,6.191987767552952],[-75.6113106416436,6.191972508514993],[-75.61134720948886,6.191951592877787],[-75.61139092271654,6.191881583947364],[-75.61139238188979,6.1918792478953595],[-75.61139500733354,6.1918754505589515],[-75.61141460268495,6.191847119272329],[-75.61147369190302,6.191761686353838],[-75.61155500661962,6.191698381264015],[-75.61164536155833,6.191698374871275],[-75.61165951805008,6.191713827036875],[-75.61167054480491,6.191725863690481],[-75.61171302338725,6.191772233697302],[-75.6117019042022,6.191792296274769],[-75.61169095580537,6.191814942728951],[-75.611687880736,6.191821912830382],[-75.61167954355727,6.191840809029181],[-75.61166948449777,6.191868506627948],[-75.61166314799253,6.191896723815688],[-75.61166011124482,6.191919574508359],[-75.61166036294712,6.191937147359743],[-75.61166039821573,6.191959021906936],[-75.61165843994554,6.191978355906791],[-75.61165341203422,6.191993085256569],[-75.61164464536724,6.192006939800676],[-75.61164446134019,6.192007175763308],[-75.61163916590921,6.192013977793269],[-75.61163192495619,6.192019921501656],[-75.6116248946649,6.192031047169021],[-75.61162171105235,6.192040928889969],[-75.6116202382026,6.192064738326949],[-75.61162122778029,6.192071252656627],[-75.61162497600922,6.1920780969472355],[-75.6116212748003,6.192099192508831],[-75.61162027360501,6.192104831562562],[-75.61162009780564,6.192105822377748],[-75.61161777627512,6.192118885774003],[-75.61161809333369,6.192122740947934],[-75.6116184344155,6.192126888920131],[-75.6116188965346,6.192132504495557],[-75.61161889853342,6.192133829842872],[-75.61161893550262,6.192155131205967],[-75.61161589679276,6.1921766637846485],[-75.61160801133008,6.1922027351217785],[-75.61159946591515,6.192217862403089],[-75.61159801747826,6.192221279662801],[-75.61159041452163,6.192239216653467],[-75.61158829317151,6.192255697328725],[-75.61159023263575,6.192272412050696],[-75.61159911086028,6.1922948460668366],[-75.6116056123345,6.192305513645748],[-75.61161566627102,6.192317197980774],[-75.61164149829358,6.192336260434893],[-75.61166230320715,6.192348165760715],[-75.61167507075679,6.192353223507018],[-75.61168939058463,6.192358897413022],[-75.61173385318146,6.1923755383479255],[-75.61174024023659,6.192377999399075],[-75.61175017334426,6.192381827109338],[-75.61177957935914,6.192395627481881],[-75.61180564753465,6.192411825592197],[-75.61182549211955,6.19242941225192],[-75.6118288845306,6.1924324178298455],[-75.61184180831914,6.1924472043312555],[-75.61185665721727,6.192468434555963],[-75.61186984764454,6.1924926210977045],[-75.6118789689892,6.1925167291346535],[-75.61188616977576,6.192536421239212],[-75.61189482343914,6.192567929528687],[-75.61190037920485,6.192598824750029],[-75.61190234270835,6.192630346096865],[-75.61190239789777,6.192661962727715],[-75.61190203791948,6.192662607289573],[-75.61189991260976,6.19266174533526],[-75.61189451750096,6.192667933096843],[-75.61189771453549,6.192670335721405],[-75.61192119362968,6.192687984934332],[-75.61194770074472,6.192699016858469],[-75.61196764346289,6.192704958687952],[-75.61195246239036,6.192732100205234],[-75.61194103426972,6.1927589610611085],[-75.61193343786377,6.1927866781793295],[-75.61192941359785,6.192809676575768],[-75.61192849463139,6.192830934725874],[-75.611930223975,6.1928635176908395],[-75.61193049579782,6.192883340652135],[-75.61192718467808,6.192902929930096],[-75.6119209833537,6.192922442132203],[-75.61191027040203,6.192942999050139],[-75.61189501372048,6.192962848767212],[-75.61188439312228,6.192973161288903],[-75.6118802277717,6.192977204885264],[-75.6118606281938,6.1929914463887545],[-75.61184593269891,6.192999948250838],[-75.61184034149036,6.193003182500201],[-75.61181694919026,6.193014210655472],[-75.6118162304498,6.1930142774796595],[-75.611782969767,6.193017374971529],[-75.61176031094891,6.193021046764935],[-75.61171699267071,6.193028622791854],[-75.6116759396338,6.193037777907758],[-75.6116535755034,6.1930438783686785],[-75.61164206686308,6.193047017901293],[-75.6116071102023,6.19305904141805],[-75.61158984138434,6.1930657749428555],[-75.61157712395965,6.193070732170491],[-75.61154856473203,6.1930860402852685],[-75.61152361626942,6.193098972820276],[-75.6115069639935,6.1930990014837635],[-75.61149962973353,6.193099014999187],[-75.61149366658009,6.193102114564214],[-75.61149153289148,6.193103223508652],[-75.6114648305131,6.193112746414239],[-75.61145922772086,6.193113625632323],[-75.61142907536204,6.193118356810947],[-75.61140926329682,6.193118414592322],[-75.61139835832888,6.193117192657303],[-75.61139739349534,6.193117917043045],[-75.61139443832154,6.193116752695989],[-75.61135750080473,6.193181553440554],[-75.61133827143182,6.19319043743714],[-75.61127586685454,6.1932060559488775],[-75.6112614614891,6.193218635508093],[-75.61122422365405,6.193254693927511],[-75.61116179864133,6.193332860187165],[-75.6111199413072,6.193379079523736],[-75.610849867406,6.193713188020406],[-75.6109080404346,6.193877950228223],[-75.61059299603093,6.193972745664385],[-75.61051086708001,6.193937199894879],[-75.61047881013681,6.193886197622204],[-75.61036167655061,6.1938397005419175],[-75.61036099361522,6.193839333237489],[-75.61020827565032,6.193757114503693],[-75.61008471150726,6.1936936037605905],[-75.61000806252356,6.193670406647996],[-75.60985887302614,6.193572907077715],[-75.60979495101155,6.19354300602469],[-75.61029026119118,6.193349561886032],[-75.61031123859613,6.19336347072257],[-75.61035317940403,6.193386049407437],[-75.61038465048865,6.193408659735967],[-75.61041425253835,6.193427227245592],[-75.61041666290923,6.193425617898519],[-75.61048653145066,6.193416872487478],[-75.61048894643521,6.193416569490374],[-75.61053412625952,6.193434651668487],[-75.6105489035809,6.193454367080219],[-75.61056123574687,6.193470820007709],[-75.61057931007109,6.193516031879584],[-75.61057931051064,6.193525126763655],[-75.61057931369538,6.193561245018375],[-75.6105612457118,6.1936064594304785],[-75.61055221417287,6.1936607170101805],[-75.61053414618677,6.193705931423599],[-75.61053229839378,6.193718892145106],[-75.61052822370131,6.193747448089702],[-75.61054638637034,6.193726642040484],[-75.61059140983964,6.193647483823381],[-75.61063592115357,6.193614833191558],[-75.61062785676245,6.193606166755746],[-75.61074838580777,6.19330988652959],[-75.61074839737779,6.193309851214131],[-75.6107506545696,6.193294170862201],[-75.61075165583173,6.193291484478655],[-75.6107542699855,6.193284469632132],[-75.61076526217533,6.1932679651651465],[-75.61076871364884,6.193249537811395],[-75.6107909998225,6.193167107632144],[-75.61073288776849,6.1931723986213925],[-75.61071389132141,6.193168944593334],[-75.61063349500336,6.193154321158672],[-75.6105431348778,6.193091029446695],[-75.61052547411074,6.1930645224282594],[-75.61050698882192,6.193036777282827],[-75.61049878597893,6.193023096677198],[-75.61050624738176,6.193008882412183],[-75.61044231516723,6.192931121211431],[-75.61041323079095,6.192912189518163],[-75.61032509497018,6.192854817454709],[-75.61022705768784,6.192791232550649],[-75.61009623325414,6.19272251116219],[-75.61007792288765,6.192712892525951],[-75.61002807624428,6.192672898826864],[-75.61002807361399,6.192629894292415],[-75.61007324164636,6.192503293716788],[-75.61029912335746,6.1924128496285045],[-75.6103357663878,6.192420819425324],[-75.61050694412675,6.192458047062568],[-75.61060120528933,6.19250949265801],[-75.61060614271209,6.192512187779977],[-75.6106063392681,6.192512295300163],[-75.61061022112851,6.192517289228824],[-75.61066959452394,6.192593674273999],[-75.61071477804762,6.192666012048284],[-75.61085934250508,6.192620787897783],[-75.61087910433345,6.192615841213618],[-75.61093162570849,6.192602696126782],[-75.61103736456012,6.19261896765207],[-75.61104908901493,6.192620772302173],[-75.61104906487508,6.1926206395236205],[-75.6110310109099,6.192521304878159],[-75.61101154003705,6.19250182232536],[-75.6109767933122,6.192467053118429],[-75.61090450759448,6.192448973297597],[-75.6108502867654,6.192367593281426],[-75.61075992662668,6.192295259110641],[-75.6107586573909,6.192295621559587],[-75.61071890342825,6.192306992379841],[-75.6106334318155,6.192331440407026],[-75.61049789913687,6.192331450251374],[-75.61041989895938,6.1922768164145205],[-75.61040753829582,6.192268158453293],[-75.61039442160926,6.192225507774628],[-75.61037138663464,6.1921506073028025],[-75.61042559578071,6.192096347069972],[-75.61042559593106,6.192093803936107],[-75.61042558196017,6.191907120132992],[-75.61042558138293,6.19190645112819],[-75.61037136267441,6.191834114354136],[-75.61036973783142,6.191835275936691],[-75.61034317863661,6.191854265426113],[-75.61030811713928,6.191879332291115],[-75.61016355505316,6.191951685385609],[-75.61007320152157,6.191987862258169],[-75.60999033076489,6.192055730450212],[-75.60997506679666,6.192068230121449],[-75.60997381707122,6.192069254247859],[-75.6100641780109,6.192141588610071],[-75.61007322270949,6.192259142116619],[-75.60997383715495,6.192331490773],[-75.60989251962356,6.192358625024063],[-75.60984955094823,6.192294132545919],[-75.60982022686677,6.192250118697731],[-75.60972082358391,6.1920873590064875],[-75.60963367341525,6.192043757126366],[-75.6096304649505,6.192042151923763],[-75.60944071495707,6.191996952838328],[-75.6094226338849,6.1918613144974355],[-75.6094220355931,6.19186107515131],[-75.60934671864914,6.1918309316625235],[-75.60933227635837,6.191825150695329],[-75.60933200836266,6.191825579636521],[-75.6093057601342,6.191867614893042],[-75.60928710360434,6.19189749561824],[-75.60925243419696,6.191907136249517],[-75.60927967894324,6.191928394216105],[-75.60930970210728,6.191955476965211],[-75.60932368425662,6.191967442192867],[-75.60932479734635,6.191968394122126],[-75.60933393795182,6.191976216330531],[-75.60935686838057,6.191995837458926],[-75.60937409631825,6.192010201474613],[-75.6093832794768,6.192017858932367],[-75.6094172739147,6.192049932462684],[-75.60944794691157,6.19208314698671],[-75.6094805929726,6.19212668797593],[-75.6094969687346,6.192151101243654],[-75.6095113230804,6.192178883057066],[-75.60953197647024,6.192213276947885],[-75.60955538304219,6.192263620366529],[-75.60956554928936,6.192292656830463],[-75.6095891956404,6.192347123409355],[-75.6096105086461,6.192399937082304],[-75.6096250122042,6.192441723023011],[-75.60963391244172,6.192467363715373],[-75.60964492170154,6.192507100154958],[-75.60965622641808,6.192556961570937],[-75.60965961456247,6.192576752057747],[-75.60967157623303,6.19262242713118],[-75.60964085473046,6.192635984677107],[-75.60959999968368,6.1926540129615],[-75.6095712683247,6.192681005966697],[-75.6095530090893,6.192698160036651],[-75.60949259786392,6.192754915239324],[-75.60943106389318,6.192834316466117],[-75.60942911506017,6.192836830315203],[-75.60942208371286,6.192849040859963],[-75.60941466272868,6.192861927754424],[-75.60940578441281,6.192877344161016],[-75.60936124955565,6.19295468365429],[-75.60934358995863,6.192974928484094],[-75.60933192828182,6.192988297317385],[-75.60932442392242,6.192996901161832],[-75.60929684714654,6.193028517298136],[-75.60927720961686,6.193065397618068],[-75.6092476743117,6.193093325764141],[-75.60920465224676,6.193112311256283],[-75.60917229821506,6.193096237044638],[-75.60911379707593,6.193071805915151],[-75.60904201195258,6.1930418267890985],[-75.6089503807011,6.1930097583498],[-75.60886504261451,6.192981263440787],[-75.60878508064434,6.19295005970569],[-75.60875137409643,6.192917205422977],[-75.60871870727655,6.192970976297116],[-75.60872522882495,6.192977276292375],[-75.60874407112988,6.193011328352892],[-75.60874471369438,6.193012488724389],[-75.60875500027126,6.19303107995458],[-75.60877025565074,6.19305250087652],[-75.60882137587792,6.193124282628386],[-75.60883098520124,6.193137776449237],[-75.608862780742,6.193201992206148],[-75.60887231538759,6.19322124800171],[-75.608893069567,6.193260705091461],[-75.60888953433243,6.193281404788549],[-75.60888600962708,6.19330204114934],[-75.60887891776773,6.193314073891251],[-75.60887555907387,6.193319771562084],[-75.6089151731506,6.19333119933885],[-75.6089297735805,6.193332751210116],[-75.60893459217897,6.193334242717435],[-75.60892579194288,6.193362432280889],[-75.60891636505046,6.193395458965363],[-75.60890772500734,6.193425732516061],[-75.60887435105144,6.193464276093813],[-75.6088116030883,6.193536745493395],[-75.60883866518122,6.1935704524303254],[-75.60887304234917,6.193594533953231],[-75.60885449695165,6.193597027295297],[-75.60884477696763,6.1935992602419425],[-75.60883490460043,6.193601918848891],[-75.60882927837379,6.193603916487321],[-75.60879795041681,6.193615039639392],[-75.60876479957801,6.193628756481439],[-75.60875732021839,6.193631786638308],[-75.60875059083872,6.193634488545945],[-75.6087429060889,6.193637451908204],[-75.60874285559098,6.193637470237929],[-75.60872048397425,6.193645746721717],[-75.60871503766273,6.193647590687124],[-75.60870733228344,6.193650032504676],[-75.60867966213553,6.193655847969306],[-75.60864302405304,6.193662702926463],[-75.60860569045444,6.193668284762329],[-75.60859772432693,6.1936689531805],[-75.60859077708922,6.193669234166504],[-75.60857421884222,6.193667083484302],[-75.60856555519413,6.1936634953759535],[-75.60856358728869,6.193662863170079],[-75.6085617891549,6.193662402805594],[-75.60855685604392,6.193662059118352],[-75.60855284646311,6.193661960410064],[-75.60855038835528,6.193661209470787],[-75.60854553814369,6.193658616060226],[-75.60854077687382,6.193655922764849],[-75.60853844733013,6.193655046431986],[-75.60853479622612,6.193654548171202],[-75.60853168019868,6.193654476709416],[-75.60853010878661,6.193654196042629],[-75.60852753493407,6.193653237737479],[-75.60849934962248,6.193649439180854],[-75.60847741058035,6.193620168582829],[-75.60847403246942,6.193615660351198],[-75.6084716288136,6.193613856811062],[-75.60846771822557,6.19361092246489],[-75.60843788784825,6.193588535363592],[-75.60842056960759,6.193588536473935],[-75.60841078083835,6.193588536709174],[-75.60834753265128,6.193606627179502],[-75.60831749468193,6.19361665004241],[-75.60831589875639,6.19362664510778],[-75.60831124116324,6.193671365936771],[-75.60832490440313,6.1936722796406745],[-75.60832377739567,6.193691303113055],[-75.60845596667457,6.19369704552175],[-75.60845801352674,6.193702164217902],[-75.60844707488862,6.193747616591809],[-75.60848268513075,6.193759555898708],[-75.60850428166071,6.193802774296267],[-75.60851018805906,6.193814596637998],[-75.60851157873576,6.193816335547654],[-75.60853789348106,6.193849249696333],[-75.60850967438496,6.1939527892223385],[-75.60851332188211,6.193954575793796],[-75.6085455227261,6.193970347923554],[-75.6085716800142,6.193983157325075],[-75.60865052346843,6.194039670426708],[-75.6086617121354,6.194049537500636],[-75.60869843823082,6.1940819275839765],[-75.60870112978473,6.194085697856143],[-75.60872706477623,6.1941220303167155],[-75.60876321188925,6.194185326911541],[-75.60876321495823,6.1942293503662],[-75.608763216598,6.194248625034674],[-75.60874514843478,6.1942938394585925],[-75.60873611517782,6.194311925435041],[-75.60873611777453,6.194357139547079],[-75.60870901529071,6.194411397491212],[-75.60869712953607,6.194423293805318],[-75.60868191052354,6.194438527152263],[-75.60867778889539,6.194442652792955],[-75.60870105886956,6.194537433540462],[-75.60871475381803,6.194600515134835],[-75.60878237133602,6.194741788917984],[-75.60866418117176,6.194823576348632],[-75.60869125399492,6.194831314837156],[-75.60870904624021,6.194836402161743],[-75.6087792936894,6.194853971465551],[-75.6087813323682,6.194854482175641],[-75.6088084443397,6.194926820461201],[-75.60878000555309,6.19505494442953],[-75.60877231475199,6.195089591708987],[-75.60876248958802,6.19509450844941],[-75.60871810289228,6.19511672368399],[-75.60866389225032,6.195161940576964],[-75.60863403189185,6.195171904757298],[-75.60860968021444,6.195180030083024],[-75.6085373964801,6.195198120812133],[-75.60851009292308,6.195201159016516],[-75.60850377993958,6.19524835337638],[-75.6084504298544,6.195286887692791],[-75.60848320727031,6.195342220677964],[-75.60854458196062,6.195380191396086],[-75.60861111845666,6.195301405563596],[-75.60869513705886,6.195278028863578],[-75.60880611228148,6.195292792206552],[-75.608819524332,6.195298467020579],[-75.60881319581352,6.195177940132932],[-75.60892404877615,6.195167826893487],[-75.60898527300985,6.195175180316081],[-75.60900024952798,6.195110043743729],[-75.60912660551763,6.195141952875644],[-75.60924735787691,6.195200680617138],[-75.60932996243477,6.195278732430533],[-75.60934642746186,6.195270728162775],[-75.60935570617171,6.195245976202527],[-75.60938191564478,6.1951760081732274],[-75.6094027347847,6.1951201963090625],[-75.60942181948323,6.19506971702167],[-75.60944154103451,6.195016661631408],[-75.60946236109197,6.1949604863311825],[-75.60948080078917,6.194909456029023],[-75.60948763122171,6.194891286866056],[-75.60940641951288,6.194884152107506],[-75.60940189043502,6.194740654074352],[-75.60941708318579,6.194719529953313],[-75.60943984924958,6.194683059121261],[-75.60944194955054,6.194674785629842],[-75.60944586735707,6.194679186321145],[-75.60947186379607,6.194665504629538],[-75.60946113718435,6.194696542443517],[-75.60947231318553,6.194708238473892],[-75.60951359140189,6.194691366157445],[-75.60951684525261,6.194691357374776],[-75.60951665509545,6.194712772897414],[-75.60951635399952,6.194746723826687],[-75.60952548310415,6.194752559836035],[-75.6095439194097,6.194749553483104],[-75.60955685389014,6.194743529319151],[-75.60955864836647,6.194742693267268],[-75.60959922300695,6.194776216080601],[-75.60967020981606,6.194834865036658],[-75.60972481082821,6.194880135822653],[-75.60976928277015,6.194917007070931],[-75.60976554086263,6.194921377658565],[-75.60976415045207,6.194923002778904],[-75.60975804930739,6.194930933434296],[-75.60965904981362,6.195059677724267],[-75.60977397576585,6.195146028778273],[-75.60983078604325,6.195187543120005],[-75.60980629557153,6.195236159524392],[-75.60979066594349,6.195266908671904],[-75.6097675497664,6.1953130113402555],[-75.60974372549741,6.195360062242743],[-75.60973005077064,6.195387510971776],[-75.60967594534091,6.195494912620955],[-75.6096134696117,6.1956095310416766],[-75.60960658038756,6.195622170332525],[-75.60957178732187,6.19570061102945],[-75.60954757012107,6.195755208292981],[-75.6095344451424,6.19581529377442],[-75.6095316922183,6.195827896430578],[-75.60952635244223,6.195831752336413],[-75.60948988316127,6.195858084657952],[-75.60935655268614,6.195952186968418],[-75.60927484554368,6.196007869138188],[-75.60922898932219,6.1960378575910635],[-75.60920652809047,6.196052544396673],[-75.60916290580468,6.1960816006082],[-75.60916041976508,6.196083256435804],[-75.60914752585377,6.19609184433439],[-75.60917523329732,6.196106279671167],[-75.60920710415412,6.196122885061502],[-75.60925614931385,6.196160917232937],[-75.60927237460511,6.19617250432248],[-75.60927925888407,6.196177420190131],[-75.60927947282731,6.196177572828035],[-75.6093129160869,6.196201458136913],[-75.60935613614502,6.1962328234626325],[-75.60937225992713,6.196244525863247],[-75.60941350333795,6.196269805705966],[-75.6094604938496,6.196295620482968],[-75.60946020823089,6.196296139918301],[-75.60946049899795,6.196296300314457],[-75.60944293555137,6.1963282143873855],[-75.60943326929471,6.1963560881906705],[-75.60942174001309,6.196397869356923],[-75.60938675169325,6.1964775776286265],[-75.6093772982627,6.196529268882058],[-75.60937463938916,6.196548140768048],[-75.60937169855795,6.196569012025863],[-75.60936807742313,6.196602365442341],[-75.6093625146761,6.196660469965055],[-75.60933966276312,6.196672315424324],[-75.60931561242938,6.196684781547202],[-75.60928875658277,6.196679487561928],[-75.6092872219662,6.196679343233978],[-75.60924714209928,6.196675577125846],[-75.6092109411159,6.196687770366098],[-75.60916535398783,6.19670267589912],[-75.60914794114571,6.19671414199155],[-75.60913291352185,6.196725862136976],[-75.6091209592317,6.196736315926729],[-75.60911554792305,6.196741059073391],[-75.60910797261641,6.196746630147838],[-75.60909676717401,6.1967548707156626],[-75.60909289481499,6.196758066663388],[-75.60908368903206,6.196765678102665],[-75.609058213101,6.1967808851290975],[-75.60901532148327,6.1967998131323645],[-75.60901591312746,6.196803293583351],[-75.60900133961412,6.196803562409307],[-75.60899644022862,6.196803653427815],[-75.60899478813144,6.196803684162029],[-75.60898809663996,6.1968038084120085],[-75.60897322594087,6.196804081412301],[-75.60897002106631,6.196803948921725],[-75.60894998404659,6.196803119983328],[-75.60893824854386,6.196802398446898],[-75.6089267416482,6.19680168844181],[-75.60891171331792,6.196800767945981],[-75.60890349924063,6.196800255091127],[-75.6089005563878,6.196800132159112],[-75.60888026908435,6.1967992926971025],[-75.60885707833661,6.196800650843845],[-75.60883444834084,6.196807107870425],[-75.608813758452,6.196818647946943],[-75.60880915553278,6.196822448692986],[-75.60879592168958,6.196833376178982],[-75.60877808311494,6.1968481035156815],[-75.60876120174387,6.1968642283461275],[-75.60856241580007,6.197068221023829],[-75.60851233967907,6.197106632624322],[-75.6084574807627,6.197143862643689],[-75.60839660954056,6.197167955438991],[-75.608374541007,6.197175066042921],[-75.60835226891861,6.197175130455751],[-75.60833654418778,6.1971738644056416],[-75.608309960471,6.197168622377457],[-75.60828582603915,6.197156633003569],[-75.60827847187949,6.197152979704769],[-75.60825394988579,6.197130323355887],[-75.60824164975736,6.197105883707025],[-75.60823288362833,6.197057552999667],[-75.60823277500563,6.197056956850814],[-75.60823266186021,6.197017751690008],[-75.60823259811293,6.196995769643675],[-75.60822485066937,6.196997749704433],[-75.60822468522957,6.1969945989451904],[-75.60822550746661,6.196984155650831],[-75.60822644737723,6.196972289681859],[-75.60822802274984,6.1969573793082455],[-75.60822898839265,6.196954978781666],[-75.60823375516453,6.196943157264394],[-75.60824265046853,6.196921625652335],[-75.60824861469888,6.196907884334881],[-75.60825200371681,6.19690008184202],[-75.60825582981848,6.1968916985960965],[-75.60826182755606,6.196878525771243],[-75.6082702508119,6.196856526368457],[-75.60827913431746,6.196834983966216],[-75.60828850021512,6.196813440998266],[-75.60829458078767,6.196791020077351],[-75.60829831112801,6.1967762012587775],[-75.60830021426003,6.196768612205621],[-75.608302609838,6.196761413997659],[-75.60830769491612,6.196746165409417],[-75.60831470588842,6.1967237317735835],[-75.60831971222211,6.196707716925272],[-75.60832171685605,6.1967012972338225],[-75.60832400908254,6.196692185627418],[-75.60832735032777,6.196678889362625],[-75.60833175447462,6.196657431385964],[-75.60833204120597,6.196656035001452],[-75.60833284512147,6.196650320061911],[-75.60833532071071,6.19663274730604],[-75.60833555263169,6.19662221831915],[-75.60833583251565,6.196609500353052],[-75.60833447720653,6.196586280669759],[-75.60833134165816,6.196573414971548],[-75.6083289547247,6.196563619412775],[-75.60832387884487,6.196540475898825],[-75.60832162094697,6.196531202254878],[-75.60831835727254,6.196517815540894],[-75.60831190666326,6.1964956289646755],[-75.60830684252942,6.196472485392132],[-75.60830179064293,6.196449811873278],[-75.60829718761929,6.196427116255886],[-75.60829520773532,6.19641963581389],[-75.6082912062425,6.1964044563511775],[-75.60827922768097,6.196384233484963],[-75.60827561786566,6.1963763307281186],[-75.6082695425034,6.1963630401188565],[-75.60825848208839,6.196342332674407],[-75.60824650527911,6.196322098044849],[-75.60823452672204,6.1963018751760695],[-75.60822117343061,6.19628260834044],[-75.60821814066247,6.196277790127859],[-75.60820873647347,6.196262856032037],[-75.60820503554949,6.196257185860773],[-75.6081958406211,6.1962431059809955],[-75.60818157239723,6.196224792914337],[-75.6081788387742,6.196221288645098],[-75.60816730316897,6.196206459058271],[-75.60815211720373,6.196189079885487],[-75.60815099808242,6.196187637982659],[-75.60813786067769,6.196170756814075],[-75.60812226445583,6.196154821643356],[-75.60812177056103,6.196154319604752],[-75.60810613800216,6.196137423589859],[-75.60810178489544,6.196133232965675],[-75.60808958949845,6.196121459652477],[-75.6080859950762,6.196118711800562],[-75.60807123275953,6.19610739410904],[-75.60806854917244,6.196104880448753],[-75.6080603541098,6.196097203663809],[-75.60805421366689,6.19609144242989],[-75.60803538679725,6.196077850215892],[-75.60801857999788,6.196066679999246],[-75.60801564358191,6.196064740760297],[-75.60801230203036,6.196062714012118],[-75.60799546500664,6.196052562825407],[-75.60798582289746,6.196046384867036],[-75.60797572134331,6.19603991353932],[-75.60796217205169,6.196032050639426],[-75.60795554508324,6.196028206609146],[-75.60794757275876,6.196024311337656],[-75.60793446422927,6.196017903622621],[-75.6079138164719,6.196006208050523],[-75.60789706512719,6.195995476027196],[-75.6078940745604,6.195993546998354],[-75.60788058146225,6.195985905315078],[-75.60787342681331,6.195981853231993],[-75.60785415329148,6.195968731511653],[-75.60784621120884,6.195960142177936],[-75.60783852159584,6.1959518246298915],[-75.60783191154533,6.195946458970769],[-75.60782061061025,6.195937285861045],[-75.60780133619211,6.195924165046028],[-75.6077871665259,6.195913590280681],[-75.60778249798597,6.195910101855113],[-75.60776503225657,6.195894622471973],[-75.60776140136862,6.195890703126143],[-75.60774940056137,6.195877714681406],[-75.60773468390593,6.195859873912472],[-75.6077194997666,6.195842493804013],[-75.60771344759394,6.195835942879291],[-75.60771051504669,6.195832767760107],[-75.6077038671712,6.1958255860152605],[-75.60770049768998,6.1958209990858455],[-75.60769939908104,6.195819502836334],[-75.60769005636445,6.1958067797652205],[-75.60767670401042,6.19578751289756],[-75.60766334984636,6.19576824513398],[-75.6076566325465,6.195759619031587],[-75.60764908064907,6.195749911251008],[-75.6076343531611,6.195732070529627],[-75.60762055319552,6.195713263318294],[-75.60760490977196,6.1956963564809815],[-75.60758973557898,6.195678976316077],[-75.60757318896854,6.195663024093493],[-75.60755709888865,6.195646587756957],[-75.60755353336862,6.195642734083616],[-75.60754146630481,6.195629679958708],[-75.60752537628464,6.195613255372928],[-75.60751020300017,6.19559587519917],[-75.60750480489756,6.195589882477715],[-75.6074945581784,6.195578498248],[-75.60747984148337,6.195560645712148],[-75.60746374153061,6.195544221171659],[-75.60744766229793,6.195527784775476],[-75.60744099713027,6.195522046903302],[-75.60743019794296,6.195512764630809],[-75.60742471565906,6.19550747297333],[-75.60741365043918,6.1954968124034],[-75.60740531963475,6.195489635312656],[-75.60739619873284,6.195481792194567],[-75.60739409362654,6.195480080302014],[-75.60738638798898,6.195473831324292],[-75.60737828687995,6.195467255211312],[-75.60736037592686,6.195452717318532],[-75.60733947809037,6.195452635673335],[-75.60732258348112,6.1954682795599325],[-75.60730305729803,6.195477835748672],[-75.60730187766457,6.195478419249011],[-75.60727865115668,6.195478377081089],[-75.60725581463352,6.195473681571769],[-75.60723550050889,6.195467742316954],[-75.60723340986118,6.195467135121757],[-75.60721100594353,6.195460578721625],[-75.60718858887316,6.195453551366307],[-75.60717259737356,6.195448541023266],[-75.60716616186629,6.195446524058659],[-75.60714721450714,6.195440580789953],[-75.60714374479637,6.195439496700934],[-75.60712131508207,6.1954315499684425],[-75.60710112126246,6.195425642661899],[-75.60709889941768,6.1954249927160605],[-75.60709595563658,6.195424311966094],[-75.60707652129423,6.195419825732391],[-75.60707449638838,6.1954193610556425],[-75.60705414317528,6.195414659651655],[-75.60703175195245,6.195409032560197],[-75.60700936163308,6.1954034054631695],[-75.60698651427086,6.195398709993171],[-75.6069680313819,6.195394451420914],[-75.60696413524882,6.1953935439123065],[-75.60694173273806,6.195387457605872],[-75.60691930297246,6.195379500014069],[-75.60691371976027,6.195377753690738],[-75.60689688590023,6.195372471739285],[-75.60687449558604,6.195366845539336],[-75.60685165957021,6.195362621025374],[-75.60682840359858,6.195360258240839],[-75.60680516353983,6.195359296680597],[-75.60673290610532,6.19536898195899],[-75.60671076305113,6.195377287110857],[-75.6066982310079,6.1953812081944255],[-75.60668860509291,6.19538421272921],[-75.60666547903811,6.195388808806214],[-75.60664616603897,6.195392662879838],[-75.6066423413589,6.195393429349324],[-75.60661921440358,6.195398026333119],[-75.60661343224514,6.1953991821354935],[-75.60659607576173,6.195402635126415],[-75.60657342086226,6.195407702614512],[-75.60655029531344,6.195412770607814],[-75.60652715756359,6.195417377586073],[-75.60652617388261,6.19541757770116],[-75.60650403071514,6.195421997166812],[-75.60648184159083,6.195425520023129],[-75.6064808793192,6.195425664884784],[-75.6064577157801,6.1954288833402105],[-75.60643456398815,6.195432102641044],[-75.60641747445825,6.195433442413694],[-75.6064113745943,6.195433919013684],[-75.60640827876654,6.195433917057439],[-75.60638816794555,6.195433876708127],[-75.60638315811791,6.195433367939763],[-75.60636490112414,6.195431513956982],[-75.60634338865539,6.195423083521198],[-75.60633735342383,6.195419796170865],[-75.60632275398143,6.195411837119659],[-75.60631175813779,6.195406473105279],[-75.60630166146692,6.195401544046556],[-75.60628102594853,6.195390309399668],[-75.60625950032514,6.1953814071007915],[-75.6062489599907,6.195378111159164],[-75.60623708416206,6.19537438059808],[-75.6062189562144,6.195371762942017],[-75.60621427348248,6.195371086215269],[-75.60620756892779,6.195370941074979],[-75.60619105644415,6.195370583780746],[-75.60616784035822,6.195371011625745],[-75.606144612479,6.195370509242455],[-75.60612138138421,6.195369535854861],[-75.60609811457088,6.19536717489839],[-75.60607527809087,6.195362489276236],[-75.6060662929922,6.195360041836683],[-75.60605287552278,6.195356392078809],[-75.60603044626139,6.195348905459828],[-75.60601871778123,6.1953431707551925],[-75.60600936544083,6.195338601465353],[-75.60598874217092,6.195327836858311],[-75.60596810885396,6.195317049697817],[-75.6059474611505,6.195305355827211],[-75.605926825634,6.195294120257721],[-75.60590575791485,6.19528427636333],[-75.60589430691104,6.195280227280788],[-75.60588331646572,6.195276330529575],[-75.60586092478493,6.195270242308727],[-75.60585067960984,6.19526744937604],[-75.6058385212677,6.195264135159486],[-75.60581613235485,6.1952589790163435],[-75.60579329492515,6.195254283438955],[-75.60578696693915,6.195252822831523],[-75.60577311807832,6.195249625410693],[-75.60577091680368,6.195249117295766],[-75.60574852783328,6.19524394939665],[-75.60572613802177,6.195238794157474],[-75.60570331323893,6.19523409851334],[-75.60570022784621,6.195233461845693],[-75.60568046587262,6.195229402979047],[-75.60567403694814,6.195227070440825],[-75.60566689038454,6.195224478346068],[-75.60566553382985,6.195223985968273],[-75.60565849501656,6.195221444875624],[-75.60563738885679,6.195210209796001],[-75.60563253747472,6.195207564832688],[-75.60561675425859,6.195198976013748],[-75.60560373778056,6.195190334720911],[-75.60559701020377,6.195185866433196],[-75.60557865258102,6.195171789917472],[-75.60557098422574,6.195166876027308],[-75.60555890988256,6.19515914049851],[-75.6055516906192,6.195154619478314],[-75.60553870833286,6.195146502374248],[-75.60552737010488,6.195139661869877],[-75.60551851898308,6.195134325263388],[-75.60549970302058,6.195120731959971],[-75.60548178127246,6.195106194934293],[-75.60546387121094,6.195091646097296],[-75.60545593192911,6.195083986977962],[-75.60544732370583,6.19507568292933],[-75.60543124458354,6.1950592572880465],[-75.60541332278585,6.195044709409826],[-75.60540875363617,6.195041405799004],[-75.6053945068242,6.195031115196108],[-75.60537812565863,6.195023644924526],[-75.60537295774076,6.195021294431143],[-75.6053497139587,6.195019391683214],[-75.6053265359076,6.195021679870036],[-75.60530386873582,6.195026275438877],[-75.60528170075739,6.195033190200256],[-75.60525957985135,6.195041966205564],[-75.60523744894984,6.195050730506477],[-75.60523400894806,6.195052202960479],[-75.60523395485859,6.195052225827972],[-75.60523389790127,6.195053505364048],[-75.6052333265351,6.195052494711611],[-75.60520147152029,6.194996196723503],[-75.60520081211637,6.194994917995394],[-75.60514515654776,6.194886939280974],[-75.60505006706808,6.194702454078276],[-75.60502110826492,6.1945737838341195],[-75.6050064940566,6.194508852234394],[-75.60489124587338,6.194322631640147],[-75.6045424876098,6.193961292730838],[-75.60441732145661,6.194065691887095],[-75.60418497541441,6.194295963870665],[-75.60414218603604,6.194375014251374],[-75.60416391062411,6.19445028880235],[-75.60420361039911,6.194543451562703],[-75.60423607901213,6.1946151085881285],[-75.60427209065827,6.194672406059092],[-75.60428659449005,6.194729765777321],[-75.6042939708204,6.194801495417437],[-75.60434788599723,6.194851565499573],[-75.60436960029551,6.194923253631311],[-75.60436255484672,6.194966325522486],[-75.60429814358747,6.195005973438372],[-75.60425534294158,6.195081435650135],[-75.60425921594633,6.195181875830372],[-75.60428811052283,6.1952571314050076],[-75.60433129212585,6.195314407188828],[-75.6043744944862,6.195378859359515],[-75.60436391549821,6.195439878099991],[-75.60433538109748,6.195460159122422],[-75.60430309906147,6.195483103859954],[-75.60424583599551,6.1955155564557725],[-75.60417404921091,6.195483475646078],[-75.60406990687329,6.195419198947985],[-75.60399800606062,6.195347655155729],[-75.6039547424409,6.195261678259311],[-75.60384709770088,6.195226112031285],[-75.60376799595988,6.195143826145215],[-75.60370666484435,6.19500767622204],[-75.60362395884677,6.194918225163208],[-75.60349841155457,6.194889886178265],[-75.60347039262078,6.194856485514232],[-75.60344354107524,6.1948553778925435],[-75.6034373517931,6.194855122599574],[-75.60341744264322,6.194873557601183],[-75.60340968455922,6.194880741461002],[-75.60339265130327,6.194896513417269],[-75.60339080973326,6.1948975133202495],[-75.60329609261363,6.194995254474472],[-75.60325358199101,6.195043859858896],[-75.60323032303175,6.195070192080613],[-75.60305656652172,6.195176307876893],[-75.60291087478144,6.195288887366222],[-75.60271181391,6.195396828807365],[-75.60267578146637,6.195416367269795],[-75.60262473438925,6.195350430031499],[-75.6023333235408,6.194974008160154],[-75.60223160686395,6.1948426189759065],[-75.60220009683795,6.194801915993851],[-75.6021277809894,6.194721020333772],[-75.60212249745052,6.1947195925204435],[-75.6020330952018,6.194792035067141],[-75.60203253462633,6.19479248804534],[-75.60200952063174,6.19479563867041],[-75.60198368882025,6.194799849133099],[-75.60197111127081,6.194799659529174],[-75.60195952026746,6.1947994849728225],[-75.60194807110526,6.194798760045339],[-75.60193562159857,6.194797969509484],[-75.601911951196,6.194796580398696],[-75.60190102070924,6.194794963319457],[-75.60189672571836,6.194794328042536],[-75.60174188132157,6.194864978909111],[-75.6016454757983,6.194865451997808],[-75.60162331682679,6.194865560735562],[-75.60156561226148,6.194865843897105],[-75.60155241718451,6.194855221627364],[-75.60150587446492,6.194869126790799],[-75.60143756909682,6.194872948956332],[-75.60120976527904,6.195108086329891],[-75.60119547166381,6.19516476214437],[-75.60119364886148,6.195171991901722],[-75.60119303911087,6.195173471241161],[-75.60110798954378,6.195379711120798],[-75.60105859673375,6.195499482491066],[-75.6010261845593,6.195512689074434],[-75.60091850609697,6.1955565648827635],[-75.60071122080751,6.195641025816002],[-75.60062440447174,6.195666433931931],[-75.60058931742583,6.195674296997682],[-75.60057378935299,6.195677776099602],[-75.60055831722953,6.195681243173738],[-75.6005529826514,6.1957278624643966],[-75.60057172596193,6.195731792726185],[-75.60082494288959,6.195784893233247],[-75.60078398878547,6.195958417252282],[-75.60076628532325,6.196033429909031],[-75.60075937969567,6.196062689697595],[-75.60075220313277,6.196067623166246],[-75.60055682701916,6.19620194128011],[-75.60053572678191,6.196216447560295],[-75.60051006004329,6.196234092577567],[-75.60048135495433,6.196278411754959],[-75.60044245119789,6.196338477454268],[-75.60043251004669,6.1963448294113785],[-75.60039666913127,6.196367730889029],[-75.60037454445778,6.196381867003515],[-75.60027076405537,6.196414919996298],[-75.6001804753721,6.196438741311603],[-75.60018563960358,6.196472059038589],[-75.60026072921798,6.196532537387917],[-75.6003905116281,6.196590478171372],[-75.60039899308661,6.196645197065221],[-75.6004608040649,6.196636689356351],[-75.60042641800321,6.196671299565694],[-75.60056680701187,6.196695888589097],[-75.60063307181728,6.196792164360736],[-75.60074936330676,6.196774485090325],[-75.60081255488788,6.196744274664833],[-75.6009349708501,6.196606132205873],[-75.60099200656897,6.19654378242352],[-75.60099199985603,6.196543887328686],[-75.60102290150404,6.196512028110538],[-75.60109036559868,6.196442474142486],[-75.60114297437427,6.196411382633815],[-75.60135157095097,6.196288102343178],[-75.60137792176401,6.196282864116242],[-75.60137896059263,6.196274190788398],[-75.6013761270689,6.196227801459718],[-75.6013795510855,6.196221586347052],[-75.60137971009036,6.196220851461319],[-75.60144486726936,6.1962383870774005],[-75.60147145383607,6.196241071868942],[-75.60147381130288,6.196241006958478],[-75.60151453137935,6.196239892186016],[-75.6015377114208,6.196238535320604],[-75.60156121147052,6.196242568760242],[-75.60158939574418,6.196263248459943],[-75.60158939522746,6.196271254006884],[-75.60160105628299,6.196276314715355],[-75.60161610041025,6.196282843302331],[-75.60167338556626,6.196324875339566],[-75.60168055052148,6.196328819889328],[-75.60168129839354,6.196327321790026],[-75.60173689554038,6.196359844952499],[-75.60174642627504,6.196365420584383],[-75.60177969183819,6.19633980319628],[-75.60190437612238,6.196420519512603],[-75.6019909120589,6.196520559514024],[-75.60207020107613,6.196605087770614],[-75.60212595826397,6.19663873745969],[-75.60207961367544,6.196730679286492],[-75.60204737080423,6.196794645045618],[-75.60200453178032,6.196770956264029],[-75.60196492536046,6.196742179773661],[-75.60192915170917,6.19670875110275],[-75.6018977517243,6.196671178396405],[-75.60187120245821,6.196630029781936],[-75.60186059955724,6.196599046905668],[-75.60183461770217,6.196573951790325],[-75.60181068184205,6.196566892777528],[-75.60179482199631,6.196544887807878],[-75.60179691568898,6.196539479326275],[-75.6017841622999,6.196520378350078],[-75.6017768098449,6.196483338515223],[-75.60174198981981,6.196450020859243],[-75.6017072099277,6.196425075598337],[-75.60167482028731,6.196400118601367],[-75.60164009900718,6.196387132089903],[-75.6016041776498,6.1963729562845655],[-75.60157293625399,6.196338425863779],[-75.60154300134162,6.196326612840177],[-75.60150712597041,6.196322004578601],[-75.60147722622119,6.196317366985977],[-75.60141996349122,6.196337980576924],[-75.60139613313329,6.196352449655153],[-75.60139394214357,6.196393124601948],[-75.60144424016603,6.19641440637525],[-75.60146942974818,6.196433418302008],[-75.6014851002704,6.196460850449317],[-75.60148883802466,6.196491927611489],[-75.60149149111733,6.196545735719193],[-75.60147380635082,6.196594859308007],[-75.60159351677179,6.196636132002852],[-75.60157892331212,6.196675665407899],[-75.60157228676495,6.1966936446869525],[-75.601489711317,6.196670129196683],[-75.60148149162734,6.19666847892933],[-75.60142127701613,6.19667367996345],[-75.60141000522557,6.196700310443364],[-75.60140978999601,6.19670081687523],[-75.60140973428146,6.196701061247742],[-75.60140289761654,6.19673092732599],[-75.6013983410192,6.196750832916072],[-75.60145206265024,6.196781476698865],[-75.60146262538622,6.1967629754850035],[-75.60152587262654,6.196735843078556],[-75.60157105289815,6.196772011055154],[-75.60166140834816,6.196744877566941],[-75.60166675324747,6.196696704154788],[-75.60167043882123,6.196663493117177],[-75.60171561706966,6.196663491040789],[-75.60174690182025,6.196668706745805],[-75.60176983173531,6.196672529605644],[-75.60184211942966,6.196726781504268],[-75.60186922882913,6.196771992973395],[-75.60186923182252,6.196817205514507],[-75.60186923590146,6.19688954739179],[-75.60186923747536,6.196914749247712],[-75.60186923953408,6.1969455789388475],[-75.60186924190265,6.196979973377622],[-75.60187865258166,6.197014499730037],[-75.60188814052194,6.197049306868304],[-75.60187612238775,6.1970685267350945],[-75.60186349385174,6.197088724186416],[-75.60190003731704,6.197106879326262],[-75.60192161149253,6.1971201409920385],[-75.60196555539848,6.1971471531320494],[-75.60198615634373,6.197163300843736],[-75.60200488554837,6.197177981397085],[-75.60201081116315,6.197182860501335],[-75.6020492848861,6.197088553381486],[-75.60215193967134,6.197120389764503],[-75.60210936437443,6.197201734576488],[-75.60215881591117,6.197180793088183],[-75.60218151646744,6.197171179852387],[-75.60224217856491,6.197176360662534],[-75.6022780755565,6.197180947043707],[-75.60228489427658,6.197215057574081],[-75.60237448337398,6.197278337416699],[-75.60237380632111,6.197308651493977],[-75.60240553141193,6.197317443287865],[-75.60244604415544,6.197345887993125],[-75.60249735144619,6.197406433832243],[-75.60256649861057,6.197468118873606],[-75.6026047173614,6.197499805969299],[-75.60263801806906,6.1975274163531955],[-75.60268447268882,6.197554653843826],[-75.6027026534223,6.197561381238926],[-75.60270291677907,6.197561478489101],[-75.60274573856941,6.197640032534386],[-75.60276381589817,6.197748544210819],[-75.60274575139303,6.197866099609759],[-75.60269153964556,6.197893231208699],[-75.60264669292799,6.19786929834578],[-75.60255600073549,6.197817821229423],[-75.60255599859191,6.197785881358311],[-75.60255599731117,6.197766828997818],[-75.60255599526454,6.197739514347237],[-75.60247467405692,6.197730477040424],[-75.60239335487053,6.19774856723164],[-75.60232107018417,6.197757614838471],[-75.60223974686839,6.197712405664],[-75.60223070624507,6.197631023183375],[-75.60223070207896,6.197558682232584],[-75.60214034442795,6.197540601520286],[-75.60211323805505,6.1975496460365775],[-75.60199577596386,6.197558695727478],[-75.60196204067431,6.197540283626078],[-75.60194594486434,6.197530597791644],[-75.6018915389803,6.19758724183033],[-75.60182184571607,6.197659801140529],[-75.60174494870755,6.1977398616299615],[-75.60173983374531,6.197745187306998],[-75.60170379980126,6.197782702325616],[-75.60165279755287,6.19783580287138],[-75.6016025125181,6.197888155845253],[-75.60154817037599,6.197944733568206],[-75.60153403073701,6.19795945435185],[-75.60152326602464,6.1979706616219055],[-75.60140950291641,6.198117720234827],[-75.60137864003839,6.198183848109326],[-75.60137499080739,6.198191666345619],[-75.60132295542182,6.1983067704135335],[-75.60132289321113,6.198306979559259],[-75.601284538527,6.198435186066247],[-75.60124577248035,6.198539552444801],[-75.60125031286758,6.198609042341908],[-75.60128962645169,6.1986958073724425],[-75.60131152938646,6.19876524728187],[-75.6013464778485,6.198843337474854],[-75.60140754460116,6.198947416214169],[-75.6014251183012,6.199021213286466],[-75.60146758457121,6.199066485850814],[-75.60147486312691,6.199074245008161],[-75.60148607292552,6.199086196022676],[-75.60150995391098,6.199098803554475],[-75.60145907438731,6.199121493316852],[-75.60144179364535,6.199129199482315],[-75.60142612911073,6.19913618440001],[-75.60132644055011,6.19918063972999],[-75.60128437648372,6.199253161967852],[-75.60126548227716,6.199285737995502],[-75.60124914826272,6.199313899532983],[-75.6012423133075,6.199325683298515],[-75.60121515154768,6.199301892236587],[-75.60100816151208,6.199188253314182],[-75.60091041296782,6.199134588380199],[-75.60074559202113,6.199055156656928],[-75.6007277398928,6.199046553453331],[-75.60068801448709,6.199064502600171],[-75.6005943991509,6.1991148496664215],[-75.60043209771631,6.199201321516499],[-75.60032943809952,6.199232197664137],[-75.60030164346851,6.199233367435879],[-75.60021527350048,6.1992502472448106],[-75.60018167134874,6.19926714019341],[-75.60013372352735,6.199279952954168],[-75.60012890763228,6.199281239577289],[-75.600063999896,6.1993038226941035],[-75.60005605383203,6.199306587466217],[-75.60002766317687,6.199316465455254],[-75.59999844643762,6.199326630471648],[-75.60000641470022,6.1993429604863595],[-75.59990388716169,6.19933185535892],[-75.59983090473641,6.199323951195187],[-75.59980860489948,6.199321535552994],[-75.59976586892536,6.199296431256716],[-75.5997519286123,6.199288241871738],[-75.59976169206762,6.1992528013621016],[-75.59981080044604,6.199074537818347],[-75.5998697683528,6.198983147871458],[-75.5998720447282,6.198979619862465],[-75.59999429653988,6.198790149458404],[-75.59995719268257,6.198775831126078],[-75.59987134923507,6.19874270496979],[-75.59983153104515,6.198727340372658],[-75.59976771613448,6.198714276848546],[-75.59975981997653,6.198712660236731],[-75.59971248372392,6.198702969403988],[-75.59969525270404,6.19869944218136],[-75.59967760052204,6.198699564050133],[-75.59961501256242,6.198699997701625],[-75.59955257906796,6.198700429683817],[-75.59955340492589,6.198988512656487],[-75.59955375423124,6.199110341860084],[-75.5996258603764,6.199255805806883],[-75.59962595407139,6.199288575238264],[-75.59962600841209,6.199307411307896],[-75.59962684078367,6.199597709202313],[-75.5996269670988,6.199641928542657],[-75.59962774135202,6.19991205235677],[-75.5996174691406,6.199912246512988],[-75.59959210702885,6.199913557113814],[-75.59954992204115,6.199915737712884],[-75.59950772443752,6.199915896865905],[-75.59946258261697,6.199914925003719],[-75.59945516092162,6.199914826715198],[-75.59939422802154,6.199914017316185],[-75.59934683812068,6.199911840498147],[-75.59930053184002,6.199911973687176],[-75.5992740245343,6.199910762106696],[-75.59924765089542,6.199912125570307],[-75.59922889350858,6.199912179633729],[-75.59918094821,6.199911146464547],[-75.5991330080568,6.199912454812545],[-75.59910165781612,6.19991254534253],[-75.59907704894796,6.1999162208925975],[-75.59901310257398,6.1999329715640865],[-75.59899759146889,6.199924637079799],[-75.59899441587974,6.199922930402002],[-75.59897292567237,6.199912818914488],[-75.59894750288468,6.19989916377021],[-75.59889094531529,6.199877578058417],[-75.5988689116513,6.199870862214675],[-75.59882724604074,6.199854960568741],[-75.59879681656486,6.199844401109862],[-75.59876505342692,6.19983655046358],[-75.59874555333901,6.1998327061755845],[-75.59873251765288,6.199828832887552],[-75.59872389074613,6.199825761581741],[-75.59872383189982,6.1998257356523165],[-75.59868782876273,6.199805801173692],[-75.59867107840195,6.199795840904405],[-75.5986414096891,6.199774607838411],[-75.59862486693414,6.199761108008707],[-75.59868006653186,6.199899960427199],[-75.59869174651315,6.199929338825958],[-75.59870473811488,6.199962020598843],[-75.59871571406472,6.199996684944852],[-75.59870851677687,6.199991314803043],[-75.59868160989443,6.199970128768961],[-75.59864222171872,6.199939110694111],[-75.59857730590183,6.1998852010535055],[-75.59855741051194,6.199867784952508],[-75.59851380924259,6.199829620040576],[-75.59845177980962,6.199772406295109],[-75.59839125482686,6.199713597606089],[-75.59833228056941,6.19965323533436],[-75.59831771620449,6.199635859971877],[-75.59831043039131,6.1996271686918405],[-75.5982699840354,6.199578917803997],[-75.59825330413257,6.199500511627918],[-75.59822888020969,6.199429052352337],[-75.59822160225397,6.199407759159937],[-75.59820917627972,6.1993714004308575],[-75.59818909932702,6.199312654599868],[-75.59818610234807,6.199303883517657],[-75.59809915178235,6.199285808977887],[-75.5979839747046,6.1992620750164456],[-75.59795019406558,6.199256931044587],[-75.59789213705001,6.1992480927302624],[-75.59782080138187,6.199237232014292],[-75.597731033328,6.1991931664592235],[-75.59760512241988,6.19916944253791],[-75.59756017100956,6.199158648603843],[-75.59749220078355,6.199142327910088],[-75.5974770433486,6.199139430532757],[-75.59743706326971,6.1991317873190805],[-75.59741064106049,6.199126735610311],[-75.5974035646396,6.199125383453878],[-75.59736573024628,6.1991140844907395],[-75.5973178863285,6.199100172097812],[-75.59730929023894,6.199097672887945],[-75.59729967730821,6.199094877606285],[-75.59726789744893,6.199084341825812],[-75.59720849366867,6.199064647582511],[-75.59720425448204,6.199063241735279],[-75.59720010714187,6.199062697923906],[-75.59715505677775,6.199056787334573],[-75.5971353758909,6.199054205943323],[-75.59709596786104,6.199043099101221],[-75.59708538198167,6.199040116016348],[-75.59697502810218,6.199009013456825],[-75.59695240673908,6.199004033497962],[-75.59690134815806,6.198992794792235],[-75.59688177264748,6.198988486996753],[-75.59686210488884,6.198984157954797],[-75.59684343469313,6.198975631832473],[-75.59682005824224,6.198964956286508],[-75.59680884489363,6.198959834519336],[-75.59679297237909,6.19895258660391],[-75.59678186768082,6.198947514931559],[-75.5967779835273,6.198945741190062],[-75.59674590919303,6.198906410253061],[-75.59674296459221,6.198902799348598],[-75.59672314480967,6.198878294828191],[-75.59670458017175,6.1988553400660145],[-75.59669133203944,6.1988446004073205],[-75.59665566810101,6.198815687518148],[-75.59664424741926,6.198807886182419],[-75.59664051986584,6.1988034075866985],[-75.59661537136222,6.198783020108163],[-75.59659349033726,6.198735672498395],[-75.59656746596386,6.198679364119858],[-75.5965778391421,6.198660848478404],[-75.5965793741148,6.198658107940529],[-75.5965767355772,6.198651690192659],[-75.59657137255657,6.1986386444687005],[-75.59655119925931,6.198613521471946],[-75.59652769253742,6.198587848858452],[-75.59651741231832,6.198576620912282],[-75.59650589286078,6.198553061140113],[-75.59650512382856,6.198550792066521],[-75.59649808707569,6.19853003555835],[-75.59649721315323,6.198526084516928],[-75.59649341534876,6.198508908543135],[-75.59648976632165,6.198500907287638],[-75.59648496852435,6.198490386582541],[-75.59646704381741,6.198470081219351],[-75.59643740354409,6.19845334107047],[-75.5964130483835,6.198438893971748],[-75.5963807434961,6.198419821706752],[-75.59635646167501,6.198404300204686],[-75.59634264461664,6.198393043474596],[-75.59633495970508,6.1983867824453],[-75.59630290006001,6.198372228438206],[-75.596263016093,6.1983557852794124],[-75.59623417106742,6.198335961036373],[-75.5962033015499,6.198317422358801],[-75.59617606505302,6.198297335280737],[-75.59615175519299,6.1982818048610415],[-75.59611201651599,6.198260896655238],[-75.5960791323334,6.1982428813516],[-75.59604131704006,6.198218853699035],[-75.59600892210045,6.198197619295372],[-75.59595114123184,6.1981560193121386],[-75.5959111938579,6.198124208064305],[-75.59588130944938,6.198098181507636],[-75.59585795068519,6.198073381452288],[-75.59584694465426,6.1980616968645466],[-75.59580201826287,6.198018323374215],[-75.59576019973619,6.197975925518851],[-75.59570798051546,6.197925550421286],[-75.59570791970351,6.1979254919543125],[-75.59570063849317,6.197918467701524],[-75.59566854010384,6.197879360063521],[-75.59565851146155,6.197857871415833],[-75.59563603466053,6.197836447356972],[-75.59561233071763,6.197811993424253],[-75.59560437691917,6.197805794267231],[-75.59558261664446,6.197788833727769],[-75.59556177535258,6.197769153749324],[-75.59553907351678,6.197745676727518],[-75.5955199508819,6.197723500314551],[-75.59551576621811,6.197718647847438],[-75.595503980734,6.197693137432303],[-75.59550027106374,6.197685107527927],[-75.59548741352027,6.197639879971295],[-75.59547068046143,6.197581895009445],[-75.59545429203693,6.197542290006372],[-75.59544401549977,6.1975247859158875],[-75.59540784675984,6.197463179482558],[-75.595406387692,6.197460198660909],[-75.59534556780181,6.197362946838557],[-75.59529943818976,6.197277441127947],[-75.59524758014746,6.197185434229283],[-75.59523082446633,6.197160133471272],[-75.59520763172081,6.197125113784361],[-75.5952027488099,6.197121934557226],[-75.59519902500112,6.197119509981242],[-75.59520172507274,6.197118749089602],[-75.59519465477526,6.197104232624141],[-75.59519321114671,6.197101267998727],[-75.59518992346703,6.197105084828906],[-75.59518674682046,6.197106852481444],[-75.59517759256097,6.1971119456621295],[-75.5951517730676,6.197126312177958],[-75.59515074331406,6.197126884979448],[-75.59509641056641,6.1971571165945605],[-75.59509043285505,6.197162824360449],[-75.59504736151332,6.197203953700294],[-75.59504064018198,6.197210371189889],[-75.59502706276243,6.197226315943156],[-75.59499776747958,6.1972607202183925],[-75.59496696976932,6.197310992040426],[-75.5949563764499,6.197328284623445],[-75.59492922223112,6.1973599336430585],[-75.59487919295313,6.197397709480202],[-75.59478673439065,6.19746752103066],[-75.59476000468864,6.197496018171706],[-75.59475717806862,6.197497318510611],[-75.5947512062744,6.197500727183243],[-75.59474638941539,6.197504037985385],[-75.5947406536988,6.1975067683497],[-75.5947325151768,6.197508793546829],[-75.59472370164542,6.197509671160947],[-75.59472060233068,6.197510257711309],[-75.59471018523415,6.19751222806692],[-75.59469884117361,6.197514362078164],[-75.59469219023447,6.197516516506761],[-75.59469219974442,6.197516244333529],[-75.59469220120198,6.1975161729044315],[-75.59468474910331,6.197519463157871],[-75.59467213816103,6.197523188215502],[-75.5946660698089,6.197524770224003],[-75.59465712386476,6.197527943932792],[-75.59464910149634,6.19753100011022],[-75.59464210370837,6.19753464253646],[-75.59463624166513,6.197539435714397],[-75.59463613632215,6.197539507652134],[-75.59463204588087,6.197542286012995],[-75.59462934924002,6.197544119119533],[-75.59462581359254,6.197546553023609],[-75.59462222932314,6.19754901971244],[-75.59461522057462,6.197555409677262],[-75.59460798384045,6.197560437412585],[-75.59460725380082,6.197560783631433],[-75.59460576216611,6.197561488880656],[-75.59460030576624,6.197564070512169],[-75.59459873264427,6.1975647381891745],[-75.59459255374,6.197567359521023],[-75.59459066779148,6.197568158916446],[-75.59458412756321,6.197571339831781],[-75.59457450137144,6.197575436314884],[-75.59456727441547,6.197578953292003],[-75.59456016499695,6.197581566522266],[-75.59455561808858,6.197583367099898],[-75.59455328918655,6.19758428981002],[-75.59454917707401,6.197585591921479],[-75.59454749759686,6.19758612450778],[-75.59454652435673,6.197586431233858],[-75.5945447995989,6.197586756104491],[-75.59453702239774,6.19758822171589],[-75.59453581653224,6.1975884346529355],[-75.5945152075649,6.197579683748653],[-75.59450588165699,6.197575723448251],[-75.59447686381317,6.197563403736774],[-75.5944764438671,6.1975632439632],[-75.59447524492974,6.197563210957645],[-75.59446485835335,6.197562924587371],[-75.5944477678486,6.197562454059158],[-75.59443673357978,6.197551453948078],[-75.59443192407473,6.197546659675321],[-75.59442679139465,6.197541543325602],[-75.59437894870996,6.197493850690294],[-75.59432643657667,6.19744691320696],[-75.59426332183475,6.1974177746214645],[-75.59423758874487,6.197422290781565],[-75.59419733676323,6.197433670332989],[-75.5941772698591,6.197439343093199],[-75.59414087927041,6.197442113211957],[-75.59404853446847,6.197436158048001],[-75.59399789126016,6.197422087182841],[-75.59396232528779,6.197402642821486],[-75.59385568271806,6.197318106613009],[-75.59385288225654,6.197315887251976],[-75.59384648073592,6.197310111703626],[-75.59374785555661,6.197221122519271],[-75.59373930526469,6.197188981971336],[-75.59372253965805,6.197105436990449],[-75.59371559115422,6.197066291957127],[-75.593704631432,6.197004541146576],[-75.59370109773005,6.196998684657908],[-75.59367381264876,6.196953467018328],[-75.59366158838249,6.196944072917192],[-75.59363460358865,6.196923334375958],[-75.59362880746876,6.196918880330845],[-75.59361637631369,6.196913919925598],[-75.59360084132325,6.196903998673881],[-75.59359221073656,6.196896650990002],[-75.59354238659233,6.196856253869156],[-75.59351823927537,6.196836619775441],[-75.59350971549817,6.196829314962267],[-75.59347065604595,6.196803914406893],[-75.59344603296951,6.196766963247388],[-75.59342853008745,6.1967406977815145],[-75.59341760092589,6.196717920621539],[-75.59340923271014,6.196700482157484],[-75.59339729415409,6.196675603437661],[-75.5933886352126,6.196651170653009],[-75.59338741000913,6.196650383773011],[-75.5933867713208,6.196649828178957],[-75.59337188558385,6.196636890452434],[-75.59337167540647,6.196636028992053],[-75.59336577433862,6.196625069722295],[-75.59335658580724,6.196610208270918],[-75.5933421974301,6.1965944148444265],[-75.59334166238429,6.196593809018968],[-75.59332389506912,6.196574989907359],[-75.59331225878725,6.196566309847525],[-75.59328657921849,6.196551822000991],[-75.59327615244193,6.196577885101002],[-75.59318407474773,6.1965415207064645],[-75.59318338228898,6.196541238406174],[-75.59309030019986,6.196503239813322],[-75.59306584394378,6.1964941442083],[-75.59297239109281,6.196459949947637],[-75.59297082365018,6.196459376294409],[-75.59297184010961,6.196456820921823],[-75.59297660471304,6.1964448439127535],[-75.59296979321036,6.1964451981820465],[-75.59296228447995,6.1964455884088645],[-75.59296191780349,6.196445607380092],[-75.59295527428863,6.196445953594795],[-75.59295174029457,6.196446138137251],[-75.5929128252294,6.196444371182226],[-75.59290150346388,6.196443856999008],[-75.59284936285965,6.196448899148848],[-75.59276571897865,6.196449138345226],[-75.59243367862196,6.196427600013398],[-75.59225961254998,6.196428766865096],[-75.59225785025667,6.196415669982596],[-75.59225990803434,6.196282260633859],[-75.5922608165282,6.196223367322175],[-75.59226140350405,6.19603794276259],[-75.59226207407475,6.195826339337172],[-75.59223744658448,6.195570496554829],[-75.59223483547026,6.195551732545474],[-75.59222280788866,6.195465302821378],[-75.5921862443005,6.195214277444609],[-75.5921179927297,6.194745696146672],[-75.59209763951186,6.194651438018243],[-75.5920865086197,6.194599892228155],[-75.59203081952245,6.194346529218284],[-75.59202814690295,6.194329964218365],[-75.5919675672156,6.193954467961134],[-75.5919412065523,6.193813531816969],[-75.59190770731709,6.19363442515086],[-75.59189839915076,6.1935846586948555],[-75.59189605518358,6.193572126981702],[-75.59186018701793,6.193380357615599],[-75.59183920495295,6.193294739158277],[-75.5918238818024,6.1932597032966665],[-75.59180599885316,6.193218813385542],[-75.59180360257702,6.193213332826213],[-75.59180269997779,6.193211268708212],[-75.59180253187846,6.193210883488684],[-75.59179852683353,6.193201726676104],[-75.59174727285283,6.193182921020976],[-75.59169084867587,6.193162217653511],[-75.59164188793737,6.193144253323001],[-75.59160220875368,6.193129694493216],[-75.59156537666277,6.193116180421366],[-75.59131589265473,6.193082833930869],[-75.5912959859048,6.193080212638626],[-75.59129052750009,6.193140710364533],[-75.59128954664496,6.193146306878736],[-75.59128517491591,6.193171236489036],[-75.59123763149411,6.193204181048373],[-75.59123796738436,6.193211184202526],[-75.59123805187475,6.193212948549702],[-75.59124208196728,6.193217982652996],[-75.59123882884002,6.193223887711894],[-75.59122644671586,6.193246363017021],[-75.59120917012643,6.193277723105263],[-75.59121700322562,6.193281981008946],[-75.59120371700926,6.193290420402268],[-75.5911928614489,6.193297315506666],[-75.59118768132588,6.193300605443227],[-75.59113947161181,6.193331227063995],[-75.59109493625512,6.193359516289786],[-75.59108826388513,6.19336375647045],[-75.59108451928049,6.19336613441041],[-75.59105633208036,6.193384034554948],[-75.59102930453831,6.193389288213782],[-75.59097088579092,6.1934006413675355],[-75.59096621799408,6.19340154836221],[-75.59096147257992,6.193402470201294],[-75.59095671272982,6.193403395727201],[-75.59094707388917,6.193405268154803],[-75.5908970692633,6.193414986301892],[-75.59088634510232,6.193422893328155],[-75.59088194885992,6.193426134229257],[-75.59084238629342,6.193455303224881],[-75.59083121926702,6.193463536978457],[-75.59082011657787,6.193467551988886],[-75.59081294563761,6.193470144660723],[-75.59078176215414,6.1934814207892455],[-75.59077276508111,6.193489852782725],[-75.59076972379489,6.193492703734484],[-75.590760225837,6.193501605583447],[-75.59074339083843,6.193517384437739],[-75.59071480983759,6.1935486379233575],[-75.5906995442883,6.193565219163926],[-75.59069252079011,6.193572852254896],[-75.59068754971099,6.193578255806682],[-75.59068685329015,6.193579012306225],[-75.59066997114577,6.193597349931866],[-75.59065153351244,6.193617377646384],[-75.59063139840616,6.193639248932657],[-75.59063075679833,6.193639945495235],[-75.59061971021346,6.1936519450490435],[-75.59061912522104,6.193652580761789],[-75.59061532321316,6.193656711084289],[-75.59060997681348,6.1936751776888945],[-75.59060016997725,6.193673354157191],[-75.59060002078378,6.193673325955558],[-75.5905932082575,6.1936825410568215],[-75.59057650855384,6.193705131479366],[-75.59056844499314,6.19371604060667],[-75.59056548880831,6.193720041130118],[-75.59054968249588,6.193742623571882],[-75.59055342160784,6.193743007619832],[-75.59057273448485,6.193744992649194],[-75.59056687349431,6.193767601542965],[-75.59051338718056,6.193764530409928],[-75.59046478900767,6.193781093672512],[-75.5902091261216,6.1939032838865575],[-75.59020849738891,6.193906990967758],[-75.5902067728038,6.193917167563911],[-75.59020560668525,6.193924047873776],[-75.59020537047921,6.193925442212712],[-75.59020663049303,6.193925959519237],[-75.59025845029667,6.193947218933657],[-75.59024742660877,6.193952803032407],[-75.59021554775416,6.193968951003985],[-75.59003082408,6.194062519587947],[-75.59002851259476,6.194060531056578],[-75.59002218037388,6.194054871715642],[-75.58987080019858,6.194138289133793],[-75.58986707387177,6.194140342416006],[-75.58984749894826,6.194151129663178],[-75.58984304310606,6.194186424966763],[-75.58984126535029,6.194200519198183],[-75.58978189445189,6.194228392631036],[-75.58971149909081,6.1942533599508725],[-75.58969690147242,6.1942585365816685],[-75.58969589950024,6.19425887960097],[-75.58969489563759,6.194259205451994],[-75.58969388360072,6.194259522302168],[-75.58969286419158,6.194259809353727],[-75.58969183387609,6.194260082897372],[-75.5896908035033,6.1942603446882725],[-75.58968977484903,6.194260588389203],[-75.58968873613007,6.194260805921003],[-75.58968768828944,6.194261005415754],[-75.58968664853046,6.194261194926191],[-75.58968560141244,6.194261357350186],[-75.58968454431788,6.1942615116861965],[-75.58968349792686,6.194261637943474],[-75.58968243970851,6.194261747081012],[-75.58968138324397,6.194261845361051],[-75.58968032575262,6.194261918331895],[-75.58967926907647,6.194261973217162],[-75.58967820236647,6.194262008261707],[-75.58967714551396,6.19426202698467],[-75.58967608947223,6.1942620267180315],[-75.58967502250654,6.194262009327226],[-75.58967396628844,6.194261972898274],[-75.58967290907886,6.194261918392589],[-75.58967184365532,6.194261846749517],[-75.58967078622528,6.19426174704096],[-75.58966973778467,6.1942616382476965],[-75.58966868113012,6.19426151231705],[-75.58966763432426,6.19426136825673],[-75.58966658557061,6.194261195275386],[-75.58966553768506,6.194261015057164],[-75.58966449965259,6.194260817613329],[-75.5896643133466,6.194260774223385],[-75.58966346057568,6.194260591244062],[-75.58966291342335,6.194260465537188],[-75.58966242235803,6.194260355829789],[-75.58966139213386,6.194260092350039],[-75.58966037090792,6.1942598215937075],[-75.58965934959382,6.194259532756231],[-75.58965832995855,6.194259217692243],[-75.58965732652626,6.194258890796114],[-75.58965632391798,6.194258547622526],[-75.58965532212046,6.194258185459316],[-75.58965433740723,6.194257806939241],[-75.58965335169364,6.194257408534326],[-75.5896523767365,6.194256992899345],[-75.58965140078784,6.194256559187649],[-75.58965044375661,6.1942561145346025],[-75.5896492429882,6.194255520090783],[-75.58962046954252,6.194270303084341],[-75.5896040584791,6.194278736925864],[-75.58960400738094,6.1942790029746515],[-75.58960085233393,6.194295578398869],[-75.58959632856238,6.194293233614096],[-75.58954385847859,6.194317771629385],[-75.58873429425016,6.194696372720304],[-75.58872306023362,6.194701626933966],[-75.58861274471958,6.194779970652002],[-75.58850691158672,6.194939829620098],[-75.58848131060145,6.194978498247129],[-75.58831270128239,6.1953544784266645],[-75.58827555889023,6.195446728553385],[-75.58809674996203,6.195890838518416],[-75.5879614401977,6.196211713459256],[-75.58791249622216,6.196336987606292],[-75.58779773234563,6.196630731181161],[-75.5877311708048,6.196755289439891],[-75.5876739643219,6.196808070490269],[-75.58761907941879,6.196836927280096],[-75.58760044762661,6.1968492305614635],[-75.58758581215693,6.196858895211023],[-75.58748377748643,6.196923930228727],[-75.58747128296775,6.196929507925986],[-75.58740368459654,6.196931632537675],[-75.58733412347286,6.196925290967767],[-75.58730772410352,6.196922884800472],[-75.58634579204062,6.1966448365297255],[-75.58631634293253,6.196636324557001],[-75.58594291290227,6.196528382985758],[-75.58584748523009,6.196501612189893],[-75.58520864095247,6.196322391410564],[-75.58498143094259,6.196260852055592],[-75.58461784935275,6.196147083307153],[-75.5842319138761,6.1960340832045695],[-75.58406772497266,6.195986009819321],[-75.58397001959652,6.195981439518997],[-75.58377851411002,6.195972480533078],[-75.58375713281025,6.195966694650382],[-75.5835888558297,6.195921158887765],[-75.58347237809518,6.195889639757031],[-75.58331809662435,6.195856432470044],[-75.58325944998565,6.195860281264328],[-75.58319848241794,6.195847946515903],[-75.5831747734656,6.195846688748794],[-75.58309986632182,6.1958836510710285],[-75.58293850458948,6.19596083151562],[-75.58280666674884,6.196033872025352],[-75.58257629097092,6.196161502939517],[-75.5815595304898,6.19672480034843],[-75.58081003166843,6.197171527123696],[-75.58086314625328,6.197014575165823],[-75.58087365339497,6.196983527444626],[-75.58098687750098,6.196687296897986],[-75.58133714365206,6.1957574206771655],[-75.58175844380185,6.194573974681587],[-75.58196265407894,6.194003581608274],[-75.58201902202558,6.193869056033257],[-75.58213759104403,6.193586086144853],[-75.58214371265379,6.193571477074035],[-75.58216058167355,6.193531217429309],[-75.58213275414153,6.1935256481589915],[-75.5821154159654,6.193522178628141],[-75.58224848227337,6.193154847696394],[-75.58227179266805,6.193090499012295],[-75.58236268140935,6.192831716221849],[-75.58237171609706,6.192804596719395],[-75.58252526169446,6.192126568082657],[-75.58261993377289,6.191659863791686],[-75.5826534029182,6.191494870061131],[-75.58273796449524,6.191085782596159],[-75.58274227430209,6.19106493242484],[-75.58278211023784,6.190872214725029],[-75.58285738331762,6.1906047375944295],[-75.58292267401391,6.190372731082392],[-75.5829646680285,6.1901617892356695],[-75.58300681371446,6.1899500845170685],[-75.58304460664866,6.189760244563826],[-75.5830638000339,6.189682271549715],[-75.58316202476027,6.18933986532579],[-75.58321450798202,6.189218374031013],[-75.58326010420863,6.189124263890662],[-75.58325450903598,6.1891146563092425],[-75.58328036007012,6.189054311267445],[-75.58336382608991,6.188875032929073],[-75.58362903364913,6.18841023276574],[-75.58375221539941,6.188264482515777],[-75.58388075304845,6.188112395689044],[-75.58433150961476,6.187644571234245],[-75.5851777945552,6.187017761605941],[-75.58521559239138,6.186989766150227],[-75.58530988083585,6.1869199303959475],[-75.58533732458268,6.186899604063683],[-75.58542497461274,6.186834685387724],[-75.58557559334217,6.186723128525215],[-75.586371594403,6.186170693221829],[-75.58667204388492,6.185933052699714],[-75.5867111173895,6.185902147980533],[-75.58675832505317,6.1858648099675975],[-75.58676216850901,6.1858617698024885],[-75.58750456847773,6.185274567240989],[-75.58775496423765,6.185020703494361],[-75.58812012141496,6.184650489425277],[-75.58841651748845,6.18433040718712],[-75.58855137610578,6.184184771595547],[-75.58862263296452,6.184092011931577],[-75.58871357564324,6.183973626000878],[-75.58907214669873,6.183506846640946],[-75.58916386932839,6.18338615783709],[-75.58944718902823,6.1830133645682785],[-75.58958391731794,6.182833457049827],[-75.58968891852098,6.182674436553193],[-75.5896984858446,6.182659946341035],[-75.58970559072347,6.182649186611631],[-75.58982663634522,6.182465867618882],[-75.58987841949762,6.182387443055505],[-75.59016772198119,6.181949303659691],[-75.59017546320496,6.181939368965395],[-75.59041968282158,6.181537240985829],[-75.59074273952378,6.181005300756982],[-75.59076594121332,6.180967096991849],[-75.59077645769382,6.18094977962318],[-75.5907893512758,6.180934955865734],[-75.59080473034498,6.18090963267855],[-75.59118780961062,6.180278858929478],[-75.59124599831489,6.180183045766458],[-75.59129751597469,6.180098217137779],[-75.59165619813709,6.1795076104106785],[-75.59183912474904,6.179212480803177],[-75.59205404380944,6.1788657332873775],[-75.59208151073435,6.178832312104454],[-75.59223504381303,6.178645491531686],[-75.59224010483092,6.178638357184038],[-75.59245944127701,6.17832917879531],[-75.5925876902995,6.178177383443814],[-75.59286810626274,6.177845486050002],[-75.59287597362321,6.177835502829248],[-75.59298768065241,6.177693764647021],[-75.59329912034751,6.17729859417585],[-75.59335701412809,6.17724250673436],[-75.59365860447961,6.176950329706007],[-75.59389172448678,6.176747980294433],[-75.59427889132127,6.176411916790041],[-75.59469703983957,6.176095051061685],[-75.59492197854222,6.175909786873581],[-75.59509263306097,6.1757692319177675],[-75.59521862961887,6.1756847351069455],[-75.59555557643964,6.175458771487625],[-75.59561050577415,6.175421934456111],[-75.59561471600982,6.175419111273969],[-75.595911496875,6.175220083422593],[-75.5959208375328,6.175213818697639],[-75.59592643233464,6.175221141519219],[-75.5967431687447,6.17466868576952],[-75.59750958186861,6.174121345443537],[-75.597665657047,6.174009883040389],[-75.59817289298485,6.173647636014838],[-75.59851545118339,6.173402994020741],[-75.59853736820861,6.17338734232927],[-75.59873563127634,6.173238879749807],[-75.59894693221912,6.173080654554714],[-75.59925677305536,6.172848642073324],[-75.5993997212705,6.172754243775536],[-75.59980545700778,6.172486304905179],[-75.59993635541663,6.17236410914369],[-75.6000935490604,6.17221736498545],[-75.60036270124122,6.171966106306907],[-75.6008474527552,6.171512771717687],[-75.60084939596975,6.171510954076869],[-75.60096986636084,6.171398291124461],[-75.60099633671004,6.171373535740495],[-75.60099849795671,6.171372156412675],[-75.60131567045423,6.171169690690572],[-75.60177840502321,6.170690348493266],[-75.60180692953357,6.170650617968546],[-75.60204768479944,6.170315280987378],[-75.60215851218784,6.170127945475711],[-75.60231225271565,6.169868072706104],[-75.60245541975824,6.169511403985081],[-75.60254025654974,6.169240585325989],[-75.6025839972435,6.169012976041614],[-75.6026343367768,6.168780574576564],[-75.60265654578862,6.168678043855552],[-75.60271048610494,6.168429017934403],[-75.60271493497883,6.1684084801145564],[-75.60317376896431,6.166290187402752],[-75.60329833983235,6.1657150826335965],[-75.60344957697345,6.165029191244318],[-75.6035747984027,6.164699632474853],[-75.60370932663415,6.164473767558047],[-75.60384842527081,6.164270436856466],[-75.60400420846942,6.164108312572088],[-75.60411347971743,6.163994592584966],[-75.6041846890197,6.16393953927802],[-75.60511237664194,6.163222339214268],[-75.6051398788345,6.163201077568465],[-75.60515171880128,6.163192815256792],[-75.60516712642828,6.163182064682134],[-75.60538009730148,6.163033465825613],[-75.60552076345111,6.162935315821006],[-75.60556935402875,6.162921792039428],[-75.60570085121427,6.162885193338832],[-75.6061037663173,6.162776775277994],[-75.6064481191175,6.162684113828521],[-75.6068674179857,6.162571286504345],[-75.60728650725518,6.162458515096266],[-75.60741173212499,6.162424818073242],[-75.60839419232782,6.162109051118512],[-75.60896373517167,6.16192599700012],[-75.60936543935105,6.1617968861862895],[-75.6099172095058,6.161478737928787],[-75.61011216223248,6.161366329178606],[-75.61039952995424,6.161196702451317],[-75.61065656908167,6.161044977311696],[-75.6117090020855,6.16042374528597],[-75.61244673512955,6.160002231471041],[-75.6124848139745,6.159981260445709],[-75.61248602203737,6.159980594559206],[-75.61360738105344,6.15936303954035]],[[-75.5993063309181,6.1934840286892445],[-75.59930876935836,6.193477375382577],[-75.59931021209883,6.193470437733089],[-75.59930876935834,6.193477375382575],[-75.5993063309181,6.1934840286892445]]]}}]}