{"type":"FeatureCollection","features":[{"type":"Feature","id":105,"properties":{"cd_comuna":105,"nombre":"LA ESTRELLA","municipio":"LA ESTRELLA","slug_municipio":"la_estrella","is_municipio":true},"geometry":{"type":"Polygon","coordinates":[[[-75.64106757087569,6.111896031973624],[-75.64117153526388,6.111890398561527],[-75.64119788753032,6.1118886923553015],[-75.64130081811615,6.1118820297747],[-75.64134480374507,6.111880568653241],[-75.64139838131746,6.111887393850914],[-75.6414339722957,6.111890092821407],[-75.64147163083935,6.111890614629265],[-75.64152357457868,6.11189616139122],[-75.64158755292708,6.111909713049935],[-75.64162497824458,6.111922892613524],[-75.64168086569757,6.1119493097178985],[-75.64172072388769,6.111960580624985],[-75.64176649050592,6.111969036210477],[-75.64180210903083,6.111997406256655],[-75.64182765935034,6.112025899036733],[-75.64186430381274,6.112050016831313],[-75.64190589954202,6.1120686046446915],[-75.64194893515847,6.112085023803196],[-75.64199303873383,6.112096736676001],[-75.64203621680299,6.11210040810421],[-75.64208488238607,6.112096107802474],[-75.64213623329951,6.112084659575108],[-75.64218056973024,6.112082907359548],[-75.64222653579452,6.112082498671075],[-75.64227873774702,6.1120837941684405],[-75.64233691297036,6.112089228827206],[-75.64241625388635,6.11209103360267],[-75.64246534536706,6.112094012341204],[-75.6424984069683,6.112096625133353],[-75.64253768774768,6.112095698738636],[-75.64256498039286,6.112102306846628],[-75.64259970102866,6.112116850271365],[-75.64263097378226,6.112125979159539],[-75.64265215496748,6.112130839974896],[-75.6426536568631,6.112131184259873],[-75.64268076697053,6.112137405423826],[-75.64271720016448,6.112150497560791],[-75.64275553478915,6.112166023066295],[-75.64279133403065,6.112178213367714],[-75.64281942639661,6.11218030273245],[-75.6428493343053,6.112185728124739],[-75.64287624072348,6.112199578597008],[-75.64287786425274,6.112200414082431],[-75.64288350541099,6.1122033181430435],[-75.64288791770524,6.11220206964944],[-75.64288918853909,6.112201709916469],[-75.6429739466313,6.112177730852206],[-75.64291624733887,6.112088775688155],[-75.64263188214858,6.111868200221832],[-75.64265517019955,6.111844491037387],[-75.64270420267678,6.1118349065601825],[-75.64277870564499,6.111824308113247],[-75.64284757099824,6.111821277112193],[-75.64292778983528,6.111829537803295],[-75.64299106012615,6.111849177881523],[-75.6430370106999,6.111860523579476],[-75.64314195136872,6.111680363063801],[-75.64210448654649,6.111306603804066],[-75.64222105937426,6.111173097224797],[-75.64243110660144,6.11102089730301],[-75.64255169832978,6.111029587866583],[-75.64274349538405,6.111062456698497],[-75.64319693122012,6.111122985900093],[-75.64359761472514,6.111195560231736],[-75.64375331277218,6.11121955860013],[-75.64385787005388,6.1112414842715514],[-75.64397128069308,6.111250041668075],[-75.64408904807591,6.111227473110588],[-75.64429424566988,6.111147437316472],[-75.64433866406044,6.111113309892669],[-75.64441820180032,6.111077829851428],[-75.64451463019563,6.111057629966426],[-75.64462336438423,6.111055781222489],[-75.6446713436635,6.11106000561392],[-75.64477502602814,6.1110691332700835],[-75.64483935034228,6.111068945021888],[-75.64489295785363,6.111070321077096],[-75.64496034393036,6.111070123167233],[-75.64502467397531,6.111071470835729],[-75.6451383583587,6.11106021728057],[-75.6452822281258,6.1110276171268865],[-75.64546744983461,6.110994898329235],[-75.6455464886982,6.1109876899942845],[-75.64562372877279,6.110986254673766],[-75.64566475171378,6.110981303756434],[-75.64570455563656,6.1109727363446185],[-75.64575760217181,6.110952049236656],[-75.64579136460539,6.110941083312813],[-75.64582392684407,6.110932536183583],[-75.64586090187558,6.110929830935586],[-75.64586161784773,6.110929778591812],[-75.6458927089105,6.1109275046135405],[-75.645947007623,6.11092251361817],[-75.6459832077305,6.1109199956985885],[-75.64601939812938,6.110913849003175],[-75.64606754294633,6.1109027010432655],[-75.6460315976924,6.110261702208291],[-75.6459299411901,6.109971149370395],[-75.6459293475598,6.109969447271277],[-75.64575963121383,6.109484355161055],[-75.64580409299839,6.109463886659966],[-75.64584757580892,6.109448030874818],[-75.64597878142023,6.109412846046318],[-75.6460680658354,6.109371279836444],[-75.64612834014184,6.109353478136852],[-75.64618210585778,6.10933379371795],[-75.6462262076871,6.109313418274288],[-75.64626651137638,6.109290973194037],[-75.64629979312487,6.109276683686283],[-75.646334953976,6.109256426390804],[-75.64637688594728,6.109235420658471],[-75.64641741724715,6.109229336688477],[-75.64645726155406,6.10923600126738],[-75.64648987920897,6.109241510804863],[-75.64653519860853,6.109236409447354],[-75.64660905029959,6.1092292329417015],[-75.64666609026511,6.109217317059093],[-75.64672087491631,6.109206309085899],[-75.64676428359036,6.10919614997217],[-75.64681843033871,6.109182703318232],[-75.64687230039968,6.109167540345367],[-75.64691411276068,6.109167962742065],[-75.64695990440573,6.109169456715318],[-75.64699398204101,6.10918038508286],[-75.64702907994774,6.109200800848237],[-75.64706952463519,6.109226895676618],[-75.64709478899273,6.1092506867346685],[-75.6471395390034,6.109267009370446],[-75.647178679669,6.1092799107148075],[-75.64721581623813,6.109286763951828],[-75.6472475835358,6.109292181798572],[-75.6472506849671,6.109292710755014],[-75.64730558032532,6.1092893467434495],[-75.64753964928059,6.109305375063654],[-75.64766474107533,6.109313942089428],[-75.6478050197647,6.109324312861608],[-75.64783543927298,6.109326561417572],[-75.64783897093172,6.109327704805973],[-75.64791004232403,6.1093583216466705],[-75.6480011592453,6.109388249374587],[-75.64808010579634,6.109425350031769],[-75.64815303366403,6.109473497859933],[-75.64822525487328,6.109526710872497],[-75.64829823654226,6.109562654773784],[-75.64837242071128,6.109576450998967],[-75.64846747861051,6.10959524765124],[-75.64854518820974,6.10961038976702],[-75.64861680725673,6.109642899552175],[-75.64868274908275,6.109680039767766],[-75.64877185125353,6.109731123634173],[-75.64886311400481,6.109779850847673],[-75.64894125442638,6.1098186729751385],[-75.64902303210744,6.109867066300013],[-75.64911219032851,6.109906219203529],[-75.64917941380703,6.109949230168677],[-75.64922934376749,6.109976591575044],[-75.64926051515893,6.110003339395208],[-75.64929085656078,6.110023669915855],[-75.64931682792546,6.110047584794622],[-75.64934370956978,6.11006670016156],[-75.64938357205823,6.110082196850014],[-75.64944170695397,6.110096053022743],[-75.6494982131037,6.110109113527615],[-75.64956227267932,6.110109710772571],[-75.64961615033711,6.110106208674336],[-75.6496623110778,6.110098832844737],[-75.64969699021256,6.1100924954090905],[-75.64974429627074,6.110084035408305],[-75.64981672138369,6.110061927131107],[-75.64983182809668,6.10998981162433],[-75.64983229442235,6.1099773896443645],[-75.64983231433199,6.109976847123104],[-75.64983428254745,6.109924395954278],[-75.64983766592,6.109808601776079],[-75.6498411092408,6.109687919166453],[-75.64984870356935,6.109567228747146],[-75.64986399518192,6.109511944626775],[-75.65000928874635,6.109380746576901],[-75.65005872363643,6.109292474808872],[-75.65007592055113,6.10925968371815],[-75.65009570914481,6.109208630931743],[-75.65012572465204,6.109106225355809],[-75.6501581701303,6.109010877380822],[-75.65019533587588,6.108914292915414],[-75.65020609882184,6.108860277804991],[-75.65021606756869,6.108787298080833],[-75.65026632938631,6.108707400878809],[-75.65056432077886,6.108679838278632],[-75.65081099131956,6.108731884154155],[-75.65093148357177,6.108757305413317],[-75.65102777578944,6.10876673062174],[-75.65129739804986,6.108783931725657],[-75.65166625858794,6.108743963611748],[-75.65191153554247,6.108606931030694],[-75.65221804068199,6.108470060967336],[-75.65244788829897,6.108378882987344],[-75.65263144977051,6.108425266439747],[-75.65296042629983,6.1084101022642585],[-75.65310148228593,6.108418168906412],[-75.65312194126591,6.108441298041121],[-75.65322163757041,6.108569741396168],[-75.65323859018865,6.108586774737116],[-75.65323926639986,6.108587453042522],[-75.65331373377249,6.108662276852068],[-75.6533546390773,6.108713657417946],[-75.65349544443235,6.108816573888889],[-75.65355437763742,6.108839805059651],[-75.65363433546925,6.1088755780764945],[-75.65366966901341,6.10889138427407],[-75.65374662643174,6.108889023582708],[-75.65388415730887,6.108871239289532],[-75.65396885063804,6.108853522394117],[-75.65399965855147,6.108843347234657],[-75.6540477049767,6.108827025397364],[-75.65409232297132,6.10881236221423],[-75.65415110596183,6.108802733267342],[-75.65419734405596,6.108777218173388],[-75.65431027294878,6.108751885436551],[-75.65440775081858,6.108749578820666],[-75.65467963856912,6.108752862932944],[-75.65473370780529,6.108752391579284],[-75.65495253321593,6.108753380105967],[-75.65501556782901,6.108753728698034],[-75.65517505170143,6.1087160852245965],[-75.65573830677891,6.108583139748981],[-75.65759120521342,6.108635655120402],[-75.65813643729197,6.1088411966922775],[-75.65814929163685,6.108850777341899],[-75.65815026703743,6.108851502976457],[-75.65836486204437,6.109011427243272],[-75.65877905975655,6.109380503549606],[-75.65925019814662,6.109735168428558],[-75.65969255477438,6.10999022424912],[-75.66009120877929,6.110156814023296],[-75.66047621016574,6.110283859972842],[-75.66083230102788,6.110268571699222],[-75.66097367354541,6.1102614268404745],[-75.66097427039274,6.1102613958600775],[-75.6611314111374,6.110253453272435],[-75.66134479941199,6.110153132197932],[-75.6616297052238,6.110152297934413],[-75.66180090059234,6.110237242426593],[-75.66182976810691,6.110365335164093],[-75.6618019031752,6.110579044817609],[-75.66177387130408,6.110735788767347],[-75.66178225142221,6.11079323451353],[-75.66178228691321,6.110793471193542],[-75.66180294827414,6.110935089080055],[-75.66187480100061,6.111148507241313],[-75.66210301902028,6.111247531294264],[-75.66237388998495,6.1113179437757],[-75.66258782090055,6.1114027637258745],[-75.66292920326872,6.111607225704302],[-75.66297219097368,6.111642281516926],[-75.66309791707738,6.111698880645094],[-75.66313763091007,6.111714796293422],[-75.66320765319922,6.11174285920026],[-75.66324278477535,6.11176215511562],[-75.66335807429648,6.1118243340301435],[-75.6634652417899,6.111894957024905],[-75.66351458437116,6.111943531747169],[-75.66354549606505,6.111983765966299],[-75.66359603652445,6.112232596938139],[-75.66360085961249,6.112256344453585],[-75.66373002860142,6.112583526380718],[-75.66381650698474,6.112925077905747],[-75.6638470539522,6.113179894038609],[-75.66384735826043,6.113182435561017],[-75.66392361395518,6.113486969821365],[-75.66395344481957,6.113942623845971],[-75.6640254683512,6.114213006742848],[-75.66412543693156,6.114298162967811],[-75.66432516606582,6.1143972678812055],[-75.66448228488836,6.114539224388328],[-75.66473949836025,6.114809062370355],[-75.66501074683326,6.115007649148139],[-75.66545319381054,6.115291184386281],[-75.6658668570978,6.115475107136512],[-75.66596686691653,6.115574503716037],[-75.6660387242804,6.115787920290113],[-75.6660680122687,6.116058429578257],[-75.66615503554456,6.116585121742465],[-75.66624164124894,6.11696939555577],[-75.66626944918157,6.117554105587805],[-75.66629723038375,6.118070336619605],[-75.66628925029484,6.118332892874649],[-75.66629235939328,6.1184895922116365],[-75.66631934213339,6.1185697293673575],[-75.66636033285184,6.118691475245692],[-75.66642237970167,6.118953824565594],[-75.66650170213445,6.119137362688713],[-75.66662481516708,6.119329521821879],[-75.66679161928226,6.119495303039821],[-75.66685134911559,6.119608571728797],[-75.66689404025273,6.119714363815866],[-75.66695783487552,6.119791845388895],[-75.66702867269083,6.119862247767205],[-75.66716295256415,6.119890095965182],[-75.66725305565136,6.119899380795366],[-75.66739557685005,6.119914068737693],[-75.6675382236433,6.119928768670613],[-75.66760959854194,6.119936123337601],[-75.66806019371575,6.119956237579408],[-75.66840336174124,6.11992305193986],[-75.6686821666546,6.11989005424609],[-75.66893027707721,6.1197629184512286],[-75.66911483772249,6.1195487437534775],[-75.66959733556507,6.118920676552235],[-75.66982412930176,6.118535479157765],[-75.66998057688996,6.118449564392302],[-75.67016572588341,6.1184347727904385],[-75.67026736498927,6.118465710827498],[-75.67026856080184,6.118466073719136],[-75.67035108672115,6.118491193618505],[-75.67083597980849,6.118674901833582],[-75.67113551303446,6.118802189971493],[-75.67142874764352,6.118866427438354],[-75.6716043093557,6.118903645331986],[-75.67194980125014,6.118893177869639],[-75.67204544842149,6.118889171414013],[-75.67249479639985,6.1188703476925195],[-75.67262042856352,6.119566566418794],[-75.67267199205536,6.1198980412643715],[-75.67269371618961,6.120037691191488],[-75.67280364511466,6.120404123925513],[-75.6728443252992,6.120605133864506],[-75.67289263528944,6.120843842342894],[-75.67298685979634,6.121341137034664],[-75.67315437121268,6.1218384370379715],[-75.67325383111235,6.122283389684988],[-75.67334282073317,6.122822568123135],[-75.67345798459051,6.123450731654754],[-75.67357314933241,6.1241364811656815],[-75.67369354831723,6.124733240617909],[-75.6738505895692,6.125183429073963],[-75.67403904015224,6.125581265244722],[-75.67417514328905,6.125848237830685],[-75.67436645213574,6.126113126838321],[-75.67437929743318,6.126130911724879],[-75.67456774684194,6.126424057333979],[-75.67463056378277,6.126596802254055],[-75.67465673755645,6.126795720596034],[-75.67465195481772,6.127030089983438],[-75.6746515032998,6.127052225361303],[-75.67466197211857,6.127554755856806],[-75.67467767599776,6.128020649200355],[-75.67474572837452,6.128669752965973],[-75.67484518831067,6.129360737655858],[-75.67490800400124,6.129967965140147],[-75.674981291188,6.130465263876247],[-75.6750702811663,6.1307479394371915],[-75.67514356719087,6.130936388761225],[-75.67524310932005,6.131092942364956],[-75.67544726342102,6.131270921121226],[-75.67575611195674,6.131532660181938],[-75.67582240734647,6.1316035276807614],[-75.67598156393368,6.1317736598190935],[-75.67605972571748,6.1318572119205506],[-75.67615474176432,6.132005676018197],[-75.67622723704473,6.132118946173818],[-75.67651514681287,6.132553427692927],[-75.67686063936507,6.13304025833451],[-75.67719042602296,6.133516618028315],[-75.67754638782087,6.134034857856384],[-75.67773483842957,6.134259950402078],[-75.67793187243083,6.134441826704838],[-75.67793899180545,6.134448398552256],[-75.67811697312094,6.134636849138007],[-75.67825831008686,6.1347781865914355],[-75.67834206580531,6.134929994056814],[-75.67836300534971,6.1350818021364875],[-75.67836300504692,6.135223138900425],[-75.67836137227984,6.135236203791673],[-75.67834206638291,6.135390648686417],[-75.67828971873013,6.135552925908079],[-75.67820072824267,6.135783253802449],[-75.67804892074518,6.136416655714033],[-75.67804537479157,6.136443604138579],[-75.67801212555669,6.136696301476667],[-75.67797039999618,6.137013416329601],[-75.67787094089823,6.1376363482404654],[-75.6777714811853,6.138102237005886],[-75.67765372123516,6.138377011366249],[-75.67759873519611,6.1385053117672514],[-75.6773945810523,6.138981671598768],[-75.67712760991296,6.139332399944858],[-75.67700197561174,6.139541787323652],[-75.67697056768243,6.1398401656306545],[-75.67701767992797,6.1401542523752655],[-75.67721136506778,6.140525916287919],[-75.67769295969264,6.140986570866327],[-75.67809079859947,6.1412797148224785],[-75.67847293400533,6.1414629343671585],[-75.67902258015963,6.1417141975688],[-75.67930525541239,6.1419026480402295],[-75.67942565422001,6.14203875271683],[-75.67948323597366,6.142305722060572],[-75.6794832358229,6.142666920830866],[-75.67940471525154,6.143028113606765],[-75.67916391756891,6.143499239116122],[-75.67890741617246,6.143991302682423],[-75.67872943618424,6.144294919196668],[-75.67858809798157,6.144572357983007],[-75.6783996484272,6.144891675553295],[-75.67819549438734,6.145158647910862],[-75.6779913392908,6.14537850471203],[-75.67789711373534,6.145645477608191],[-75.67787617501408,6.14582345698739],[-75.67787617492338,6.1459490900772265],[-75.67791805290399,6.146111367342157],[-75.67805415640119,6.14647256592965],[-75.67825831032053,6.147011739687843],[-75.67831065816972,6.147367700590992],[-75.67830018811756,6.148048215665065],[-75.67826354520876,6.148597860898591],[-75.67826148831107,6.1486216287783195],[-75.67821643311295,6.14914227287043],[-75.6782007275506,6.149409246369052],[-75.67814314630725,6.149650043449545],[-75.67806462639108,6.149917011988651],[-75.6780172221073,6.150058640722437],[-75.67797069074525,6.150384357317212],[-75.67800791607857,6.150533256580394],[-75.67810097790523,6.1506728482369635],[-75.67827779485903,6.150812442778203],[-75.67861281804868,6.151110239202152],[-75.67898506500354,6.1514266510860836],[-75.67920841323033,6.151817509788641],[-75.67932008735924,6.152292122716026],[-75.67939453730115,6.152701594591995],[-75.67938522987471,6.153176211747255],[-75.67926774041395,6.153833458980207],[-75.67928867889871,6.154105667890557],[-75.67934451604569,6.154294117133801],[-75.67949108791454,6.154810608382228],[-75.67956786443266,6.15529220334905],[-75.6795957826798,6.155927351171767],[-75.67958182282463,6.156806786357148],[-75.67951900696926,6.157400053119679],[-75.67940733309652,6.158279488447454],[-75.67942129209638,6.158712223116071],[-75.6794003532288,6.159151941288358],[-75.67937941419315,6.159570717943188],[-75.67933753618298,6.16023378537205],[-75.67927472002783,6.161057380211929],[-75.67921888201047,6.161748364289479],[-75.67912814718812,6.1624672681034305],[-75.67922586193288,6.162893025730966],[-75.6793010402231,6.163316152906474],[-75.67938069795314,6.163603253747069],[-75.67943714257424,6.163808217607753],[-75.67946960208712,6.163822638846162],[-75.67946563071031,6.163838517061822],[-75.67944092950712,6.163892149977699],[-75.67940794980197,6.16396859758844],[-75.6792706470498,6.16412623247558],[-75.67915512347244,6.164255790294439],[-75.67902769869113,6.16436234922665],[-75.67891902395257,6.1644785040087005],[-75.6788354207995,6.164551644380356],[-75.67880782826487,6.164575783856735],[-75.67871032775498,6.164646262169879],[-75.6786196142148,6.164710068157285],[-75.67848482592792,6.164806206416126],[-75.67848630077454,6.164809410970344],[-75.67845599046913,6.164830883697796],[-75.67839716725216,6.164872553586163],[-75.67838121082262,6.1648829133869105],[-75.67824372785468,6.164982438055986],[-75.67817172351424,6.165029177938626],[-75.67808913054454,6.165087670836197],[-75.6779822129218,6.165158063551536],[-75.67794787831016,6.165182367087326],[-75.67792399250116,6.165199274763328],[-75.67785355253424,6.165252493082595],[-75.67777695612125,6.16532212494174],[-75.67774503427464,6.165351144351292],[-75.6776529632423,6.165416285098341],[-75.67754753974015,6.165470533563599],[-75.67745236997698,6.165539354757366],[-75.6774474182124,6.165542935148249],[-75.67737284926201,6.165596857635813],[-75.67729419434575,6.165666159005855],[-75.67723292871851,6.1657463911261425],[-75.67717316684568,6.165809131994468],[-75.67709986569132,6.1658811727415275],[-75.67703186361551,6.165962688074065],[-75.67698145664413,6.166032245218983],[-75.67693248017338,6.166092391585117],[-75.67689296855278,6.166147236228896],[-75.67685624646595,6.166191334356635],[-75.67682088161774,6.166234101276941],[-75.67676659741196,6.166286119178892],[-75.67673134246265,6.16631676809499],[-75.67666055073894,6.166409029945251],[-75.67661425201507,6.1664705450959865],[-75.67657867769013,6.166536197372343],[-75.67657174588281,6.1665590243053705],[-75.6765856879617,6.1666533996701105],[-75.6766313610745,6.166697618848956],[-75.6766390345393,6.166705050177935],[-75.67667649104347,6.166728279582591],[-75.6767300696694,6.166754348826942],[-75.67676080018008,6.166777516204628],[-75.67680365168385,6.166799447428898],[-75.67683971523566,6.166828050065707],[-75.6768283802201,6.166891230968677],[-75.67680789664273,6.1669174491918755],[-75.6767834649731,6.166948720830607],[-75.67669552720766,6.167003125479447],[-75.67660243958431,6.167031902698201],[-75.67655667808066,6.167046399017079],[-75.67647021792953,6.167073787784089],[-75.67639192819496,6.16710270033026],[-75.67624865410734,6.167176798651122],[-75.6761553126202,6.167233847540283],[-75.67611872296683,6.167263138097461],[-75.67606870571956,6.167289612318895],[-75.67602006062988,6.167313407364453],[-75.67595125923647,6.167334326771014],[-75.67586755086066,6.16736722609887],[-75.67580135488113,6.167397592044984],[-75.67565152469376,6.167452784939385],[-75.67552864824502,6.167502833201886],[-75.67532885129332,6.167579112922609],[-75.67525847178796,6.167625600416701],[-75.67518940335083,6.167676138555149],[-75.6751162753894,6.167729330492547],[-75.67504590895452,6.16777447092104],[-75.67498113297789,6.167796773056225],[-75.6748907115182,6.167828265006845],[-75.67481379095715,6.16785449643696],[-75.67474501380927,6.167872720734501],[-75.67447884724085,6.167850109418523],[-75.67435521099556,6.167835521222781],[-75.67424645824464,6.167811644475895],[-75.67411885843723,6.167788944471269],[-75.67403971203542,6.167763989646616],[-75.67395141565888,6.167709328571098],[-75.67383236434645,6.16763419490109],[-75.67376804988542,6.167605336111075],[-75.67370637840125,6.16758188634907],[-75.6736580743271,6.167567982801714],[-75.67362312273485,6.167564972538678],[-75.6735788048634,6.167556492974113],[-75.67354398858298,6.16753867146873],[-75.67348113004678,6.167497708631691],[-75.67338198891882,6.167452374400886],[-75.67332706791693,6.167426293438121],[-75.67322255623233,6.167379565913807],[-75.6731475662663,6.167341185234419],[-75.67308195751126,6.167306927690907],[-75.67302842953822,6.16727547433132],[-75.67295084821978,6.167226298153532],[-75.67290408474952,6.1671908665780135],[-75.67277040586676,6.1670967483252905],[-75.67270478312297,6.167063836868386],[-75.67264583933496,6.1670363747626045],[-75.67252560123836,6.166943724884146],[-75.67243857858365,6.166897156159946],[-75.67238505246975,6.1668657008839345],[-75.67230242979927,6.166778777159344],[-75.67223587861582,6.166700080715592],[-75.67215730419835,6.1666118484031305],[-75.672069291111,6.166526224517787],[-75.6720588157279,6.166518065855801],[-75.6719958183686,6.166469005217863],[-75.67194379445996,6.166420060371546],[-75.67182794802287,6.166288404989357],[-75.67177473715854,6.16622194613667],[-75.67173617845691,6.1661717783607655],[-75.67167612114612,6.16611872069169],[-75.67162002465992,6.16607377933349],[-75.67157187875485,6.1660423737718855],[-75.6714903115525,6.165987775933859],[-75.6714380921047,6.165960372096532],[-75.67128387067999,6.165906460463726],[-75.6712167939668,6.16588565453309],[-75.67115775342035,6.16586896226756],[-75.67115301249684,6.165867581194976],[-75.671114814637,6.165856453510965],[-75.67107054667404,6.165842586343259],[-75.6709618055566,6.165817363442515],[-75.67081113098452,6.165817339767423],[-75.67069142179575,6.16581490705213],[-75.67048398088437,6.16584398996051],[-75.67032496705326,6.165873511632822],[-75.67023329898605,6.165894222225866],[-75.6702219449587,6.1658972931601985],[-75.67019958238363,6.1659033410859125],[-75.67019109885615,6.165913254637764],[-75.6701492720866,6.165962127857559],[-75.67005465709717,6.166011085823526],[-75.6699724059409,6.166031880259051],[-75.66987661531927,6.166061978956617],[-75.66962796361324,6.166184937590586],[-75.66947533397969,6.166252217936076],[-75.66935027223857,6.166287417331969],[-75.66932382661115,6.166294859811938],[-75.6692946010344,6.166303085547878],[-75.66924615991958,6.166327669157531],[-75.66914863616374,6.166377159608704],[-75.66904753775891,6.166399129612127],[-75.66895719003323,6.1664225464005575],[-75.6689045319732,6.166443608256784],[-75.66861080219915,6.166493450881407],[-75.66848156644953,6.166503046489523],[-75.66839273403079,6.166507624795315],[-75.66829701923018,6.166529643642346],[-75.66822423105138,6.166545140790395],[-75.66815408576478,6.166566043407397],[-75.66811765541976,6.166577831786588],[-75.66808254471127,6.166592322007873],[-75.66803803195802,6.166605382156999],[-75.66791432305291,6.16659887279143],[-75.66774631979416,6.166581188256072],[-75.66759022960869,6.16658515503364],[-75.66750532206356,6.1666018871301675],[-75.66744328629865,6.1666188264862365],[-75.66739330502251,6.166641260687662],[-75.66729868370317,6.166686173747183],[-75.66725413905121,6.166707316884183],[-75.66717270544771,6.166786015979141],[-75.66703417557224,6.166930170354927],[-75.66694254297798,6.167020228967528],[-75.66690522082335,6.167056909553506],[-75.66677124077167,6.167144554954079],[-75.66663734453107,6.16722277726857],[-75.66651816151891,6.167310557368376],[-75.66644777032607,6.167358388350565],[-75.66637733016682,6.1674116048510985],[-75.66630971648677,6.167450037232916],[-75.66624355706709,6.16747636466393],[-75.66616795703591,6.167505298655881],[-75.66600171589766,6.167589956779613],[-75.66581260645077,6.167674410247144],[-75.6657167538052,6.167711237390644],[-75.66553658436446,6.167700173698489],[-75.6654034588429,6.167693577188227],[-75.66527303561304,6.167685658086979],[-75.66513197362113,6.1676641784767945],[-75.66502332977757,6.1676281824422015],[-75.6648655520242,6.1676698331966975],[-75.66475907274098,6.16769175445846],[-75.66467558414152,6.167700420623065],[-75.66460409426483,6.167721313350745],[-75.66450415826314,6.1677634881767425],[-75.66439622369901,6.167797514344674],[-75.66427601419619,6.167850276395604],[-75.66420163558878,6.167892684907817],[-75.66411397804336,6.167916125577013],[-75.6639928134193,6.167925792890838],[-75.66392951429071,6.167933295709923],[-75.66386619246948,6.1679434899236405],[-75.66381359601739,6.167957825155214],[-75.66374353494881,6.167969302439065],[-75.66358888682544,6.167962511224984],[-75.6634624054889,6.168014325456221],[-75.6634538518269,6.168017829765935],[-75.66339703654829,6.168052321466011],[-75.6633605379532,6.1680903014236215],[-75.66335085909247,6.168100373694632],[-75.66332488526565,6.168145915624521],[-75.66332576498667,6.168197088204932],[-75.66333755284053,6.168232202223919],[-75.66336807685705,6.168278257973695],[-75.66344283332766,6.1683422217983175],[-75.6635092257193,6.168438421662075],[-75.66356253148535,6.1684941097273756],[-75.66364672865464,6.168555466062406],[-75.66373227086842,6.168616832822271],[-75.66374695427903,6.168631797841084],[-75.66374959989305,6.168634494876272],[-75.66367506286724,6.168694406132655],[-75.66357905328789,6.168748733970174],[-75.66348323690167,6.168781525098562],[-75.66336072607334,6.16879118010712],[-75.66320619920329,6.168770924595938],[-75.66307059218234,6.168741415689469],[-75.66289728103793,6.168715602062549],[-75.6627372524328,6.168708758950711],[-75.66264718056404,6.16871075624792],[-75.66260807577599,6.168711622619336],[-75.66252040567633,6.1687364083679235],[-75.66245430876947,6.1687560028650905],[-75.66239631791723,6.168771630623715],[-75.6623328856785,6.168793942851524],[-75.66228555806664,6.168820442451829],[-75.66223825673784,6.16884424701103],[-75.66221720138103,6.168859988374297],[-75.66212714396764,6.16892731511101],[-75.66212618497246,6.168929181300473],[-75.66211077062933,6.1689293750029535],[-75.66211091472957,6.1689294710133575],[-75.66210989668495,6.168931088890402],[-75.66210938405416,6.168931898750987],[-75.66210912864427,6.168932304128774],[-75.66210830224412,6.168933590173171],[-75.66210716815367,6.168935303553485],[-75.66210658800902,6.168936159857125],[-75.6621059979376,6.168937018018462],[-75.66210570018761,6.168937446208675],[-75.66210524634111,6.168938089434144],[-75.66210485084957,6.168938660949566],[-75.66210458362967,6.168939052825978],[-75.66210404929821,6.1689398582749515],[-75.66210243227147,6.168942358766663],[-75.66210161736086,6.168943594128038],[-75.66209934192679,6.1689470155007475],[-75.66209855353156,6.168948134109917],[-75.66209814529066,6.168948684896451],[-75.66209708548031,6.168950078783387],[-75.66209494311583,6.168952834125987],[-75.6620906120275,6.168958286281191],[-75.66208845331413,6.168961023624983],[-75.66208612239006,6.168964005013499],[-75.66208147329121,6.1689699885194536],[-75.66207800743705,6.1689745151432644],[-75.66207752290245,6.16897516304233],[-75.66207658010882,6.168976474981581],[-75.66207566994063,6.168977808454353],[-75.66207508097999,6.168978708195429],[-75.66207394111268,6.168980530992026],[-75.66207311791409,6.168981915559508],[-75.66207258150011,6.168982846678795],[-75.66207154038081,6.168984727743431],[-75.66207004434342,6.168987580201086],[-75.66206908109798,6.168989499749496],[-75.66206721432113,6.168993358436328],[-75.66206621236151,6.168995484296751],[-75.66206423469978,6.168999748542683],[-75.66206229329005,6.169004037016105],[-75.66206101412827,6.169006907373845],[-75.6620584866778,6.16901268047995],[-75.66205773483493,6.169014426301855],[-75.66205723843423,6.169015592268374],[-75.66205625107492,6.1690179286943465],[-75.66205576192733,6.169019100048773],[-75.66205479269628,6.169021449040501],[-75.66205383616943,6.169023809721046],[-75.6620519531262,6.169028571613367],[-75.66205069074519,6.169031908365722],[-75.6620500912182,6.169033586527869],[-75.66204952154823,6.169035274485022],[-75.66204924937236,6.169036121112376],[-75.66204873487308,6.169037823258081],[-75.6620484943517,6.169038677863397],[-75.66204815933942,6.16903996506668],[-75.66204776058751,6.169041692850394],[-75.6620475833661,6.169042561603625],[-75.66204734782005,6.169043870006184],[-75.66204715295203,6.16904518453351],[-75.66204707044201,6.169045845790679],[-75.66204660374322,6.169050066319704],[-75.66204575347206,6.169058512386263],[-75.66204554086468,6.1690609778301155],[-75.66204528901255,6.169064267039824],[-75.66204514635601,6.16906590766023],[-75.66204497205398,6.169067542110684],[-75.66204486952734,6.169068355344673],[-75.66204469042144,6.169069570350088],[-75.6620443907064,6.169071414258191],[-75.6620441899495,6.169072634796054],[-75.66204378656599,6.169075063224742],[-75.66204317593133,6.1690786778706945],[-75.66204236348305,6.169083482322842],[-75.66204195729952,6.169085892684971],[-75.66204164238263,6.1690877674060545],[-75.66204101520444,6.169091505986607],[-75.66204017836769,6.169096491366364],[-75.66203975819695,6.169098994913336],[-75.6620393417205,6.169101514714347],[-75.66203913306448,6.169102781397159],[-75.6620388693313,6.169104414486771],[-75.66203869864867,6.16910550740628],[-75.66203836453202,6.169107697729202],[-75.66203788056629,6.169110992619815],[-75.66203723681565,6.1691153921278215],[-75.66203690814109,6.169117586943663],[-75.66203595767118,6.169123693886572],[-75.66203544900678,6.16912674571713],[-75.6620349105215,6.1691297949847534],[-75.66203462726939,6.169131317880553],[-75.66203442444034,6.169132304285516],[-75.66203427322887,6.1691329550379],[-75.66203393553391,6.169134247678785],[-75.66203335798676,6.169136167106587],[-75.6620329370841,6.169137438466901],[-75.66203204466503,6.16913997511243],[-75.66203125324462,6.169142116192621],[-75.66203089305078,6.169143063607269],[-75.6620301672481,6.169144959367694],[-75.66202962425211,6.169146381407236],[-75.66202908939893,6.169147806118152],[-75.66202882739861,6.1691485198025156],[-75.66202844255004,6.169149594808428],[-75.66202739281846,6.16915264572863],[-75.66202602036871,6.169156732470859],[-75.66202531965793,6.169158769134198],[-75.6620244440531,6.169161236085496],[-75.66202399041669,6.169162464216168],[-75.6620232895982,6.169164298377756],[-75.66202255711165,6.1691661218493525],[-75.66202217685215,6.169167030491159],[-75.66202179549082,6.16916789936122],[-75.66202098747905,6.169169612015044],[-75.66202011880034,6.169171295139337],[-75.66201951010268,6.169172402905647],[-75.66201822938031,6.16917459886635],[-75.66201664262957,6.1691771932257735],[-75.66201346507273,6.1691822933701435],[-75.66201303586662,6.169182987098019],[-75.66201275002577,6.16918344867775],[-75.66201255916712,6.16918375700175],[-75.66201217744083,6.169184371841744],[-75.66201189159095,6.169184831613467],[-75.6620113198551,6.169185743924878],[-75.66201074806509,6.169186645388225],[-75.66200998526298,6.169187824439367],[-75.6620096033426,6.16918840040712],[-75.66200918822298,6.1691890208382825],[-75.66200891117548,6.169189434460543],[-75.66200835527394,6.169190261714122],[-75.66200723985337,6.1691919153353565],[-75.66200667581353,6.169192740821578],[-75.66200629919082,6.169193292354068],[-75.6620061099762,6.16919356812484],[-75.66200582570717,6.1691939826872435],[-75.66200535572823,6.169194651306237],[-75.66200435255159,6.16919599066838],[-75.66200328615166,6.16919733125073],[-75.66200180105578,6.169199118708713],[-75.66200104404902,6.1692000111539524],[-75.6619998854269,6.169201334116916],[-75.66199936707903,6.169201903534673],[-75.66199831760233,6.1692030153132755],[-75.6619975186487,6.169203828413799],[-75.66199630428719,6.1692050232835],[-75.66199568668065,6.169205613086259],[-75.66199513016142,6.169206135685433],[-75.66199475701693,6.169206479274074],[-75.66199400884923,6.16920715199627],[-75.66199287470644,6.16920813130611],[-75.66199133093697,6.169209383872832],[-75.66199053818035,6.169209990823959],[-75.66198971380533,6.169210597029156],[-75.66198805044073,6.169211776967661],[-75.66198679645457,6.169212633928956],[-75.6619855468854,6.169213470979562],[-75.661984927482,6.169213881793712],[-75.66198365709285,6.169214709908144],[-75.66198309701535,6.169215062567833],[-75.66198197401971,6.169215741684559],[-75.66198112822444,6.169216218720859],[-75.66198061291702,6.169216492506214],[-75.66197956674372,6.169216999473425],[-75.66197875282474,6.169217347978317],[-75.66197818756302,6.169217566867752],[-75.66197789722517,6.16921767047482],[-75.6619774481628,6.169217824597165],[-75.6619767691001,6.169218045863735],[-75.66197631276205,6.169218190078172],[-75.66197538469905,6.169218472255772],[-75.66197491749037,6.169218610196348],[-75.6619739731011,6.169218878895172],[-75.66197333170426,6.1692190457316824],[-75.6619751750971,6.169232033726471],[-75.66197859980468,6.169260516992523],[-75.66199632854995,6.169327124820681],[-75.66204853173969,6.169436966247756],[-75.66206730884042,6.169464964112311],[-75.66209541300744,6.169487318491735],[-75.66213099653409,6.169511526689547],[-75.66216653003602,6.169517031697982],[-75.66219269849337,6.169516955063193],[-75.66222824916356,6.169528069474814],[-75.66223949271449,6.169537388011182],[-75.66226221556595,6.169576827394855],[-75.66230534320906,6.169623453896528],[-75.66233164154133,6.169666390250629],[-75.66237663110888,6.16970926927262],[-75.66243469030881,6.16974837097559],[-75.66250018152091,6.169770618768058],[-75.6625600538164,6.169789142038186],[-75.66241289639724,6.170011627122413],[-75.66235253085404,6.1701028932647635],[-75.66234005938121,6.170100739875817],[-75.66231765929405,6.170094107874123],[-75.66229437296317,6.17009016345906],[-75.66227197553887,6.170084426429332],[-75.66224869231662,6.170081828094011],[-75.66222542301476,6.17008057036143],[-75.66220215314516,6.1700824550318725],[-75.66217935323584,6.170087466191652],[-75.66215700171654,6.170093816685493],[-75.66213510763554,6.170102414112381],[-75.66211321395886,6.170111454510392],[-75.66209176022303,6.17011959952767],[-75.66206986212742,6.170126850875025],[-75.6620470505269,6.170130968909166],[-75.66202378562268,6.170131497505997],[-75.66200051133883,6.170131594927316],[-75.66197725266576,6.170133914370715],[-75.66195445280236,6.17013893637076],[-75.66193210171123,6.170145736157027],[-75.6619111049294,6.170155670667228],[-75.66188966553312,6.1701656037744765],[-75.66186776015574,6.170173750139803],[-75.66184631634563,6.17018189510016],[-75.6618239688148,6.170189589853376],[-75.66180115499373,6.170193264916145],[-75.66177789233872,6.170194245506336],[-75.66175461132518,6.170192091921228],[-75.66173134114761,6.170190842309146],[-75.66170805611385,6.170187340835706],[-75.66168476710996,6.170182501419002],[-75.66166236836864,6.170176321395085],[-75.66164129085453,6.1701652023839255],[-75.66162110490741,6.170153184828933],[-75.66160136925372,6.170140716622918],[-75.66158296514176,6.170126460821144],[-75.66156412150478,6.1701126411498635],[-75.66154660671809,6.170097037512546],[-75.66152598174853,6.170085918039474],[-75.66150446655271,6.1700761464031455],[-75.66148472096319,6.17006367733603],[-75.6614658787285,6.1700503187067435],[-75.66144703328985,6.170036499037844],[-75.66142684825785,6.170024482370943],[-75.66140711395576,6.170012464353135],[-75.66138559876812,6.170002693613762],[-75.66136274790227,6.169996957903167],[-75.6613394844463,6.16999705433486],[-75.66131622179921,6.169998036709538],[-75.66129341148294,6.1700025958709555],[-75.66127331337451,6.170014325786291],[-75.66125457854908,6.170028274603415],[-75.66123627597834,6.170042683217716],[-75.66121798776454,6.1700579777081135],[-75.66120059423196,6.170073721547428],[-75.66118410702892,6.1700908006255935],[-75.66116761039223,6.170107437680833],[-75.66114886657277,6.17012139558201],[-75.66112877874619,6.170133558473439],[-75.6611082294396,6.1701448359155355],[-75.66108858647611,6.170157451308456],[-75.66107029513907,6.170172302838702],[-75.6610515607511,6.170186703665453],[-75.66103056709152,6.170197089243228],[-75.66100728956341,6.170196721967646],[-75.66098402117989,6.170195472313144],[-75.66098032105754,6.170195413969798],[-75.66094364125547,6.170153358410796],[-75.66085607262514,6.170060828576486],[-75.6607979008789,6.170004425017915],[-75.6607624149228,6.169960314936546],[-75.6607431744688,6.169929422811706],[-75.6607387026569,6.1699117497014875],[-75.66073423923484,6.169897024587871],[-75.66074149465783,6.169860159079612],[-75.66075286348097,6.169846615943022],[-75.66076962500915,6.169838167173252],[-75.66079900280789,6.169838079981382],[-75.66086823520972,6.169833678412638],[-75.66089970804182,6.16983148610701],[-75.6609605610145,6.169831305742378],[-75.66106963898021,6.16981408651437],[-75.66111574161943,6.1697929557830635],[-75.66113034341696,6.169763518118487],[-75.66113654974646,6.169732009712293],[-75.66112386248918,6.169700557795313],[-75.66109856436321,6.1696607397597605],[-75.66103748089417,6.169583240798477],[-75.66096573190067,6.169446991676387],[-75.6609655412411,6.169382906021268],[-75.66096282825467,6.169370147463002],[-75.66096036512462,6.169370712137599],[-75.66095790080708,6.1693712198642965],[-75.66095625387774,6.169371530946789],[-75.66095295522761,6.169372097989975],[-75.66095172321818,6.169372291282628],[-75.6609492499863,6.169372641752824],[-75.66094759621535,6.1693728489061765],[-75.66094427486745,6.169373211752239],[-75.66094177211781,6.169373439422033],[-75.66094031751058,6.16937355427284],[-75.6609374063317,6.169373752343288],[-75.66093449492722,6.169373905213394],[-75.66093255418822,6.169373986333134],[-75.66092867066911,6.1693741015733075],[-75.66092488445791,6.169374167509463],[-75.66092323327584,6.169374169435233],[-75.66091795209992,6.16937350334874],[-75.66089149564243,6.1693701740722755],[-75.66089077611441,6.169370070089581],[-75.66088991380893,6.1693699541641935],[-75.66088862134191,6.169369797899709],[-75.66088689073295,6.1693696311689985],[-75.6608860250761,6.169369567694034],[-75.66088472493995,6.169369503678838],[-75.66088342138927,6.169369479457982],[-75.66088277016031,6.169369486329421],[-75.66087174046466,6.169369713229486],[-75.66086508403302,6.169369858602742],[-75.66086175662117,6.169369911396667],[-75.66086008200853,6.169369924287721],[-75.6608567335421,6.169369921137075],[-75.66085003455008,6.169369864220392],[-75.66084668599791,6.1693698438935565],[-75.66083142758761,6.169369795409262],[-75.66083065347529,6.169369794758643],[-75.66082910796042,6.16936979344384],[-75.66082756336235,6.1693697948365305],[-75.66082653453205,6.16936979545915],[-75.66082447958571,6.169369797594826],[-75.66082140033889,6.169369803042545],[-75.66081524908931,6.169369817517824],[-75.66081217075474,6.169369824769001],[-75.66081063068194,6.169369827947077],[-75.66080907435055,6.169369831206437],[-75.66080596078899,6.169369838633647],[-75.66079973458268,6.169369856195527],[-75.66079662103915,6.169369867238701],[-75.66079454534498,6.169369874902153],[-75.66079350750014,6.1693698791858775],[-75.66079195117776,6.169369884253181],[-75.66079039306689,6.169369892945564],[-75.66078961355306,6.169369895937975],[-75.66078850802272,6.1693699123124155],[-75.66078629181769,6.1693700002327265],[-75.66078184993646,6.169370269235677],[-75.66077962930987,6.169370376162691],[-75.66077706713999,6.169370462196178],[-75.66077578460319,6.169370485783557],[-75.66077386329343,6.169370478210759],[-75.66077258040474,6.1693704312856275],[-75.66077193977569,6.169370390190408],[-75.66077097919576,6.169370310917212],[-75.66076996335485,6.169370199375183],[-75.66076793772964,6.169369922923136],[-75.66076592447936,6.169369592167491],[-75.66076458550414,6.169369347540313],[-75.66076191194365,6.169368832951212],[-75.66075849861357,6.1693681403500165],[-75.66075395496026,6.169367202078634],[-75.66075167829878,6.169366759635946],[-75.6607491550531,6.169366319329827],[-75.66074578306424,6.169365765742363],[-75.66074410149359,6.169365470393904],[-75.66074101748528,6.169364883725909],[-75.66073948479388,6.1693645559922485],[-75.66073796183078,6.169364186624623],[-75.66073720386075,6.169363981582603],[-75.66073314776783,6.169362820290868],[-75.66072505603661,6.169360433418972],[-75.6607125784577,6.169356692537006],[-75.66071144588133,6.169356357379121],[-75.66071068962309,6.169356133343887],[-75.66070917800985,6.169355685268897],[-75.66070691104615,6.169355014058152],[-75.66070388781966,6.169354117908141],[-75.66070237620643,6.169353669833145],[-75.66070125719695,6.169353338223532],[-75.66069902188778,6.169352674990787],[-75.66069703444948,6.169352086457525],[-75.66069604027422,6.169351791289144],[-75.66069454946292,6.16935134853429],[-75.66069305865615,6.169350906683455],[-75.66069231234724,6.169350685310539],[-75.66068893706878,6.169349653507703],[-75.66068218418208,6.1693474850461785],[-75.66068110571085,6.16934713153721],[-75.66067896486007,6.169346390989744],[-75.66067683829446,6.169345616921796],[-75.66067542562882,6.169345086085466],[-75.66067260646697,6.1693439936449534],[-75.66067122709097,6.16934343642537],[-75.66067031647637,6.169343052244409],[-75.66066851220603,6.169342243116408],[-75.66066651109475,6.169341267726865],[-75.66066519247248,6.169340576407293],[-75.6606645385042,6.169340215352295],[-75.66066356380463,6.16933965972611],[-75.66066182616424,6.169338626969839],[-75.66066096632247,6.169338099698468],[-75.66065968869509,6.169337296978373],[-75.66065842634188,6.16933647790942],[-75.66065780190137,6.169336060657027],[-75.66065656741374,6.169335214327907],[-75.6606559564634,6.169334785255691],[-75.66065504810403,6.169334128950648],[-75.66065448964625,6.1693337204087415],[-75.66065337088358,6.169332895197878],[-75.66065225484422,6.169332072685481],[-75.66065002821209,6.169330433057649],[-75.66063747886528,6.169317559125774],[-75.66062689134814,6.1693055721845935],[-75.66061548539523,6.169293028835629],[-75.66059936719458,6.169278524694697],[-75.66058518506324,6.169264089526745],[-75.66056399518715,6.1692470966275135],[-75.66055622365263,6.16924099530372],[-75.66055100666075,6.169236899909276],[-75.66052370369881,6.169228112696914],[-75.66050527426832,6.16922271102054],[-75.6604861746597,6.169220035628909],[-75.6604691205632,6.169218725945898],[-75.66044623472311,6.169220638439632],[-75.6604020995866,6.169223700380903],[-75.66034744227717,6.169227509199246],[-75.66028124732279,6.169232570798755],[-75.66023811855167,6.169233303438224],[-75.66020832735103,6.169223669814147],[-75.66014750358073,6.169197106916822],[-75.66008053107005,6.169146255437136],[-75.6600461812846,6.16911259106552],[-75.66003889640338,6.169088158099455],[-75.66002820564144,6.16908987493484],[-75.66001857353203,6.169091412906368],[-75.66000020832386,6.169094357792602],[-75.65997097183214,6.169099046631556],[-75.65996905749749,6.169099350910795],[-75.65996853310745,6.169099433989709],[-75.65996065202756,6.169100705562315],[-75.65990492459188,6.169109638294239],[-75.65986638725414,6.169115818241106],[-75.65985555475065,6.16911755024618],[-75.65984024380126,6.169120007963164],[-75.65983528785343,6.169120800247197],[-75.65983207294177,6.16912131443112],[-75.65982112220874,6.169122704399072],[-75.65981308716482,6.169123713666426],[-75.6598025787517,6.169125046278144],[-75.65980128784925,6.169125203701129],[-75.65979002024442,6.169126629604884],[-75.65978226507414,6.169127610352536],[-75.65977542979368,6.169128480732411],[-75.65976970661164,6.169129202718939],[-75.65976902956221,6.169129284752381],[-75.65976419646259,6.169129896520104],[-75.65974416446906,6.169132432968917],[-75.65972800835743,6.169132779476121],[-75.65972460155662,6.169132852547645],[-75.65970652346992,6.169133239394135],[-75.65970240494413,6.169133324157831],[-75.65969517950282,6.169133481398537],[-75.65968588362455,6.16913578701423],[-75.65967549614594,6.169138366580607],[-75.65965878996111,6.169142520895718],[-75.65964231016835,6.169146608989163],[-75.65962555163884,6.169150772605287],[-75.65962007283093,6.169152136134684],[-75.65961444285048,6.16915452106905],[-75.659586750994,6.169166281630457],[-75.65955973674944,6.169190387854122],[-75.6595591520546,6.169191419561371],[-75.65955765224928,6.169194063205799],[-75.65955315021816,6.169202013136801],[-75.65954685116087,6.169213141574847],[-75.65954253000905,6.169220774191717],[-75.65954189157422,6.169221897474485],[-75.65953955954237,6.1692299125024945],[-75.65953760138746,6.169236643748175],[-75.65953527895259,6.169242417638076],[-75.65953173604532,6.169251241494382],[-75.65952662639565,6.169263957794962],[-75.6595229317383,6.169273144021468],[-75.65951791223058,6.169285642000578],[-75.65951406504614,6.169295215914003],[-75.65950920614033,6.169307315317619],[-75.65950541338249,6.169316754258718],[-75.65950029393157,6.169329497729424],[-75.6594994855374,6.169331497866383],[-75.6594940613861,6.169341465679446],[-75.65948909375155,6.16935060040819],[-75.6594825194623,6.1693626884935995],[-75.65947780244863,6.169371362723052],[-75.65947123614403,6.169383421839679],[-75.65946692456274,6.1693913436987176],[-75.6594602849167,6.169403548730664],[-75.65945626066973,6.169410945720835],[-75.65945062975433,6.169421293355692],[-75.65944936977685,6.169423304789177],[-75.65944881240178,6.169424199851475],[-75.65944354504933,6.169435361105022],[-75.6594400430285,6.169442784415128],[-75.65943668667832,6.169449894203099],[-75.6594336807117,6.169456261839966],[-75.6594279359798,6.169468419911648],[-75.65942469500419,6.169475299499634],[-75.65941841312777,6.169488605661032],[-75.65937774376103,6.169547074487044],[-75.65936519722881,6.169561565489592],[-75.65935268554063,6.169573082059193],[-75.65933801222963,6.1695865756936055],[-75.65933036583799,6.169593611991794],[-75.65932560475107,6.169596167062387],[-75.6593038002186,6.169607883743694],[-75.65929806530785,6.1696109644006825],[-75.65928867830154,6.1696160096801105],[-75.65928050349545,6.169618519427151],[-75.6592778500952,6.169619330941942],[-75.65926989988878,6.169621777188688],[-75.65926340258815,6.169623766873824],[-75.65925273281202,6.169628246310377],[-75.65923862329522,6.169634164066661],[-75.6592296571256,6.169637923520219],[-75.65921556653589,6.169643833045276],[-75.6592055448928,6.1696480470745145],[-75.65919812101197,6.169651160577451],[-75.6591929073407,6.169653345447927],[-75.65918762496767,6.169656606457514],[-75.65912784472252,6.1696934921103015],[-75.6591191838239,6.169700504546471],[-75.65911432841826,6.169704433309097],[-75.65911395870802,6.169704741622283],[-75.65908925351809,6.169724746474136],[-75.65908871268041,6.169725154181525],[-75.6590778264028,6.1697333141007125],[-75.65904035567357,6.169761391527706],[-75.6590352138969,6.169763865327902],[-75.6590234083757,6.169769549179719],[-75.6589853046853,6.169787895168725],[-75.65896778795388,6.169792900598448],[-75.65894096800508,6.169800555204816],[-75.65891431847142,6.169801628521858],[-75.65890432115214,6.169802027417993],[-75.65889212032648,6.169802525916212],[-75.65886693471491,6.169803540388425],[-75.65883963021649,6.169800249602643],[-75.65882765002813,6.16979880333184],[-75.65881965481748,6.16979784160394],[-75.65881564182972,6.169797355392596],[-75.65880410545627,6.1697959701864],[-75.65879338157107,6.169794673132509],[-75.65879142031382,6.169794263459171],[-75.65878788479921,6.169793523542084],[-75.6587802592974,6.169792434306536],[-75.65876726713459,6.169790565482757],[-75.65875362236453,6.1697886086113725],[-75.65874271741907,6.169787049387887],[-75.65872857549213,6.1697850217726256],[-75.6586964896969,6.169780415992189],[-75.658687708063,6.169779158956134],[-75.6586774982273,6.169777697510526],[-75.65867022680007,6.169777330633104],[-75.65862001156344,6.169774776244528],[-75.65860497086925,6.169774016045527],[-75.6585987745977,6.169773699846797],[-75.65859761810344,6.1697736405330295],[-75.65858432332537,6.169773761179078],[-75.658572411403,6.1697738685896075],[-75.65856591709797,6.16977392453164],[-75.65854090003589,6.169774142599236],[-75.65852205034889,6.169774316301482],[-75.65851971274063,6.169774332497113],[-75.65851072641506,6.169774414445632],[-75.65851049155907,6.169774413810588],[-75.6585096515655,6.169774425238277],[-75.65850946097814,6.169774426190187],[-75.65850558519764,6.169774102920543],[-75.65849146466384,6.169772924076383],[-75.6584745889433,6.169771527560866],[-75.65847188790708,6.169771300579115],[-75.65845878942177,6.169770209744536],[-75.65845443468471,6.169769842761093],[-75.6584447231372,6.16976904147646],[-75.65842554485188,6.169767443108129],[-75.65838167511187,6.169763793863693],[-75.65837561338607,6.169763288047851],[-75.6583755320433,6.169763278509766],[-75.65836570098945,6.169762060158234],[-75.65836280146354,6.169761698562609],[-75.65835527518182,6.169760762510089],[-75.65832997674372,6.169757628922615],[-75.65832229682245,6.169756676460303],[-75.65831941540671,6.16975632381428],[-75.65829998827186,6.169753911248083],[-75.65829550794291,6.169753355948008],[-75.65829249907316,6.169752984953702],[-75.65827122179306,6.169750345674254],[-75.65825294254351,6.169748077442567],[-75.65823783276518,6.169745056596489],[-75.65822680810182,6.1697428570013875],[-75.65821784314656,6.169741065686045],[-75.65821555558762,6.169740612438314],[-75.65821302567161,6.169740103446976],[-75.658203220738,6.169738145464384],[-75.65819374946258,6.16973625723375],[-75.65819248360808,6.169736004098542],[-75.65817806191204,6.169733120843016],[-75.6581772210214,6.16973295237247],[-75.65817412281734,6.169732780710352],[-75.65815378884753,6.169731648254441],[-75.6581450932619,6.169731163725233],[-75.65814068041647,6.1697309181693125],[-75.65811708654991,6.169729613048982],[-75.65811338207041,6.169729406444828],[-75.6581123529397,6.1697293473979204],[-75.65809273736419,6.169729721987759],[-75.65809259288349,6.169729730845548],[-75.65808777160836,6.169729818204106],[-75.65805717144349,6.1697304148928644],[-75.65804111537217,6.169730724696027],[-75.65803191180481,6.169730897220061],[-75.65803025805671,6.169730928983138],[-75.65796786183654,6.169732133748313],[-75.65796007631153,6.16973228472556],[-75.65795916495576,6.169732295604658],[-75.65795881363346,6.169732306399308],[-75.65795362061014,6.169732655973962],[-75.6579467832362,6.16973311049097],[-75.65792727974231,6.1697344066268105],[-75.65787653138429,6.16974703983731],[-75.65786842756124,6.169749115276868],[-75.6578584184725,6.169751684790718],[-75.65785213695477,6.169753294594929],[-75.65783682151256,6.169757216818585],[-75.6578267682087,6.169759795593044],[-75.65781533281661,6.1697627229922904],[-75.65781529673136,6.169762732212788],[-75.65781083055673,6.169764110560419],[-75.65780614786146,6.169765542422975],[-75.65780434317732,6.169766100181184],[-75.65780284514578,6.169766565101028],[-75.65775630992052,6.169780877747864],[-75.65769490495614,6.169787413126531],[-75.65768699124898,6.169787400206458],[-75.65766573393277,6.1697878616295805],[-75.6576520326714,6.16978816418432],[-75.65765148171988,6.16978817416746],[-75.65764939535539,6.169788217129819],[-75.65764680324737,6.169788278889897],[-75.65763704163358,6.1697884885470575],[-75.65763089999969,6.169788624079676],[-75.65761271080767,6.169789021363977],[-75.65761142875515,6.169788961770901],[-75.65757373208518,6.169787139420676],[-75.65754364380798,6.16978569131885],[-75.65753352735622,6.1697852066415955],[-75.65749948367495,6.1697872145088795],[-75.65749752385857,6.1697870941131665],[-75.65749251727699,6.169786792754235],[-75.65749220194516,6.169786775343933],[-75.65749139777031,6.169786724213033],[-75.65747814621139,6.169785913463477],[-75.65745318641291,6.169784395453981],[-75.65744284432371,6.169783766352429],[-75.65743372837073,6.169783214299938],[-75.65740052191737,6.169775051243333],[-75.65738812184954,6.169772005090629],[-75.65738547379246,6.169771352943864],[-75.65736974645988,6.169767485364788],[-75.65736245942114,6.169764893725453],[-75.65735933977966,6.1697640459500045],[-75.65734913604935,6.169761273601016],[-75.65729010079743,6.169745240612601],[-75.6572782065658,6.169742012933237],[-75.65727673311217,6.169741609858775],[-75.65727555887375,6.169741434010545],[-75.65727198997516,6.1697408831915626],[-75.65722485873893,6.169733665644122],[-75.65721600343034,6.169732307698143],[-75.65718347574024,6.169731293030758],[-75.65718254704176,6.169731267833851],[-75.65716458972736,6.169730706575062],[-75.65714882770955,6.169730210295357],[-75.65714121280934,6.169729980715607],[-75.65712249841955,6.169729394305645],[-75.65710450621238,6.169726544210772],[-75.6570908170843,6.1697243886277615],[-75.6570858921217,6.169723608624456],[-75.65708511557831,6.169723483224343],[-75.65703201050395,6.169715090404417],[-75.65678128967927,6.169684682691364],[-75.65670490446325,6.169668158548583],[-75.65668295096584,6.169663052760376],[-75.65666100655064,6.169657956870104],[-75.65664035362222,6.1696560828312315],[-75.65662099322998,6.1696541969163015],[-75.65659840592215,6.16965168795522],[-75.65657646218219,6.169649809507606],[-75.65655582292467,6.169649229066828],[-75.65653296756611,6.169650028389893],[-75.65652451148388,6.169649934987528],[-75.65650592313919,6.169649266562381],[-75.6564873429281,6.169648599000016],[-75.65646877933857,6.169647460353266],[-75.65645020766907,6.169646331690525],[-75.65643165894402,6.169644731911835],[-75.65641312960445,6.169642671883339],[-75.65639460700031,6.169640150764118],[-75.65637607580445,6.169638080799107],[-75.65635754556125,6.169636020772972],[-75.65633897297846,6.169634890302563],[-75.65632039367337,6.169634223633541],[-75.65630182014635,6.169633085030193],[-75.6562833074773,6.1696305638571385],[-75.65626532030929,6.1696261876988245],[-75.65624818199119,6.169621583103823],[-75.6562473498579,6.169621359440222],[-75.65622988515872,6.169615607448158],[-75.65621193224186,6.169610309907784],[-75.65619445670386,6.169604557968322],[-75.65617596066133,6.16960156661109],[-75.6561573786364,6.169600898141286],[-75.65613875699016,6.169601161021878],[-75.65612009350302,6.169602816320449],[-75.65610265301571,6.169609177332553],[-75.65608562421775,6.169616947484536],[-75.65606862107838,6.1696242474113],[-75.65605118818323,6.169630138287523],[-75.65603376612658,6.169636029109238],[-75.65601634316607,6.16964191993507],[-75.6560130398555,6.169642643371327],[-75.65599805539746,6.169645923839758],[-75.65597940948128,6.169647117990012],[-75.65596089585563,6.1696445868656635],[-75.65594343609307,6.169638375590027],[-75.65592725605438,6.169631574827324],[-75.65592648031748,6.169631248726104],[-75.65591004425252,6.169622736098521],[-75.65589605430286,6.169610602367268],[-75.6558863903765,6.169594883354245],[-75.6558842666718,6.1695761877090165],[-75.65588586424877,6.169557625373853],[-75.65588885398698,6.169539104006279],[-75.65589275588299,6.169521095194202],[-75.65589574562128,6.169502573826758],[-75.65589920338743,6.169484078149163],[-75.65590310704042,6.169466059384176],[-75.65590700980364,6.169448043335779],[-75.65591184310821,6.16943005970991],[-75.65591620571574,6.169412058543941],[-75.65591919549472,6.169393545312986],[-75.65592033321927,6.169374966288096],[-75.65592332205463,6.169356444925677],[-75.6559267707884,6.169337949293712],[-75.65593114423955,6.169319948978017],[-75.6559355077458,6.16930194690396],[-75.65594125406103,6.1692844658856165],[-75.65594746199083,6.169266992508535],[-75.65595458294034,6.169250023546454],[-75.65596263533382,6.169233087002451],[-75.65596975627827,6.169216117136538],[-75.65597687541592,6.169199147279715],[-75.65598538097058,6.169182697556564],[-75.65599387654399,6.169166238842967],[-75.65600146728072,6.169149286522143],[-75.65600951876901,6.1691323499831725],[-75.65601756122888,6.169115414393382],[-75.65602469119935,6.169098443579002],[-75.65603089917599,6.169080980147068],[-75.65603663640626,6.169063489230875],[-75.65604238362626,6.169046009113331],[-75.6560481298933,6.1690285190562575],[-75.65605342484982,6.169010551209812],[-75.65605872703229,6.168992583327403],[-75.65606356037412,6.168974607839945],[-75.65606976829554,6.168957133560517],[-75.65607550468005,6.168939654401601],[-75.65608125274822,6.168922163432045],[-75.65608655493003,6.168904195550086],[-75.65609276109375,6.1688867312241635],[-75.65609896992204,6.168869257844694],[-75.65610471623708,6.168851777732649],[-75.65611092325399,6.168834303458368],[-75.65611713212674,6.168816839119277],[-75.65612333919728,6.168799375693314],[-75.65612817339597,6.168781391162233],[-75.65613116222913,6.168762869802807],[-75.65613629098318,6.168728218869173],[-75.65607530847214,6.16863422621496],[-75.65606146932772,6.16861790605569],[-75.65604845133574,6.168604864340759],[-75.65603398489193,6.168593174147877],[-75.65601804206713,6.168583756825335],[-75.65600211767635,6.1685738693131995],[-75.65598568929961,6.16856489738751],[-75.6559841900861,6.168564036995715],[-75.65598351973499,6.168563650702017],[-75.65596927849418,6.16855546341279],[-75.65595383875883,6.1685451314086865],[-75.65593840842958,6.16853433016405],[-75.65592150267155,6.168525811729189],[-75.65590456450873,6.16851822280066],[-75.65588760877073,6.168511095015699],[-75.65587116372454,6.168502584224577],[-75.65585471871475,6.168494080664802],[-75.65583779628169,6.168486022461914],[-75.65582136031416,6.168477520663613],[-75.65580442211274,6.168469923594548],[-75.65578746638101,6.1684627967091386],[-75.6557705349572,6.168454746684392],[-75.65575361252576,6.168446688477746],[-75.65573667342677,6.168439092314177],[-75.65571973527187,6.168431504281451],[-75.65570277863382,6.168424376492834],[-75.65568531397766,6.168418624463267],[-75.6556678375838,6.168412873395576],[-75.65565089942993,6.168405285359855],[-75.6556369176069,6.168393141620369],[-75.65563563024196,6.168391289350531],[-75.65562629571738,6.168377860399544],[-75.65561994997404,6.168360406250645],[-75.65561594943965,6.168342104173223],[-75.65561288757922,6.168323835382916],[-75.6556102874278,6.168305593218531],[-75.6556100238967,6.168286955185145],[-75.65561023200574,6.168268342824226],[-75.65560949782869,6.1682496971940015],[-75.65560947535916,6.168248087223685],[-75.6556092361005,6.168231058247523],[-75.65560663504776,6.168212816087336],[-75.65560216612137,6.168194958417377],[-75.65559440247547,6.168177915441787],[-75.65558234026967,6.168163985698483],[-75.65556980063177,6.168150499503997],[-75.6555533722682,6.168141526652066],[-75.65553641745201,6.1681343997481575],[-75.6555189500964,6.168128647721752],[-75.65550094816294,6.168124742587929],[-75.65548245799806,6.168121289192817],[-75.65546450508505,6.168115981658022],[-75.65544704048916,6.168110239559255],[-75.65542956410609,6.168104488478212],[-75.65541260928676,6.168097360665121],[-75.65539565266566,6.168090233764294],[-75.6553786969436,6.168083105954232],[-75.65536175785863,6.168075509771373],[-75.6553443071775,6.168069296597597],[-75.65532735326724,6.168062169680314],[-75.65530991108959,6.168055487269518],[-75.65529247889303,6.168048813848517],[-75.65527503580357,6.168042129632685],[-75.65525860071259,6.168033618762519],[-75.65524461082768,6.168021484989199],[-75.65523159377122,6.168008443234687],[-75.65522000804846,6.167994058180635],[-75.65520891959517,6.167979222245772],[-75.65519829773211,6.167963941911384],[-75.65518720028365,6.167949113252675],[-75.65518488478695,6.167945043090397],[-75.65523511226931,6.167935916812232],[-75.65523149457388,6.167930280126788],[-75.65519192391825,6.167868634367277],[-75.65516730527932,6.167851445806064],[-75.6551541729205,6.167842276595873],[-75.65514394294826,6.167835133314507],[-75.65514303260619,6.167833533195334],[-75.6551338452808,6.16781737059985],[-75.65513233325187,6.167815024037582],[-75.65496473758105,6.167711348994474],[-75.65491376818791,6.167684118720168],[-75.65483470558411,6.167648837970242],[-75.65471333239002,6.167606097431795],[-75.65461970917305,6.167573404255266],[-75.65451215123603,6.167535843598919],[-75.6544761716144,6.167523279709221],[-75.65447591031675,6.167523229481919],[-75.65440827375458,6.167509997115895],[-75.65440662456746,6.167509674460902],[-75.65437126831223,6.167502757665335],[-75.65428283591451,6.1675019409837315],[-75.6541810185717,6.167513619663867],[-75.65407957181957,6.167528436188885],[-75.65390505945437,6.167557006521275],[-75.6538479252446,6.167573534065481],[-75.65382116087551,6.167579486728147],[-75.6537280984336,6.167597594581504],[-75.6537277520865,6.167597697559494],[-75.65372770969637,6.167597710427237],[-75.65372765444921,6.167597680869454],[-75.65372765467413,6.167597726070047],[-75.65362011614368,6.1676267047431335],[-75.65345047978148,6.167669298439109],[-75.65341487881574,6.167680014181022],[-75.65338774833542,6.1676851875648495],[-75.65336717516657,6.167687354901496],[-75.65322246768719,6.1676918620950945],[-75.65320773911318,6.167693378326532],[-75.65313881897585,6.1677059397767815],[-75.65309637977872,6.167713673715495],[-75.65308441222668,6.167715855116317],[-75.65307041799315,6.167717003359387],[-75.65304908867672,6.167716427995217],[-75.65299443331759,6.167708507057211],[-75.65295574200091,6.167699388281193],[-75.6529029149445,6.167684579422529],[-75.6528702712643,6.1676807616001925],[-75.65283428216235,6.167672470102616],[-75.65281631262424,6.167667632641482],[-75.65279694617439,6.167663433155563],[-75.65275903633102,6.167656339123158],[-75.65274854383948,6.16765143909478],[-75.65268887952418,6.167634929430987],[-75.65262372858315,6.1676247563522155],[-75.652615197267,6.1676227928001035],[-75.65252672442814,6.167605518077099],[-75.6524827014878,6.1675959430653835],[-75.6524611123069,6.167591247473912],[-75.65239400737838,6.1675552440609245],[-75.65239308537973,6.167554749626316],[-75.65238970732705,6.167554248441395],[-75.6522915241359,6.167539680808926],[-75.65216447285171,6.167517819447079],[-75.65208616453677,6.167517055936149],[-75.6520488717294,6.167519064215433],[-75.65202105449391,6.167520558815935],[-75.65197229305463,6.167523178384408],[-75.65192148427464,6.167524606682097],[-75.65179989072215,6.16752802380613],[-75.65164665551573,6.167538042442674],[-75.65161319132827,6.167547969963678],[-75.65155554265696,6.167566613488222],[-75.65151788353602,6.167567438365805],[-75.65151790194551,6.167574048583472],[-75.65150026024062,6.167576831364231],[-75.65137061683897,6.167599196391417],[-75.65132464305616,6.167606755236363],[-75.65131188241583,6.167608212799442],[-75.65126679540529,6.167613359776842],[-75.65122272686898,6.167617330953035],[-75.65120282203853,6.167619125129892],[-75.65115612935445,6.167626344911835],[-75.65109858424755,6.167633122408331],[-75.65102654045698,6.1676349727663125],[-75.6510198185028,6.167635027026551],[-75.6509908983697,6.167635257801236],[-75.65090848440657,6.167635919436343],[-75.65085851892994,6.167632924510512],[-75.65082103148498,6.167630675667177],[-75.6507900126288,6.167632462781223],[-75.65074174690679,6.167635239790046],[-75.65070808669618,6.167637177462466],[-75.65067525026805,6.167641657702331],[-75.65064729547335,6.1676454708691715],[-75.65057839714575,6.167654462765461],[-75.6505277214403,6.167655964405113],[-75.65044628063036,6.167660150484293],[-75.65037330603484,6.16766410546634],[-75.6502679875581,6.167675323540922],[-75.65023842221666,6.167675505053015],[-75.65017893438838,6.1676850693273595],[-75.65015089684866,6.16769386593277],[-75.65014413838605,6.167695845058166],[-75.65011415599024,6.167704624221007],[-75.65005523902111,6.167724004386097],[-75.65002387455178,6.16773241072835],[-75.64997680276026,6.167736244878209],[-75.64993802712868,6.167735435283664],[-75.64989001555816,6.167734651762642],[-75.64985122323483,6.167728301402332],[-75.64980685775573,6.167710880816377],[-75.64974120994223,6.167676897502014],[-75.64967403010716,6.167633447491282],[-75.64964270411063,6.167607053616136],[-75.64958219624576,6.167547483044861],[-75.64954285842329,6.167499689785322],[-75.64946657691536,6.167419825199591],[-75.64940301673701,6.167336217866017],[-75.64932573721497,6.167224178093778],[-75.64926946361642,6.167160707161851],[-75.6492376958541,6.1671381105890175],[-75.64922755958096,6.16713109054106],[-75.64921042672063,6.1671226633612575],[-75.64920519024588,6.167120087593025],[-75.64919569070761,6.167115415777731],[-75.64917646589333,6.1671100899077835],[-75.64916147552613,6.167107827546811],[-75.64915302263186,6.1671074682064395],[-75.64914035028076,6.167109427920374],[-75.64908841785793,6.167129250550081],[-75.64897532698083,6.167178922269885],[-75.64897393670809,6.16717944358333],[-75.64896973703485,6.1671810176116075],[-75.64896462387614,6.167181992286951],[-75.64895706479264,6.167182818211027],[-75.6488551277452,6.167193954969793],[-75.648810460198,6.1672075533036725],[-75.64879891169075,6.167210092333021],[-75.64874087139403,6.1672228531445095],[-75.64864952004379,6.167240387523116],[-75.64859599017495,6.167250126288947],[-75.64857610397503,6.167244219678019],[-75.64850082414372,6.167228893681176],[-75.64843132573029,6.167183269013975],[-75.64840187028115,6.167148462691549],[-75.64836911443555,6.167066030880581],[-75.64832125842605,6.166947575920261],[-75.64829373837144,6.1668948663323455],[-75.648254235748,6.1668218537755655],[-75.64823363505039,6.166788288034023],[-75.64817825771759,6.166722463762886],[-75.64809953497587,6.16664188232986],[-75.64800447027376,6.1665631603754365],[-75.64789054612908,6.166481377067803],[-75.64792276887424,6.166383101572174],[-75.64792282403273,6.1663829313387195],[-75.64783059838959,6.166254338391218],[-75.64774277435767,6.166094233153168],[-75.6477218177156,6.165961450908496],[-75.64771788955139,6.16593655784714],[-75.64771222676086,6.165900678492305],[-75.64767822883934,6.165677851025787],[-75.64767765103343,6.1656777282367],[-75.64750420991172,6.16564071115957],[-75.64733256880325,6.165613478521332],[-75.64721544568465,6.16559489501835],[-75.64721449378153,6.165594744254652],[-75.64716337478919,6.165586632339408],[-75.64715153157753,6.165584752939813],[-75.64706737960952,6.165548061264545],[-75.64698865998606,6.165513737374157],[-75.64696154716414,6.16550191619529],[-75.64687329828395,6.165452368608138],[-75.64669757621488,6.165408394212513],[-75.64646579399668,6.16540907486475],[-75.64611533534553,6.165447529049187],[-75.64590694444273,6.1654411167843035],[-75.64585522389588,6.165440300606174],[-75.6457004913635,6.165437864374364],[-75.64567622098264,6.16543748047213],[-75.6456564194936,6.1654371683920415],[-75.64564946697993,6.165437724556104],[-75.64558604195956,6.165442791217198],[-75.64555193669666,6.165445515429329],[-75.64544341329658,6.165454184464917],[-75.64540406080008,6.165458171456044],[-75.64520543303328,6.165478292826824],[-75.64513990572557,6.165487850302851],[-75.64503748668844,6.165499440639303],[-75.6448637293485,6.165519102087121],[-75.64458524524068,6.165562067103134],[-75.64434525707196,6.1655886133394455],[-75.64426666206774,6.165616613845686],[-75.64426573693484,6.165616943893286],[-75.64420477612673,6.165586684518975],[-75.64420469017,6.165586290783798],[-75.64419432717628,6.165538249957597],[-75.64415680721878,6.1653643115764885],[-75.64411409570315,6.165113545512099],[-75.64409965111365,6.165028744926733],[-75.64409899768421,6.165028126189878],[-75.64405034895238,6.164982059062029],[-75.64390276288769,6.164952050580866],[-75.64387754890583,6.164946448623312],[-75.64381008615435,6.164931459952852],[-75.64375764345617,6.164919807675996],[-75.64364271335342,6.164894273864968],[-75.64358946342732,6.1648770313656325],[-75.64358892371969,6.16487639398264],[-75.64357291355553,6.164857354765304],[-75.64355447190033,6.1648354274481925],[-75.64353876886359,6.164816754649539],[-75.64351209946443,6.164766252532245],[-75.6434942438729,6.164732438675792],[-75.64349084365847,6.164705218584195],[-75.64336823692763,6.164529863410959],[-75.64336799718312,6.164529787757034],[-75.64335068848416,6.164524498210014],[-75.64300877998417,6.1644200149004815],[-75.64268205640369,6.16430782858537],[-75.64254857242562,6.164291303064125],[-75.64240576213693,6.1642992392361755],[-75.64218641281794,6.164318615033722],[-75.6420154171193,6.16432851253916],[-75.64180863816873,6.164312202045273],[-75.64151538058509,6.164286746443724],[-75.64132634263585,6.164281500963825],[-75.64119862312135,6.164308189602752],[-75.64114237871807,6.164355344894908],[-75.64111110382545,6.164374040063531],[-75.64108234346678,6.164391233805971],[-75.64105756674346,6.16440371400568],[-75.64099977241554,6.164432827750064],[-75.64094730887975,6.1644406926451785],[-75.6408700410957,6.164414410920491],[-75.64077411152034,6.1643864958685475],[-75.6406547160569,6.16434335187315],[-75.6405593776367,6.164284666523169],[-75.64045132794325,6.164201096155514],[-75.64037417002017,6.164165610622849],[-75.64027835537865,6.164177167246171],[-75.64011949842275,6.164218968262351],[-75.63995238809825,6.164272086282058],[-75.6397496473806,6.164351623409897],[-75.63967069317364,6.1643443347672395],[-75.63960666204922,6.1642994118406635],[-75.63954409571663,6.164255514967127],[-75.63954263363925,6.164254487984263],[-75.63954235703088,6.1642540816307045],[-75.63954233977053,6.164254061827244],[-75.63954134249762,6.164252591367791],[-75.63948103141327,6.164163897849814],[-75.63943568553216,6.164081326496725],[-75.6393453820692,6.163922725311513],[-75.63931322661075,6.163846306604952],[-75.6393127567315,6.163846089249806],[-75.63919779147169,6.16379279305828],[-75.63905918316127,6.163760034505694],[-75.63887659121656,6.163750287441692],[-75.63869397635126,6.163749793326565],[-75.63850436717722,6.163770096991279],[-75.63830596752773,6.163790285011666],[-75.63816262887518,6.1638109244669455],[-75.63788163877678,6.16386942340373],[-75.63776503665615,6.163893957913979],[-75.63763891808306,6.163905085507005],[-75.63744787612556,6.163904568517812],[-75.63723280581182,6.163896184960066],[-75.63710330143735,6.163940902752914],[-75.63703019199919,6.164005024287134],[-75.63694722334671,6.1640638788250195],[-75.63686924079072,6.164111211922049],[-75.63674682603408,6.164166317323919],[-75.6366673498008,6.16418685643576],[-75.6365540532986,6.164200202165405],[-75.63646943578186,6.164205433161918],[-75.63643127996554,6.164186216622499],[-75.63643123116913,6.164185847108903],[-75.63641791972196,6.164079673939761],[-75.63640499514514,6.1638133750109985],[-75.63639828859132,6.163694589341984],[-75.63639855968985,6.163636097988319],[-75.63639875295587,6.163594398782823],[-75.63639914184198,6.163509281767285],[-75.63636907710953,6.163515908927139],[-75.63636323199033,6.163517197185857],[-75.63636195432701,6.163517478337932],[-75.63636168046894,6.163516713965402],[-75.6363614432192,6.1635160461447525],[-75.63631407566973,6.163371180109776],[-75.63625391408118,6.163257962041471],[-75.63622246295739,6.163209205098565],[-75.63620671556349,6.163184795091837],[-75.63620636958387,6.163184607857764],[-75.6361590876893,6.163159116222281],[-75.6360688993553,6.1631509170051855],[-75.63602979395222,6.163147363189504],[-75.63596154781428,6.163135790888704],[-75.63590568885985,6.163126318877301],[-75.63585365762428,6.163117496919377],[-75.63572811938815,6.163067260733449],[-75.63572764580157,6.163066658268458],[-75.63566520500632,6.162986839611304],[-75.63566966289439,6.162890288823357],[-75.63570705587988,6.162730896637117],[-75.63573757856014,6.162600789788626],[-75.63584119490659,6.162324870178176],[-75.63584922340928,6.1623034904365275],[-75.63586306842767,6.162266616392337],[-75.6358886749384,6.162198427651433],[-75.63588879618837,6.162198104306926],[-75.63588800415175,6.162197767398623],[-75.6358293814294,6.1621727810932345],[-75.63568674003493,6.162111985139412],[-75.63536756434883,6.161975947650854],[-75.63451585808406,6.161607302934445],[-75.63365084515883,6.1612651691427995],[-75.63314335685958,6.161083469230758],[-75.63277648348873,6.160947323538227],[-75.63257373638757,6.160875758669274],[-75.63221230511657,6.1607655652656765],[-75.63212793084955,6.160739842204872],[-75.63206219854288,6.160759195218019],[-75.63205921120446,6.160760075144424],[-75.63193452042987,6.160796793149821],[-75.63185007748538,6.160846385882297],[-75.63174404709495,6.160908656911249],[-75.63171565775109,6.1609253294400865],[-75.63162360968408,6.1609831042898096],[-75.63161146916202,6.160990724800064],[-75.63155620195236,6.161025414846826],[-75.631421078767,6.1610915930334365],[-75.63129477419358,6.1611106429131555],[-75.63120504533036,6.161124176509107],[-75.63107576595502,6.1611077986304],[-75.63091971495285,6.161049796566345],[-75.63078046733654,6.160990054383992],[-75.63049079552829,6.160904432011272],[-75.63034932211211,6.160890132846109],[-75.62998235700499,6.160895448560523],[-75.62995141535706,6.160895895944466],[-75.62994029309044,6.160896056594253],[-75.629933474909,6.160895836195716],[-75.62983910816207,6.160892799482894],[-75.62958383820528,6.160888475415283],[-75.6294864481115,6.160840128017657],[-75.62936782142359,6.160803997834541],[-75.62927347265841,6.1607556389973475],[-75.62914565651539,6.160695223327392],[-75.62893876790058,6.160613757992273],[-75.62878284723877,6.160554497865726],[-75.6287562245626,6.160544379008436],[-75.62851723246857,6.160453215790686],[-75.6284455793839,6.160422032129981],[-75.62841924910026,6.160410572002859],[-75.62834379046483,6.160377733685982],[-75.62828598646998,6.16035662337469],[-75.6282251284138,6.16032944564638],[-75.62807907983299,6.160269080640081],[-75.62797262767333,6.160238994197118],[-75.62786926683575,6.1602271353719615],[-75.62773556898902,6.1602336029508304],[-75.62763844346135,6.16027643567247],[-75.62753050072389,6.16032654327579],[-75.62744411419824,6.160361640400366],[-75.62730679497098,6.160422262253466],[-75.62718471435284,6.16048292560591],[-75.62701249564347,6.160567415551026],[-75.62688257893578,6.160628449266773],[-75.62672780039433,6.160701844552778],[-75.62656690052222,6.16076006107726],[-75.62642727272055,6.160818215246955],[-75.62628151587896,6.160858150356799],[-75.62609323789418,6.160907326423937],[-75.6259109844417,6.160938249738848],[-75.62574696626508,6.160969118430863],[-75.62560568631707,6.160975878759565],[-75.62552668177551,6.160979145517895],[-75.62541124285795,6.160994677122336],[-75.6251012723847,6.160998613074875],[-75.62459646513258,6.160914551924843],[-75.62459661602179,6.160914008748783],[-75.6247980209368,6.1602027362435825],[-75.62480270090454,6.159927816279354],[-75.62484635489179,6.159640917365738],[-75.62492834046131,6.159297902199151],[-75.62501426629059,6.159070337173492],[-75.62508386483994,6.158848397113132],[-75.62511551982723,6.158778791776781],[-75.62513850296783,6.158715006044887],[-75.62517013240554,6.158636711966208],[-75.62520457409542,6.158529446265021],[-75.62523908269432,6.158445352969765],[-75.62525917783725,6.158384470821035],[-75.62533113405847,6.158230755439617],[-75.62534641762431,6.158137939552687],[-75.62535447822839,6.158088988702184],[-75.62536246426814,6.1580404884384246],[-75.62535887318167,6.157933961462267],[-75.62541092736657,6.157658211716625],[-75.62547984360106,6.157306828037603],[-75.62549637495866,6.157222537586982],[-75.62550827185906,6.157160362334088],[-75.6255158006695,6.157121016978072],[-75.62559038509194,6.156731233744455],[-75.62538269913388,6.156404404188688],[-75.62536083691136,6.156367429271256],[-75.62530275204126,6.156269195773119],[-75.62527600881266,6.155475857458598],[-75.62526927999839,6.155333660142562],[-75.62526902208383,6.155328229850205],[-75.6252673714738,6.1552934110677],[-75.625272058462,6.155256240391229],[-75.62527389899243,6.155241641697635],[-75.62528322777295,6.155167661285665],[-75.62521639724505,6.1549757546093575],[-75.62518483728903,6.154902685966156],[-75.62514285802843,6.154840100471101],[-75.62504014105149,6.154676469223962],[-75.62492212166896,6.154517427155863],[-75.62482515395573,6.154410581972648],[-75.62473559804477,6.1542981087155875],[-75.62473351675408,6.1542951373790045],[-75.62473188218507,6.15429282018916],[-75.62472811638447,6.154287478569059],[-75.62472328451878,6.1542806251879965],[-75.62471973884676,6.1542755961921625],[-75.6247173462322,6.1542721354847965],[-75.62471394097133,6.154267372494522],[-75.62469238767987,6.1542368002990715],[-75.62457997042571,6.154077344482135],[-75.62457890435702,6.15407583181654],[-75.62455147700314,6.1539032189078196],[-75.62474556402236,6.15382278609835],[-75.62489276963585,6.153761782357345],[-75.62517740998507,6.153643823303309],[-75.62562835069531,6.153519279020526],[-75.62579211288183,6.1534740498627905],[-75.6260497025574,6.153409651384102],[-75.62631314654419,6.153333545425519],[-75.62652975692426,6.153239875363632],[-75.62677563806527,6.153023265357679],[-75.62699810203618,6.15286519956848],[-75.62723227522292,6.152812510441145],[-75.62768891162796,6.1528125099736375],[-75.62796991931464,6.152800802140718],[-75.62812213140835,6.152771529792222],[-75.62825092586306,6.152712989198532],[-75.62849095311385,6.152642736669807],[-75.62870756267863,6.1525841920561275],[-75.62893588080524,6.152549066135428],[-75.62951545787367,6.152508087308444],[-75.62958651915044,6.152508087092162],[-75.6297368190102,6.152508087025015],[-75.62975218206735,6.15250500897735],[-75.63067122705284,6.152320881368636],[-75.63099426325648,6.152278952256881],[-75.6315469061244,6.152150972685779],[-75.63180428983374,6.152094405685208],[-75.63185036633861,6.152084279156838],[-75.6318710649436,6.152079730079049],[-75.63198294838081,6.15205514063356],[-75.63207964891585,6.15203388784684],[-75.63223522098912,6.151985682502555],[-75.6323243062184,6.151959147803151],[-75.63237636362469,6.1519419464841345],[-75.63242757333573,6.151925025981049],[-75.63243625742714,6.151923388411919],[-75.63249530524156,6.151905091256866],[-75.6329695049582,6.151694335653809],[-75.63302287808176,6.15165836696816],[-75.63307648527068,6.151622240725107],[-75.63328715616667,6.151480266618264],[-75.63350810181701,6.151331368304107],[-75.63377154626137,6.151009380826645],[-75.63386132642518,6.150815339469715],[-75.63386161510095,6.150814714251904],[-75.6339530299007,6.150617140860046],[-75.63396530928274,6.150534867895408],[-75.63396889701177,6.150510832332688],[-75.63397593952243,6.150463644214992],[-75.63400250158706,6.150285678653381],[-75.63401157275526,6.150224901717728],[-75.63402328238244,6.149897060289165],[-75.634011573017,6.149785827839742],[-75.63391205023768,6.149738995409873],[-75.63377988134803,6.1496981433358435],[-75.63359006334095,6.149639471053336],[-75.63343989773377,6.1495657541335245],[-75.63326807465349,6.149481405651938],[-75.63285241931433,6.149159419343309],[-75.6323723649706,6.1489662235507945],[-75.63210203848062,6.148712584854838],[-75.63206382567536,6.14867673140951],[-75.6318981649106,6.1485212971652725],[-75.63135371422784,6.148129057024955],[-75.63104343510457,6.147912447964305],[-75.63079755359708,6.147643151584869],[-75.6306558863176,6.147477872710039],[-75.63051654572355,6.147315307113307],[-75.63039360605194,6.147122114598843],[-75.6303184282243,6.146993238848361],[-75.63028661102527,6.14693869586742],[-75.63015642457147,6.14671551986991],[-75.63014772422041,6.146700604264704],[-75.63007161834496,6.146495704964618],[-75.62992525995837,6.146162006738605],[-75.6297730476344,6.145910271425428],[-75.62963254484356,6.145605848090159],[-75.62961498166048,6.14539509241738],[-75.62963254484188,6.145061397239003],[-75.62953302064474,6.144686718915016],[-75.62933397356863,6.144189101691954],[-75.62911151021984,6.143820280422297],[-75.62896328054106,6.143662486623306],[-75.62885024239854,6.143542155380892],[-75.62874854343848,6.143433895290998],[-75.6285904755399,6.1432348489298745],[-75.62857876769614,6.143070927595644],[-75.6286373114376,6.14278406583806],[-75.62864987319418,6.142746378297919],[-75.6287192709076,6.142538188102839],[-75.62881879506007,6.142227906999802],[-75.62886562932341,6.14183566683356],[-75.62882270136903,6.141485641566776],[-75.62880890865438,6.141373181035658],[-75.6287895231922,6.14121511141589],[-75.62870604592233,6.14089511555198],[-75.62861966996081,6.14056400679557],[-75.62850851628002,6.140137917004402],[-75.62841484743659,6.139874470727029],[-75.62832117789063,6.139751531421861],[-75.62823057209066,6.139743653951884],[-75.62818652795062,6.1397398238400465],[-75.62779428893747,6.139587609098369],[-75.62744888520255,6.139388563555043],[-75.6272498383807,6.139207079709337],[-75.62714446016098,6.139037303359502],[-75.62713275077395,6.138896800368882],[-75.62712104332758,6.138727025002046],[-75.62716202294133,6.138621649726783],[-75.62725406576415,6.138474965165682],[-75.62751425829886,6.138089880301661],[-75.62754866374321,6.1380294100395965],[-75.62785771068135,6.137486234807127],[-75.62805545695456,6.137153189380291],[-75.62815953366415,6.136924222116826],[-75.62816994056283,6.136684843692621],[-75.6281179032395,6.136226906064574],[-75.62780567336371,6.135269402145557],[-75.62754548138061,6.134457601606698],[-75.62733732671136,6.134072518140538],[-75.62693142780523,6.133645805750598],[-75.62637982066262,6.1330005299982675],[-75.6260402282621,6.132495729645486],[-75.62599473702986,6.13242810703394],[-75.62547435380715,6.131834868226921],[-75.6249747852302,6.131439376274923],[-75.62462092454415,6.131283263289569],[-75.62405267253173,6.131042479594092],[-75.62400687191477,6.131023072399223],[-75.62360097197471,6.130731658280717],[-75.62309099573531,6.130533909187452],[-75.62268509718086,6.130367385901179],[-75.62221675189521,6.130180048201617],[-75.62215557095806,6.130128280294564],[-75.62208145183627,6.1300655642825435],[-75.62200910449046,6.129920869560825],[-75.62198778294885,6.12987822735367],[-75.62179003688948,6.129482735926758],[-75.62155583615278,6.129199230263893],[-75.62155514196259,6.129198387462252],[-75.62139454610097,6.129003980750695],[-75.62102066262543,6.128650872021295],[-75.62101986863459,6.128650122824536],[-75.62069723184057,6.128265036846344],[-75.6204058170664,6.127848728905987],[-75.62013195778653,6.127611880039259],[-75.62013138995638,6.127611387391082],[-75.6200207326119,6.127515684068835],[-75.61973972626815,6.127349161327432],[-75.61944831112287,6.127276307335507],[-75.61928931631847,6.127295386225287],[-75.61918811916213,6.1273075296249715],[-75.61886548064014,6.127422014424063],[-75.61873696112389,6.127497245503726],[-75.618669157232,6.127536935997163],[-75.6185235943472,6.127622143464125],[-75.61843876602659,6.127671799412554],[-75.61814735066807,6.127713428622639],[-75.61805086373148,6.127702795438386],[-75.61782861643361,6.127678302580418],[-75.61763305020146,6.127586632322254],[-75.6176328809033,6.127586551783721],[-75.61732904817964,6.127444130948563],[-75.61678264480791,6.127092871792481],[-75.61619721374986,6.126718197217826],[-75.61582790176689,6.126589559869854],[-75.61575624376918,6.126564600361845],[-75.61562227046075,6.126517934640218],[-75.61550250119085,6.126476217110411],[-75.61491706977206,6.126320104019103],[-75.61428480399745,6.126195209859763],[-75.61380865339817,6.126124958235438],[-75.61346519898257,6.126007872354338],[-75.61325444400119,6.125765892843329],[-75.61304368806586,6.125305357431732],[-75.61284073860976,6.124899454320797],[-75.61281993243861,6.124824231778899],[-75.6127984643,6.124746614880499],[-75.61273926380674,6.124532584030134],[-75.6126924300844,6.124056435302476],[-75.61250509067433,6.123697370313841],[-75.61213041454353,6.123400749266979],[-75.6121032967653,6.123387195621418],[-75.61210327047101,6.1233871749560045],[-75.61178696197979,6.123229025121425],[-75.61150595467548,6.123065102433067],[-75.61138285376613,6.122936139332848],[-75.61131634507299,6.12286646318607],[-75.6112400133969,6.12278649776402],[-75.61101419235412,6.122549922829093],[-75.61053023504311,6.121980102399894],[-75.61010575698316,6.121618254253735],[-75.61005408404445,6.121574204616152],[-75.60954670967482,6.121207331959605],[-75.60926570327291,6.120988770955494],[-75.60890663826501,6.120863880019212],[-75.60884838240203,6.120833163748733],[-75.60847732239276,6.120637514243172],[-75.60828217774099,6.120434563172084],[-75.60809483966248,6.120145749943374],[-75.60800117075759,6.11983351886216],[-75.60788408425289,6.1194900683345566],[-75.6077669975456,6.1192871162452045],[-75.60756404843427,6.119045137716922],[-75.60745476819719,6.118795353854973],[-75.60738023193254,6.118479673539579],[-75.60732206983324,6.118233340670057],[-75.60709570304596,6.117562044625509],[-75.60690055892276,6.117327874842331],[-75.60659613540817,6.1171483422892425],[-75.6063463501184,6.116968809995759],[-75.6059950909337,6.116726829703437],[-75.60595365391009,6.116698009315108],[-75.60595289897655,6.116697484099066],[-75.60585421575895,6.116628847000486],[-75.6059879997415,6.116474059160271],[-75.60617100320026,6.116254399563776],[-75.606382533552,6.116133623285737],[-75.60650194102237,6.1160944859472774],[-75.60650415131292,6.116093760097994],[-75.60664360473477,6.116048053185463],[-75.6067801273691,6.115980585070329],[-75.6067815078104,6.115979903932474],[-75.60700328581893,6.115870305388051],[-75.6072147581116,6.115728323368235],[-75.60739091737946,6.11558644227771],[-75.60751766084594,6.115451769702987],[-75.60763614512994,6.115361623728049],[-75.60771602162892,6.115300850375654],[-75.60784731598405,6.115200957791438],[-75.60799983830067,6.11512538007198],[-75.60808258881089,6.115094052701171],[-75.60821970536468,6.1150625670329415],[-75.60838017737342,6.11505174698448],[-75.60854328977159,6.115059056896319],[-75.6086494502009,6.115066527712483],[-75.60869859077226,6.115050842988452],[-75.60876579617283,6.115014373678651],[-75.60882529203064,6.114998657623873],[-75.60887444958048,6.11498815401705],[-75.60892876108277,6.114969862138534],[-75.60895976712499,6.1149490454173225],[-75.60903212824019,6.114904786906705],[-75.60917165535987,6.114811110286784],[-75.60933195732757,6.114740691090733],[-75.60942480260563,6.1147109716740395],[-75.60948714194228,6.114691017045145],[-75.60949249359388,6.114689540012207],[-75.60949696036322,6.114688305952855],[-75.60957250316275,6.114667456319074],[-75.60963709032139,6.114620629114864],[-75.60964976448763,6.114610420276416],[-75.6096521118209,6.114608529314178],[-75.60966759667875,6.11459605840231],[-75.60967517670458,6.114589952565072],[-75.60971457485789,6.114558220017924],[-75.60983859962863,6.114474949417136],[-75.60989291815692,6.114459247593469],[-75.60997057965587,6.114459026567429],[-75.61006122259417,6.114471724836343],[-75.61020574706761,6.114496873282327],[-75.61044590925934,6.114510328297647],[-75.61076363635651,6.11448114825801],[-75.61103977805115,6.1144508267916615],[-75.61119994899417,6.1144369038036785],[-75.61134215524346,6.114425106793891],[-75.61158146168772,6.114451364319612],[-75.61172680240759,6.11446233893857],[-75.6121322897683,6.114428372821032],[-75.61229376290224,6.114427641633524],[-75.61247492920043,6.114429203137293],[-75.61267761755397,6.114440286356972],[-75.61290665175359,6.114443159877621],[-75.61336463486481,6.114291346696133],[-75.6135663637679,6.114032608151737],[-75.61384271825814,6.113754560870492],[-75.61394384714941,6.113669997077156],[-75.61412833686182,6.113527665613166],[-75.61414435038567,6.113479220258519],[-75.61416852166151,6.113380554233179],[-75.6142136326903,6.113205015006243],[-75.61427835637427,6.113081770829704],[-75.61435255804835,6.112803949820133],[-75.61455897507095,6.112435414397564],[-75.61476458868728,6.112219658795186],[-75.61481272026894,6.1121840060352],[-75.61485627643529,6.112150268652219],[-75.61489466038388,6.112120537033942],[-75.61499538701814,6.1120341390425805],[-75.61505447011238,6.111978797618435],[-75.61514313724048,6.111915317557809],[-75.61532586555089,6.111795078183584],[-75.61546693162609,6.111696473313974],[-75.61591860534884,6.111508333964797],[-75.61599524938556,6.1114866258231295],[-75.61608804109402,6.11146623130559],[-75.61618890358315,6.11144447302496],[-75.61632203093966,6.111410523642923],[-75.61645652570624,6.111387347614498],[-75.61666099309446,6.111368067226557],[-75.6168183036323,6.1113179121847505],[-75.61696478698343,6.111342744823067],[-75.61709091688009,6.111358000381046],[-75.61721858502037,6.111375687571899],[-75.61733227754172,6.111372892583399],[-75.61746070443071,6.1113354237402095],[-75.61755203069141,6.111290643659086],[-75.61768285810209,6.111228438811571],[-75.61785564002082,6.111143851107475],[-75.61802484893902,6.111036454138925],[-75.61816537902037,6.110909917781595],[-75.6183723919852,6.110694146686173],[-75.6184585440584,6.1105677631797795],[-75.61853101463942,6.110440149920479],[-75.61856310109398,6.110378862785044],[-75.61860693457211,6.110327212652891],[-75.61862810050145,6.1102759893982395],[-75.61864099682981,6.110237986742628],[-75.61866710864348,6.110210703326568],[-75.61869257575385,6.110178630626089],[-75.61871406922687,6.11014684217865],[-75.6187630439215,6.110093188006123],[-75.61880528613548,6.110053654617562],[-75.61885530484629,6.1100176263463],[-75.61888929596127,6.109998274730029],[-75.61892016085528,6.109991134124197],[-75.61894934470182,6.1099958412858655],[-75.61898117501448,6.110010032704417],[-75.61902126295148,6.110023027584346],[-75.6190607122497,6.110033036748982],[-75.6191044456333,6.110041410379399],[-75.6191741956157,6.110052510423677],[-75.61923447566019,6.110064020948853],[-75.61932600964546,6.110085611289269],[-75.6194060551974,6.110096322095445],[-75.61945536673736,6.110097445062995],[-75.61950601757152,6.110092780033114],[-75.61955592727928,6.110081701592779],[-75.61960158159005,6.110067016802666],[-75.61967257840384,6.110040147410108],[-75.61973481855398,6.1100147500163065],[-75.61980164689959,6.109982466628088],[-75.6198821128669,6.109951320960177],[-75.61992872442016,6.109923616638556],[-75.61996506202401,6.109903900046279],[-75.62002179789437,6.109879781587881],[-75.62009824405438,6.109832013564902],[-75.62016570716597,6.10980081735124],[-75.62021106923234,6.109779172691675],[-75.62026007176955,6.109766922445324],[-75.62032470729228,6.109757332563533],[-75.62039196284171,6.109749007336485],[-75.6204525598469,6.109749012025779],[-75.62049552356218,6.109740665100385],[-75.62053384607235,6.109734064843895],[-75.62059386657127,6.109707479422403],[-75.62066678328276,6.109657191769097],[-75.62075244013594,6.109609037042924],[-75.62083295391943,6.109563068090709],[-75.62091354940742,6.109513662404875],[-75.62097546097152,6.1094679251893425],[-75.62103839801941,6.109433395110667],[-75.62109926072883,6.1094000468045655],[-75.62116600589677,6.109370388201284],[-75.62120398512157,6.109356177409184],[-75.62125434017908,6.109343105944334],[-75.62129052517874,6.109332698233517],[-75.62133500905502,6.1093195559505675],[-75.62137158125873,6.1093181851273775],[-75.6214078940952,6.109321422650451],[-75.62147025204385,6.109337154703186],[-75.62157710432719,6.10937436170604],[-75.62169709301585,6.109426449596043],[-75.62176208103249,6.109445877224925],[-75.62182696231596,6.109459522102326],[-75.62188811366985,6.109464140061291],[-75.62194817908906,6.109467401798477],[-75.62201068141076,6.109469933817771],[-75.62204882312531,6.109481125315119],[-75.6221018877602,6.109499773002121],[-75.62216963757693,6.109506361222894],[-75.62222583571216,6.109515237010493],[-75.62229590703,6.109512236295001],[-75.62237398210598,6.109497277416259],[-75.62243950759714,6.10948389315503],[-75.62248630304234,6.109473599943804],[-75.62256013820125,6.1094444942381045],[-75.6226358299064,6.109417340367921],[-75.62271014169926,6.109381510652025],[-75.62280430072161,6.109337943884954],[-75.62284871326823,6.109347262251413],[-75.62289574732004,6.109356664554538],[-75.62293336386594,6.1093420015924655],[-75.62299329072934,6.109297175255536],[-75.62304498533123,6.109278770398131],[-75.62310119362483,6.1092600750035135],[-75.62314433694185,6.10925136359174],[-75.62320274364814,6.109243242165474],[-75.6232727733272,6.109225594907355],[-75.62330432785981,6.109221378968268],[-75.62330678748776,6.109221050543326],[-75.62333154171353,6.109217742921024],[-75.62337648618261,6.109207399919468],[-75.62340805264603,6.109193026832052],[-75.62344407779864,6.1091743033541],[-75.62347371483874,6.109132455434508],[-75.62348102263338,6.109123367439019],[-75.62348256140606,6.109121455079456],[-75.62349918171701,6.109100789474146],[-75.6235382757367,6.109054029758597],[-75.62356113742491,6.109000230727125],[-75.62357898495006,6.108954860287328],[-75.62360810702218,6.108893706028299],[-75.62367618396958,6.108795798842087],[-75.62375163383479,6.108714968566963],[-75.6238214720844,6.1086398847476255],[-75.62390256033923,6.108563080739122],[-75.6239505499444,6.108532824557612],[-75.62399146301891,6.108507029180973],[-75.62414058617983,6.108381376831649],[-75.62432798029904,6.108266046392166],[-75.62452585025143,6.108168079618655],[-75.62477229992118,6.108038667581639],[-75.62502806710036,6.107938774432506],[-75.62505936299856,6.10792655065625],[-75.6251546896464,6.107842844194974],[-75.62562243137515,6.107432103001393],[-75.62592972529644,6.107301984006788],[-75.62638842155353,6.107303488980988],[-75.62669140943379,6.107360616888893],[-75.6270745830257,6.10742234769137],[-75.62732199489362,6.107452158615241],[-75.62744380826987,6.107451808317763],[-75.62765871059952,6.107460731561081],[-75.62780652757745,6.10746772428857],[-75.6278979536435,6.107450502686205],[-75.628016213392,6.107338254956551],[-75.62808532536907,6.10727018991615],[-75.62817162295885,6.107185200148373],[-75.62834396231445,6.107028705820149],[-75.62842842827646,6.106947075421426],[-75.62853198025155,6.106885563646809],[-75.62870121769274,6.106785312070187],[-75.62879368889665,6.106732067770222],[-75.62893101996038,6.106633665441217],[-75.62904985581692,6.1065459074475275],[-75.629173932627,6.106439593436399],[-75.62933027130394,6.106248300679202],[-75.62935360568794,6.106165652850201],[-75.62942393356356,6.106029776932074],[-75.62950801189263,6.1060749481720356],[-75.62954275943261,6.106093616920047],[-75.62973919974552,6.106199157364725],[-75.6297434874127,6.106190873352463],[-75.629784611065,6.106212967090842],[-75.63028959310785,6.106484273310472],[-75.63046784022644,6.106587146807392],[-75.63047769653926,6.106591722818202],[-75.63069997030067,6.106706336008913],[-75.630707316474,6.106711062614664],[-75.63089136490888,6.106829468969611],[-75.63104051367212,6.106916183595491],[-75.63107477427357,6.106946832365628],[-75.63115642644334,6.10701392931711],[-75.63129114967764,6.107063150169398],[-75.63135559103033,6.107074675160531],[-75.63148627265397,6.1070980453863415],[-75.63158898058138,6.107097753335378],[-75.63162241813521,6.1070976565737745],[-75.63166067686326,6.1070975452527065],[-75.63171293759858,6.107097393418512],[-75.6319006447053,6.107096851597915],[-75.6320292419989,6.1071631616620445],[-75.63210925663185,6.107119136824801],[-75.63218006210265,6.107258063798832],[-75.63233258635213,6.107557330929226],[-75.63247604423408,6.107785752989123],[-75.63251387265193,6.107845985477407],[-75.63252849808852,6.1078692727268935],[-75.632743385911,6.108141611687662],[-75.63295526855461,6.108460406266948],[-75.63308081333079,6.108679461127641],[-75.63304633898466,6.108726692159002],[-75.63323100371613,6.1091449161577245],[-75.63351019762058,6.109476395132607],[-75.63361006496861,6.109594963751947],[-75.63372460441065,6.109646794879555],[-75.63399099060099,6.109755410095318],[-75.63402988841233,6.109805601244051],[-75.6348352825931,6.110844821171037],[-75.63468071634469,6.110875034801429],[-75.63467685771705,6.110912095333693],[-75.63465849814335,6.110962421568195],[-75.63463484200635,6.111010121293254],[-75.6346005845533,6.111068058020035],[-75.63454701254628,6.111171280168409],[-75.63452042155305,6.111210234047767],[-75.63449075358837,6.111245358996206],[-75.63445876685176,6.111320664039383],[-75.63442985006363,6.111370496902569],[-75.63442136742877,6.11140357427048],[-75.63441834885849,6.111443605917373],[-75.63442280404522,6.111480641060741],[-75.6344300723315,6.111512987570521],[-75.63444119967124,6.111551728484477],[-75.6344519067686,6.111581374008426],[-75.63446702812455,6.11161385377881],[-75.63448613801701,6.111645965931171],[-75.63450382456676,6.11167366877989],[-75.6345287164291,6.111711806091228],[-75.63454894206454,6.111742315311717],[-75.6345654957266,6.111767192228346],[-75.63458288189533,6.111793310841368],[-75.63460025997283,6.11181943672515],[-75.63462214988654,6.111851539753338],[-75.63464090362925,6.111882112234893],[-75.6346551854333,6.111917441151543],[-75.63466648517871,6.11195227842361],[-75.63467945342985,6.11198809835025],[-75.63469001079537,6.112026266162543],[-75.63469171404792,6.1120575966774515],[-75.63468977375952,6.112095747127735],[-75.634692663801,6.112131871419747],[-75.63470837886454,6.112154810538674],[-75.63472150581842,6.112178396992129],[-75.63472780340527,6.11220432588044],[-75.63472421847447,6.112236957038759],[-75.63471543744717,6.1122808455889155],[-75.63446250070578,6.112556130541185],[-75.63448529888309,6.112588705544758],[-75.63449638764848,6.112625643055835],[-75.63451371656676,6.112716075109757],[-75.63452507578076,6.112771726017788],[-75.63454286984414,6.112819717900142],[-75.63461603087498,6.112870444188657],[-75.63463633749204,6.112895525075085],[-75.63472353525077,6.1128953459970505],[-75.63480611484458,6.112862494619209],[-75.63484174005748,6.112857382862028],[-75.63488471036062,6.112851218018467],[-75.63497267268492,6.112828816339124],[-75.63504801621222,6.112816894810215],[-75.63507545529363,6.112801922052066],[-75.63507915755865,6.112799902326145],[-75.63516028840577,6.112766506545998],[-75.63524045500228,6.112744256082296],[-75.63528174254428,6.112722582373725],[-75.63532141312278,6.112700308171161],[-75.63540038561632,6.112662370166393],[-75.63543341066388,6.1126473356387665],[-75.63546082527779,6.112628847143643],[-75.63549790578718,6.112599261942751],[-75.63552001116621,6.112577223981827],[-75.63556842372834,6.112534648958407],[-75.63562512164465,6.112484944638523],[-75.63564046760943,6.112443016417554],[-75.63566894366963,6.112419590222433],[-75.63571609976188,6.112353019776651],[-75.63575911795928,6.112307407396942],[-75.63579445108333,6.112298548843877],[-75.63584548341719,6.1122817200134705],[-75.63587422626749,6.112248778300157],[-75.63589585079819,6.1122198520385265],[-75.63591568701828,6.112190930935299],[-75.63593134011366,6.112140717416539],[-75.63594911776804,6.112087970275195],[-75.63597911729926,6.112029279620402],[-75.63600718614404,6.1119769322023245],[-75.63605178662372,6.1119126787187605],[-75.63609712158139,6.111857315658965],[-75.6361111570521,6.111829789941631],[-75.63613202732624,6.111796056038774],[-75.63616379978417,6.11174510619084],[-75.63620567683557,6.111744794033258],[-75.63632433900138,6.111729492963597],[-75.63636218693533,6.1117243973576825],[-75.63639253681113,6.111712353867891],[-75.63642589398916,6.111689360254562],[-75.63646319926553,6.111681902316398],[-75.63650080882412,6.111639389326187],[-75.63654089644719,6.111632587630407],[-75.63656762900632,6.111630686318723],[-75.63659197845412,6.111621496513715],[-75.63661067102585,6.111594390021727],[-75.63665602865841,6.111588481873884],[-75.63671204811796,6.111561468836758],[-75.63673428477985,6.1115456003464335],[-75.63675853122548,6.111524050900547],[-75.63679008512153,6.11150815295643],[-75.63682904868215,6.111502362966443],[-75.63685579808937,6.11150593195375],[-75.63689835131869,6.111511279386367],[-75.63693935660194,6.111497110598856],[-75.63697095721326,6.111497019691016],[-75.63700579844314,6.111496918300399],[-75.63704507901731,6.11149112854819],[-75.63707269373445,6.111478852555438],[-75.63710666492413,6.111457681176413],[-75.63712483417373,6.111436958920018],[-75.63713365605592,6.111405321870491],[-75.63715576760039,6.111377008866479],[-75.63719647033436,6.111346625651458],[-75.63723043878313,6.111320841833345],[-75.63730139557686,6.111349206093677],[-75.63737963814121,6.111288096267731],[-75.6373937977853,6.111264178898094],[-75.63741807429464,6.111229971724374],[-75.63745297588426,6.11121767803364],[-75.63748793820969,6.111225707930366],[-75.63752782993723,6.111253228390998],[-75.63757013668432,6.111272611415135],[-75.63759938717108,6.111272524780118],[-75.63762944807783,6.111282628201228],[-75.63767626193537,6.111259463614366],[-75.63774046967215,6.111229875360373],[-75.63777168106179,6.111224273443632],[-75.63782039676114,6.11123699560465],[-75.63784585088499,6.111247922614882],[-75.63786144876882,6.111296150174318],[-75.63786248325367,6.111299349942197],[-75.63786271985649,6.1113000801546375],[-75.63788290323961,6.111362493202073],[-75.63790050869316,6.111416937072573],[-75.63791978464872,6.111454524015598],[-75.6379488167871,6.1114863675597775],[-75.63799361317268,6.1115049120134435],[-75.63808885501015,6.111529749550398],[-75.63821806070682,6.11156344629509],[-75.63829451076494,6.111567115595139],[-75.63835740064046,6.111570130948184],[-75.63839528809092,6.11157385308831],[-75.6384555181428,6.111578361415189],[-75.63849455656478,6.111581407996996],[-75.63855923197396,6.111627155163724],[-75.63860592305316,6.111658735637866],[-75.63865208728231,6.111699100600297],[-75.63868776332033,6.1117117709788396],[-75.63872232985462,6.11170004387914],[-75.63876271125783,6.1116748866347494],[-75.63880074593445,6.11165668579897],[-75.6388257013128,6.111642883199844],[-75.63884458905508,6.111625587333505],[-75.63886749054195,6.11159869971078],[-75.6389349149998,6.111572905176112],[-75.63897957818156,6.111565751766174],[-75.63901643138216,6.111542008593104],[-75.63904597783359,6.111531919860437],[-75.63908001559194,6.111529695060044],[-75.63910844598365,6.11153440380948],[-75.63914761155188,6.111559150441463],[-75.63919331237534,6.111587341927589],[-75.63924217335783,6.111611455101152],[-75.63929068723655,6.111620406410046],[-75.6393380725468,6.111614524247598],[-75.63937532980844,6.11160835281913],[-75.6394059142027,6.111599775053955],[-75.63944649332498,6.111589349135126],[-75.63948011787704,6.111585009063005],[-75.63951618311178,6.111585509012349],[-75.63954742065808,6.111593906916156],[-75.63958558002676,6.111613669924351],[-75.6396306820711,6.111604109544523],[-75.63971627433855,6.111626408590519],[-75.63975637465099,6.1116524279870275],[-75.63978213337009,6.111641662616315],[-75.63983509643924,6.111674199353158],[-75.639859163606,6.111689060230147],[-75.63991252633542,6.111730158110965],[-75.63993885910692,6.111750438451348],[-75.64000357518584,6.111755662247998],[-75.64001100572234,6.111716059280995],[-75.64005784587434,6.111725911028199],[-75.64011585875795,6.1117674778306075],[-75.64015743464111,6.111758455462931],[-75.64016774538021,6.111756217908498],[-75.64022851623031,6.11177302922816],[-75.64029102254317,6.111789374563578],[-75.64036426853808,6.111807149743316],[-75.64042964645294,6.111823012650908],[-75.64050268196641,6.111854772612173],[-75.64059106586751,6.111874644868904],[-75.64069185526866,6.111889754194161],[-75.64080414574865,6.111915131157631],[-75.6408416889415,6.111923617307638],[-75.64088144194194,6.111932040157269],[-75.64098241314358,6.111934317418597],[-75.64097145506565,6.1119095453128205],[-75.64106757087569,6.111896031973624]],[[-75.64168489495314,6.1586402860107805],[-75.64160472933258,6.1588833572503905],[-75.64148958415508,6.159232493281627],[-75.64168489495314,6.1586402860107805]],[[-75.63914190012669,6.155987872389176],[-75.63910720697329,6.155955066272466],[-75.6391561371282,6.156001335507178],[-75.63914190012669,6.155987872389176]],[[-75.64259662696016,6.156052085679173],[-75.64253434933244,6.156203872834235],[-75.6425085887865,6.156266658728432],[-75.64259662696016,6.156052085679173]],[[-75.63641862284695,6.129553483719952],[-75.63640552496683,6.12957698380329],[-75.63638557149483,6.129612784646591],[-75.63641862284695,6.129553483719952]],[[-75.64131342518968,6.112112889697136],[-75.6414309146421,6.112236023286647],[-75.64138792090048,6.112190963750082],[-75.64131342518968,6.112112889697136]],[[-75.64728637930428,6.158618049661773],[-75.64737256163774,6.15866590108717],[-75.64740167997613,6.158677311040183],[-75.64737256254098,6.158665901082686],[-75.64728637930428,6.158618049661773]],[[-75.63785980781196,6.148631413145889],[-75.63785979579642,6.148631174537082],[-75.63786031004696,6.148641677012111],[-75.63785990122672,6.14863332202973],[-75.63785980781196,6.148631413145889]],[[-75.6361817631367,6.1362216328184545],[-75.63616311348655,6.13629391017485],[-75.63618679228385,6.136202143900418],[-75.6361817631367,6.1362216328184545]],[[-75.63606883680845,6.135947975165874],[-75.63622368155649,6.135982285860022],[-75.63602766748816,6.135938852698333],[-75.63606883680845,6.135947975165874]],[[-75.63807687112099,6.134573748177435],[-75.6379841873563,6.134539393737603],[-75.63803478400928,6.134558148345524],[-75.63807687112099,6.134573748177435]],[[-75.63750585214696,6.13266596513844],[-75.63750507047169,6.13266643909306],[-75.6375182193802,6.132658469340302],[-75.63750585214696,6.13266596513844]],[[-75.63878858030317,6.1204799240093495],[-75.6387837512709,6.120401086913559],[-75.63878495904765,6.12042080997173],[-75.63878858030317,6.1204799240093495]],[[-75.63886452192811,6.114037907059814],[-75.63886435822747,6.114038598555478],[-75.63887178957552,6.114007254016128],[-75.63886452192811,6.114037907059814]],[[-75.63922196183503,6.114101699399243],[-75.63917657657821,6.114092905626882],[-75.63930298812448,6.1141173995538765],[-75.63922196183503,6.114101699399243]],[[-75.63787407677272,6.148833148344507],[-75.63787035551783,6.148898033834869],[-75.6378722627547,6.148864785354425],[-75.63787407677272,6.148833148344507]],[[-75.64813533758495,6.147637629085245],[-75.64811679743244,6.147796773953022],[-75.64812305143195,6.14774309367508],[-75.64813533758495,6.147637629085245]],[[-75.63990186756044,6.140454171094042],[-75.63987416440628,6.140483547368402],[-75.63988371238534,6.140473422848556],[-75.63990186756044,6.140454171094042]],[[-75.63992026519014,6.140432064977266],[-75.63995757225244,6.1403872354667755],[-75.63990186756044,6.140454171094042],[-75.63992026519014,6.140432064977266]],[[-75.64009499543967,6.140411082894448],[-75.64004178046399,6.1403725141675904],[-75.64006464191834,6.140389083645885],[-75.64008792307575,6.14040595752178],[-75.64009499543967,6.140411082894448]],[[-75.64465955281825,6.111226999553647],[-75.64463258367422,6.111585145655554],[-75.64462542934962,6.11168015773417],[-75.64465955281825,6.111226999553647]],[[-75.64048438982263,6.118446097642547],[-75.6404426711461,6.118479104363727],[-75.64047637520468,6.1184524391723585],[-75.64048438982263,6.118446097642547]],[[-75.64402411504939,6.133704484180106],[-75.6440433811691,6.133694455415386],[-75.64406153645433,6.133685004395049],[-75.64398816934222,6.133723195472217],[-75.64402411504939,6.133704484180106]],[[-75.64394444180877,6.132909566524011],[-75.64407272614766,6.132877268067232],[-75.64396674914819,6.1329039498499185],[-75.64394444180877,6.132909566524011]],[[-75.64354919903025,6.133326673324796],[-75.6435897590899,6.133214815689194],[-75.64357756593795,6.133248441177971],[-75.64354919903025,6.133326673324796]],[[-75.6434023956924,6.133194779646129],[-75.64347280829631,6.1333574353702875],[-75.64342594999265,6.13324918977041],[-75.6434023956924,6.133194779646129]],[[-75.64307095084791,6.132661281422545],[-75.64310041896199,6.132710833902417],[-75.64307338898975,6.13266538097383],[-75.64307095084791,6.132661281422545]],[[-75.64265680036956,6.133003131840196],[-75.64271036867544,6.132977565992208],[-75.64265992902295,6.133001638287919],[-75.64265680036956,6.133003131840196]],[[-75.64191562125453,6.133342043228519],[-75.64195732460072,6.1333351025019],[-75.64195222446038,6.133335951067008],[-75.64191562125453,6.133342043228519]],[[-75.63957418340628,6.1285936336027795],[-75.63958498795837,6.128612957682875],[-75.63951849581878,6.1284940335252305],[-75.63957418340628,6.1285936336027795]],[[-75.64161526504091,6.127920648199111],[-75.64161731158471,6.127924838298258],[-75.64161162997702,6.127913204140438],[-75.64161526504091,6.127920648199111]],[[-75.64164677777052,6.1266266966499945],[-75.64153027313883,6.126624086812051],[-75.64157908487341,6.126625180610516],[-75.64164677777052,6.1266266966499945]],[[-75.64172704799626,6.128075617983294],[-75.64170860805821,6.128041551770591],[-75.64171474354814,6.128052886795353],[-75.64172704799626,6.128075617983294]],[[-75.64826686895428,6.163581513940474],[-75.64825909018553,6.163582293011429],[-75.64826686937755,6.163581513984052],[-75.64826686895428,6.163581513940474]],[[-75.64822032769996,6.163584081302757],[-75.64821321113317,6.163586883031386],[-75.64820288638764,6.1635879170381624],[-75.64821321203642,6.163586883026896],[-75.64822032769996,6.163584081302757]],[[-75.64714801930582,6.161161716230205],[-75.64733202862745,6.1612159713101695],[-75.64765063644596,6.161309911294173],[-75.64714801930582,6.161161716230205]],[[-75.64702881801597,6.1611251214719145],[-75.64702792344825,6.161129428236725],[-75.64702801961242,6.161128965795154],[-75.64702881801597,6.1611251214719145]],[[-75.62240054205438,6.116986666242819],[-75.62241988608358,6.117000155213319],[-75.62237388963597,6.116968080636728],[-75.62240054205438,6.116986666242819]],[[-75.62712858989752,6.116898727404239],[-75.6271309359507,6.11691915026749],[-75.62713283860798,6.116935706851263],[-75.62712858989752,6.116898727404239]],[[-75.62678518071245,6.11659981964037],[-75.62670792728511,6.116550846189378],[-75.62674922448721,6.1165770262539105],[-75.62678518071245,6.11659981964037]],[[-75.62723094229291,6.115417229747603],[-75.62722491656574,6.1154306464702675],[-75.62722319748406,6.115434474511931],[-75.62723094229291,6.115417229747603]],[[-75.62723747146374,6.114966303328472],[-75.62722282664267,6.114962937764263],[-75.62719854097885,6.114957356519214],[-75.62722282573947,6.114962937768681],[-75.62723747146374,6.114966303328472]],[[-75.62656226191258,6.1150649996064885],[-75.62656821275515,6.11506547044078],[-75.62658495480018,6.115066793449372],[-75.62656226191258,6.1150649996064885]],[[-75.6346844004495,6.1133146768775015],[-75.6347312011265,6.113309035670892],[-75.63473910399205,6.113308082911416],[-75.6346844004495,6.1133146768775015]],[[-75.63412401214173,6.15081200578139],[-75.63411979649213,6.150810911863427],[-75.63420877905662,6.150834007056426],[-75.63412401214173,6.15081200578139]]]}}]}